Customer_ID,Age,Gender,City,Annual_Income,Purchase_Frequency,Total_Spending,Average_Order_Value,Max_Single_Spend,Total_Items_Count,Discount_Usage_Rate,Preferred_Category,Days_Since_Last_Purchase,Customer_Lifetime_Days,Monthly_Purchase_Rate
CUST-1000,33,Male,Paris,87428.19,2,291.74,145.87,158.14,5,0.0,Bath & Body,75,369,0.16
CUST-1001,28,Female,Tokyo,71217.52,4,335.7,83.92,158.6,8,0.0375,Makeup,203,263,0.46
CUST-1002,30,Female,Milan,94775.22,3,327.53,109.18,124.18,4,0.0333,Bath & Body,380,114,0.79
CUST-1003,33,Female,Milan,92679.65,1,168.96,168.96,168.96,4,0.1,Fragrance,143,1,30.0
CUST-1004,35,Male,Paris,53606.44,2,199.83,99.92,139.13,4,0.075,Fragrance,78,83,0.72
CUST-1005,25,Female,New York,95696.25,5,730.16,146.03,245.68,13,0.0,Skincare,218,224,0.67
CUST-1006,18,Male,Milan,90441.02,7,947.16,135.31,180.85,22,0.0357,Bath & Body,12,374,0.56
CUST-1007,38,Female,Milan,87756.31,2,268.78,134.39,135.68,5,0.075,Makeup,55,120,0.5
CUST-1008,40,Female,Dubai,100700.54,1,120.74,120.74,120.74,1,0.1,Fragrance,139,1,30.0
CUST-1009,28,Female,Tokyo,105695.09,4,510.47,127.62,161.59,12,0.0875,Bath & Body,412,118,1.02
CUST-1010,45,Female,Los Angeles,92555.19,2,254.16,127.08,156.27,6,0.025,Makeup,266,121,0.5
CUST-1011,42,Female,Los Angeles,101774.91,4,334.78,83.7,121.72,11,0.0375,Skincare,28,352,0.34
CUST-1012,30,Female,London,123596.92,2,231.75,115.88,192.9,7,0.05,Haircare,258,167,0.36
CUST-1013,49,Female,Tokyo,74626.58,4,476.87,119.22,199.93,11,0.075,Bath & Body,131,371,0.32
CUST-1014,21,Male,Dubai,49686.35,5,700.41,140.08,210.44,9,0.05,Bath & Body,24,433,0.35
CUST-1016,35,Female,Milan,122788.24,4,557.87,139.47,200.84,9,0.05,Fragrance,44,182,0.66
CUST-1017,33,Female,Milan,25168.27,1,185.03,185.03,185.03,4,0.0,Haircare,88,1,30.0
CUST-1018,31,Female,London,65432.03,5,496.81,99.36,170.34,13,0.05,Fragrance,108,74,2.03
CUST-1019,31,Female,Los Angeles,48707.63,5,528.85,105.77,183.07,10,0.02,Bath & Body,83,336,0.45
CUST-1020,43,Male,Dubai,108096.87,3,285.35,95.12,120.37,5,0.0333,Bath & Body,27,231,0.39
CUST-1021,18,Female,London,65268.73,7,938.45,134.06,239.07,22,0.0571,Bath & Body,49,460,0.46
CUST-1022,42,Female,Milan,74395.55,4,491.78,122.94,155.15,8,0.0375,Bath & Body,48,419,0.29
CUST-1023,18,Female,New York,88600.95,4,631.3,157.83,215.58,7,0.0875,Haircare,159,387,0.31
CUST-1024,56,Female,Paris,49843.27,2,237.1,118.55,134.3,4,0.0,Fragrance,46,57,1.05
CUST-1025,20,Male,Dubai,87845.88,3,346.3,115.43,165.52,9,0.1167,Bath & Body,20,467,0.19
CUST-1026,25,Female,Milan,87794.47,1,150.94,150.94,150.94,2,0.0,Bath & Body,527,1,30.0
CUST-1027,18,Female,London,76637.12,3,339.78,113.26,130.93,5,0.0167,Fragrance,43,146,0.62
CUST-1028,18,Female,Dubai,119207.46,1,122.08,122.08,122.08,2,0.0,Haircare,544,1,30.0
CUST-1029,18,Female,London,77379.83,2,366.13,183.06,207.85,6,0.075,Skincare,210,135,0.44
CUST-1030,25,Female,Tokyo,35958.9,2,259.08,129.54,133.43,7,0.075,Bath & Body,8,352,0.17
CUST-1031,30,Male,New York,64104.44,1,50.05,50.05,50.05,4,0.0,Bath & Body,343,1,30.0
CUST-1032,38,Female,Paris,90946.2,4,484.48,121.12,150.94,10,0.0125,Makeup,161,328,0.37
CUST-1033,18,Non-Binary,Dubai,65805.39,2,267.08,133.54,155.13,3,0.025,Bath & Body,131,218,0.28
CUST-1034,25,Female,New York,70420.15,4,569.32,142.33,170.45,11,0.1,Bath & Body,199,262,0.46
CUST-1035,49,Female,Tokyo,88439.85,1,113.57,113.57,113.57,1,0.1,Bath & Body,20,1,30.0
CUST-1036,23,Female,Los Angeles,88016.72,4,455.14,113.78,210.93,12,0.1125,Skincare,84,325,0.37
CUST-1037,18,Female,Dubai,92826.83,1,154.53,154.53,154.53,4,0.0,Skincare,108,1,30.0
CUST-1038,21,Male,London,76512.27,4,384.15,96.04,171.73,13,0.0375,Fragrance,144,351,0.34
CUST-1039,33,Non-Binary,Paris,97762.81,3,342.8,114.27,148.59,3,0.0,Makeup,46,233,0.39
CUST-1040,42,Female,Tokyo,57469.32,3,331.84,110.61,195.81,11,0.0333,Fragrance,39,287,0.31
CUST-1041,29,Male,New York,94156.07,4,501.35,125.34,198.85,7,0.075,Bath & Body,74,259,0.46
CUST-1042,20,Female,Los Angeles,42587.46,3,184.2,61.4,104.75,9,0.0333,Fragrance,22,448,0.2
CUST-1043,51,Male,Los Angeles,66307.6,2,329.1,164.55,194.3,6,0.05,Haircare,121,47,1.28
CUST-1044,28,Male,London,87503.58,2,274.87,137.44,222.72,6,0.0,Fragrance,99,227,0.26
CUST-1045,24,Female,London,65159.71,2,253.69,126.84,139.12,5,0.0,Haircare,463,52,1.15
CUST-1046,24,Female,Dubai,30936.93,3,383.87,127.96,173.89,6,0.05,Fragrance,49,195,0.46
CUST-1047,34,Female,London,50101.3,4,379.21,94.8,131.33,11,0.0625,Fragrance,91,423,0.28
CUST-1048,42,Female,Tokyo,100305.61,5,351.34,70.27,98.41,11,0.07,Bath & Body,13,416,0.36
CUST-1049,26,Female,Los Angeles,43549.5,2,203.72,101.86,163.96,7,0.1,Bath & Body,210,269,0.22
CUST-1050,24,Female,New York,101130.19,2,308.2,154.1,180.74,8,0.05,Fragrance,148,221,0.27
CUST-1051,41,Female,Los Angeles,85852.48,1,77.18,77.18,77.18,1,0.15,Haircare,219,1,30.0
CUST-1052,51,Female,Paris,60250.54,3,394.67,131.56,174.92,11,0.05,Makeup,34,486,0.19
CUST-1053,21,Female,New York,120480.58,5,655.52,131.1,158.94,11,0.08,Makeup,141,318,0.47
CUST-1055,43,Female,Paris,66299.67,3,212.89,70.96,129.93,7,0.05,Fragrance,224,294,0.31
CUST-1056,58,Female,New York,100871.13,3,317.23,105.74,157.77,6,0.1,Fragrance,94,422,0.21
CUST-1057,26,Male,New York,75720.97,2,190.77,95.38,124.19,5,0.0,Haircare,29,99,0.61
CUST-1058,35,Female,Tokyo,39225.84,2,273.97,136.99,155.77,7,0.125,Fragrance,84,317,0.19
CUST-1059,47,Female,Los Angeles,67258.5,4,357.51,89.38,128.01,12,0.05,Makeup,93,359,0.33
CUST-1060,34,Male,Tokyo,62811.2,4,380.15,95.04,165.46,8,0.075,Bath & Body,97,173,0.69
CUST-1061,34,Female,Paris,20000.0,2,241.28,120.64,162.2,3,0.0,Haircare,3,219,0.27
CUST-1062,18,Male,Paris,96375.04,2,199.09,99.54,116.17,6,0.1,Bath & Body,506,15,4.0
CUST-1063,22,Female,Paris,52688.6,6,690.41,115.07,196.62,21,0.0583,Haircare,97,363,0.5
CUST-1064,28,Female,Los Angeles,65214.95,3,461.04,153.68,170.88,9,0.0,Bath & Body,131,216,0.42
CUST-1065,29,Female,Los Angeles,86523.89,3,363.87,121.29,157.86,7,0.0167,Bath & Body,78,151,0.6
CUST-1066,27,Female,New York,105492.77,6,791.67,131.95,209.15,10,0.0167,Fragrance,57,385,0.47
CUST-1068,24,Female,Tokyo,78521.07,2,183.75,91.88,129.48,2,0.05,Fragrance,18,453,0.13
CUST-1069,22,Female,Paris,64196.36,2,266.29,133.15,191.24,3,0.075,Fragrance,10,143,0.42
CUST-1070,25,Female,Los Angeles,44354.46,2,362.45,181.23,220.71,3,0.0,Bath & Body,156,288,0.21
CUST-1071,27,Male,Los Angeles,82011.61,2,181.35,90.68,93.98,5,0.0,Haircare,420,27,2.22
CUST-1072,45,Female,Dubai,97154.78,3,432.89,144.3,251.83,8,0.0833,Fragrance,26,462,0.19
CUST-1073,26,Female,London,96938.69,4,613.56,153.39,184.77,12,0.1,Skincare,126,324,0.37
CUST-1074,40,Female,London,98663.78,1,161.05,161.05,161.05,2,0.0,Makeup,353,1,30.0
CUST-1075,40,Female,Milan,86082.27,3,347.52,115.84,129.87,8,0.05,Makeup,90,208,0.43
CUST-1076,31,Female,Los Angeles,74525.03,2,192.66,96.33,112.53,6,0.05,Haircare,102,113,0.53
CUST-1077,27,Female,Dubai,125080.17,2,253.53,126.76,131.14,3,0.0,Fragrance,69,297,0.2
CUST-1078,31,Non-Binary,Paris,80933.11,3,386.37,128.79,148.69,9,0.1167,Fragrance,106,245,0.37
CUST-1079,28,Female,London,58163.16,3,415.27,138.42,172.21,4,0.1,Bath & Body,37,204,0.44
CUST-1080,26,Female,Dubai,88410.35,5,646.6,129.32,182.94,9,0.06,Haircare,9,394,0.38
CUST-1081,29,Female,Tokyo,39842.88,3,411.6,137.2,178.29,6,0.0,Bath & Body,31,415,0.22
CUST-1082,33,Female,London,87202.38,2,271.69,135.84,208.38,4,0.1,Fragrance,318,218,0.28
CUST-1083,35,Female,Tokyo,46547.61,7,718.79,102.68,169.53,23,0.0286,Bath & Body,154,260,0.81
CUST-1084,18,Female,Tokyo,72664.15,3,467.52,155.84,194.91,11,0.0667,Fragrance,346,170,0.53
CUST-1085,29,Female,Los Angeles,94066.74,5,421.74,84.35,115.77,12,0.03,Skincare,218,323,0.46
CUST-1086,33,Female,Tokyo,63261.2,7,807.13,115.3,170.21,19,0.0214,Haircare,177,318,0.66
CUST-1087,40,Female,London,65164.43,1,239.15,239.15,239.15,2,0.2,Skincare,276,1,30.0
CUST-1088,26,Female,Milan,83102.1,2,170.78,85.39,100.75,4,0.075,Fragrance,26,113,0.53
CUST-1089,36,Female,New York,36576.3,2,170.66,85.33,133.39,2,0.0,Haircare,5,101,0.59
CUST-1090,34,Female,Tokyo,67732.23,5,765.04,153.01,200.97,12,0.06,Haircare,84,301,0.5
CUST-1091,30,Female,Tokyo,82143.5,2,198.04,99.02,145.12,7,0.1,Haircare,29,220,0.27
CUST-1092,42,Female,Tokyo,127211.07,4,563.34,140.84,197.55,8,0.025,Makeup,9,363,0.33
CUST-1093,25,Female,Paris,74272.2,4,427.81,106.95,123.1,10,0.05,Bath & Body,69,469,0.26
CUST-1095,48,Female,Los Angeles,112227.28,3,399.62,133.21,175.71,6,0.0333,Fragrance,42,491,0.18
CUST-1096,27,Female,Los Angeles,98079.07,3,599.62,199.87,224.31,8,0.1,Bath & Body,36,110,0.82
CUST-1097,22,Non-Binary,Los Angeles,101249.61,3,408.02,136.01,227.86,7,0.05,Skincare,52,328,0.27
CUST-1098,39,Female,Dubai,59076.94,2,272.34,136.17,165.89,6,0.075,Fragrance,224,190,0.32
CUST-1099,48,Female,Paris,79039.11,4,404.72,101.18,153.31,9,0.0375,Bath & Body,23,394,0.3
CUST-1100,34,Female,Milan,77863.59,2,285.09,142.55,156.05,7,0.075,Bath & Body,49,287,0.21
CUST-1101,43,Female,Milan,71990.47,2,218.44,109.22,203.44,4,0.2,Skincare,40,160,0.38
CUST-1102,34,Female,Milan,65229.6,2,374.67,187.33,187.64,7,0.125,Skincare,91,361,0.17
CUST-1103,47,Female,Milan,96349.4,3,259.75,86.58,140.74,9,0.1667,Fragrance,204,236,0.38
CUST-1104,42,Female,Tokyo,70017.31,3,284.04,94.68,151.99,7,0.0667,Haircare,82,258,0.35
CUST-1105,35,Female,London,68896.08,5,842.76,168.55,238.83,13,0.02,Haircare,57,471,0.32
CUST-1106,18,Female,Los Angeles,105411.49,5,449.17,89.83,139.91,8,0.0,Makeup,31,138,1.09
CUST-1107,36,Male,Los Angeles,81449.05,3,236.88,78.96,104.37,7,0.0333,Bath & Body,109,298,0.3
CUST-1108,21,Non-Binary,Los Angeles,83502.24,5,585.53,117.11,176.35,16,0.01,Bath & Body,175,296,0.51
CUST-1109,37,Female,Tokyo,85380.24,1,96.24,96.24,96.24,2,0.0,Bath & Body,209,1,30.0
CUST-1110,25,Female,Milan,85149.14,4,408.55,102.14,162.2,8,0.05,Fragrance,157,360,0.33
CUST-1111,35,Male,Milan,109138.16,2,159.14,79.57,88.49,2,0.0,Fragrance,337,6,10.0
CUST-1112,39,Non-Binary,New York,77982.79,1,130.87,130.87,130.87,1,0.05,Fragrance,121,1,30.0
CUST-1113,36,Male,Los Angeles,70797.66,2,241.36,120.68,140.25,6,0.025,Skincare,222,277,0.22
CUST-1114,50,Female,Milan,69421.01,6,809.31,134.89,176.81,14,0.05,Bath & Body,34,383,0.47
CUST-1115,36,Female,London,73037.12,2,134.15,67.08,87.72,7,0.0,Bath & Body,6,296,0.2
CUST-1116,32,Female,Dubai,88977.73,6,891.01,148.5,201.38,15,0.025,Skincare,104,390,0.46
CUST-1117,19,Female,Los Angeles,103561.94,4,513.28,128.32,182.77,10,0.0375,Bath & Body,170,344,0.35
CUST-1118,28,Female,London,87589.93,1,259.2,259.2,259.2,4,0.1,Fragrance,530,1,30.0
CUST-1119,22,Female,Paris,72152.98,2,337.78,168.89,190.52,5,0.05,Bath & Body,334,181,0.33
CUST-1120,47,Female,Dubai,37953.86,1,127.88,127.88,127.88,4,0.0,Skincare,383,1,30.0
CUST-1121,53,Female,Tokyo,81815.84,2,259.13,129.56,137.11,3,0.025,Haircare,331,186,0.32
CUST-1122,26,Female,Dubai,105191.64,4,396.05,99.01,153.95,5,0.0625,Makeup,212,146,0.82
CUST-1123,28,Female,Dubai,70099.83,2,134.27,67.14,97.4,6,0.0,Fragrance,63,163,0.37
CUST-1124,20,Male,Milan,74693.83,2,163.04,81.52,87.9,7,0.05,Bath & Body,249,165,0.36
CUST-1125,38,Male,Paris,83672.32,4,482.16,120.54,142.07,6,0.075,Makeup,145,372,0.32
CUST-1126,28,Male,Los Angeles,66238.86,2,185.96,92.98,94.71,6,0.0,Bath & Body,450,29,2.07
CUST-1128,30,Female,New York,50795.33,2,284.84,142.42,211.92,6,0.15,Bath & Body,15,256,0.23
CUST-1129,45,Male,Los Angeles,71276.32,6,619.28,103.21,145.43,17,0.0333,Bath & Body,51,324,0.56
CUST-1130,48,Male,Tokyo,60414.69,5,547.62,109.52,172.73,12,0.01,Fragrance,8,528,0.28
CUST-1131,29,Male,Tokyo,48561.72,4,354.59,88.65,112.71,5,0.0375,Bath & Body,188,223,0.54
CUST-1132,32,Male,New York,97292.51,3,425.12,141.71,181.84,10,0.0333,Bath & Body,219,159,0.57
CUST-1133,46,Female,Los Angeles,73345.96,3,446.43,148.81,191.11,6,0.0167,Fragrance,64,355,0.25
CUST-1134,18,Male,New York,70743.54,5,708.23,141.65,187.31,14,0.05,Haircare,147,233,0.64
CUST-1135,21,Female,London,66432.14,6,756.26,126.04,164.1,15,0.1167,Skincare,75,389,0.46
CUST-1136,37,Female,London,44455.37,1,101.4,101.4,101.4,4,0.05,Skincare,499,1,30.0
CUST-1137,18,Female,New York,69767.08,7,843.26,120.47,204.56,21,0.0429,Fragrance,2,471,0.45
CUST-1139,18,Non-Binary,Milan,39813.41,5,514.71,102.94,147.93,12,0.04,Makeup,100,280,0.54
CUST-1140,18,Female,London,62517.57,6,443.99,74.0,108.38,13,0.0333,Fragrance,21,320,0.56
CUST-1141,48,Female,Tokyo,57977.93,4,446.78,111.7,155.32,15,0.0125,Bath & Body,84,229,0.52
CUST-1142,29,Female,New York,121165.66,4,431.0,107.75,131.11,8,0.0,Haircare,102,348,0.34
CUST-1143,34,Male,New York,60973.73,3,297.52,99.17,107.46,6,0.0,Skincare,302,126,0.71
CUST-1144,18,Female,Dubai,50813.61,5,541.27,108.25,127.35,9,0.07,Bath & Body,60,369,0.41
CUST-1145,27,Female,Milan,77004.97,5,507.55,101.51,151.06,7,0.03,Skincare,301,244,0.61
CUST-1146,30,Female,Dubai,82441.26,3,315.94,105.31,211.04,6,0.0667,Makeup,427,102,0.88
CUST-1147,31,Female,New York,76773.4,1,178.03,178.03,178.03,1,0.15,Skincare,290,1,30.0
CUST-1148,30,Female,London,69746.11,2,96.12,48.06,72.49,6,0.0,Bath & Body,245,126,0.48
CUST-1149,32,Male,Tokyo,105124.27,6,661.98,110.33,178.43,15,0.0417,Fragrance,258,284,0.63
CUST-1150,18,Male,Paris,45538.99,2,217.32,108.66,130.9,4,0.1,Bath & Body,391,102,0.59
CUST-1151,35,Female,Dubai,73192.91,4,529.27,132.32,178.74,10,0.1125,Fragrance,225,220,0.55
CUST-1152,20,Non-Binary,London,85821.26,3,463.22,154.41,175.54,5,0.0167,Bath & Body,56,262,0.34
CUST-1153,19,Female,Los Angeles,109084.41,3,354.51,118.17,179.51,7,0.0333,Haircare,231,77,1.17
CUST-1154,36,Male,Tokyo,72287.55,2,214.77,107.38,119.09,5,0.1,Fragrance,129,27,2.22
CUST-1155,36,Female,New York,98035.35,2,325.99,163.0,243.69,7,0.1,Bath & Body,112,356,0.17
CUST-1156,47,Female,Paris,43926.67,4,381.26,95.32,161.81,8,0.0875,Fragrance,82,285,0.42
CUST-1157,45,Female,Milan,81796.83,7,873.35,124.76,177.91,16,0.1,Bath & Body,84,328,0.64
CUST-1158,18,Female,Milan,98391.96,6,690.37,115.06,183.58,15,0.0583,Bath & Body,20,474,0.38
CUST-1159,18,Female,London,55047.32,4,386.65,96.66,179.75,10,0.0125,Skincare,76,356,0.34
CUST-1160,26,Female,Los Angeles,94545.53,4,526.87,131.72,167.73,8,0.1125,Fragrance,7,279,0.43
CUST-1161,28,Female,Tokyo,56025.73,1,71.06,71.06,71.06,1,0.1,Haircare,60,1,30.0
CUST-1162,21,Female,Paris,82494.87,4,460.68,115.17,195.95,6,0.15,Makeup,129,238,0.5
CUST-1163,40,Female,New York,88285.88,1,157.7,157.7,157.7,4,0.05,Haircare,134,1,30.0
CUST-1164,18,Male,Milan,85376.63,3,358.19,119.4,150.74,9,0.0167,Fragrance,380,97,0.93
CUST-1165,42,Male,Dubai,94183.44,1,66.61,66.61,66.61,2,0.0,Haircare,206,1,30.0
CUST-1166,26,Female,Paris,72255.76,6,789.26,131.54,218.56,10,0.075,Haircare,182,348,0.52
CUST-1167,37,Male,Tokyo,93329.33,4,506.96,126.74,176.44,12,0.05,Bath & Body,120,134,0.9
CUST-1168,26,Female,Los Angeles,123954.67,1,164.84,164.84,164.84,3,0.15,Skincare,168,1,30.0
CUST-1169,45,Female,Dubai,65451.69,5,551.71,110.34,147.02,9,0.08,Skincare,33,420,0.36
CUST-1171,24,Female,New York,36685.04,5,637.7,127.54,164.6,10,0.06,Fragrance,80,451,0.33
CUST-1173,34,Female,Paris,81817.44,9,1107.91,123.1,180.66,22,0.0389,Fragrance,13,459,0.59
CUST-1174,29,Female,New York,34406.54,3,407.61,135.87,212.94,6,0.0333,Fragrance,77,272,0.33
CUST-1175,33,Female,Dubai,81098.83,8,970.07,121.26,181.5,23,0.05,Skincare,67,437,0.55
CUST-1176,23,Female,Paris,58765.21,3,412.72,137.57,158.6,9,0.0333,Bath & Body,167,201,0.45
CUST-1177,28,Male,New York,84823.34,5,706.55,141.31,202.64,11,0.02,Haircare,83,220,0.68
CUST-1178,33,Female,London,32267.26,4,271.27,67.82,133.11,9,0.125,Haircare,19,379,0.32
CUST-1179,34,Female,Milan,70297.43,3,365.31,121.77,163.65,10,0.0333,Haircare,236,237,0.38
CUST-1180,51,Male,Tokyo,73483.48,4,503.86,125.96,201.87,12,0.0125,Skincare,72,471,0.25
CUST-1181,19,Female,London,75219.31,3,278.75,92.92,122.76,7,0.0,Haircare,79,466,0.19
CUST-1182,50,Female,Paris,88834.11,3,453.01,151.0,246.23,6,0.0,Fragrance,132,195,0.46
CUST-1183,33,Female,New York,55207.27,3,338.14,112.71,178.37,11,0.05,Fragrance,46,146,0.62
CUST-1184,34,Female,New York,59859.61,5,438.42,87.68,211.3,13,0.06,Bath & Body,81,357,0.42
CUST-1185,23,Female,London,27244.7,3,286.97,95.66,115.76,5,0.0333,Bath & Body,84,252,0.36
CUST-1186,32,Female,Milan,70613.78,3,419.48,139.83,203.58,5,0.0667,Fragrance,41,446,0.2
CUST-1187,27,Female,London,91255.79,2,169.27,84.64,98.33,6,0.05,Fragrance,338,123,0.49
CUST-1188,45,Female,Dubai,68077.77,4,309.62,77.4,86.41,10,0.075,Skincare,213,292,0.41
CUST-1189,35,Non-Binary,Dubai,88163.98,1,77.63,77.63,77.63,3,0.1,Fragrance,301,1,30.0
CUST-1190,30,Female,Tokyo,123962.46,3,355.12,118.37,178.22,8,0.05,Haircare,50,454,0.2
CUST-1191,29,Female,Los Angeles,44378.82,1,63.51,63.51,63.51,1,0.1,Fragrance,443,1,30.0
CUST-1193,48,Female,Paris,57999.89,3,385.23,128.41,150.33,7,0.05,Haircare,23,499,0.18
CUST-1194,39,Female,Dubai,53840.04,2,395.22,197.61,207.21,6,0.025,Bath & Body,95,431,0.14
CUST-1195,28,Male,Dubai,55995.26,3,357.56,119.19,166.21,11,0.0167,Skincare,20,335,0.27
CUST-1196,23,Female,Paris,85108.39,2,176.82,88.41,102.43,6,0.05,Fragrance,257,160,0.38
CUST-1197,26,Female,Dubai,76261.33,3,260.88,86.96,119.94,6,0.0333,Bath & Body,14,386,0.23
CUST-1198,26,Female,London,53110.19,3,257.62,85.87,171.33,3,0.05,Bath & Body,347,149,0.6
CUST-1199,29,Female,Dubai,81235.86,5,782.34,156.47,205.07,9,0.04,Bath & Body,176,205,0.73
CUST-1200,39,Male,London,20000.0,2,272.35,136.18,151.44,7,0.025,Fragrance,286,74,0.81
CUST-1201,37,Male,Paris,57749.02,2,183.42,91.71,114.46,4,0.1,Fragrance,216,263,0.23
CUST-1202,18,Female,Los Angeles,45097.57,5,461.73,92.35,127.0,14,0.01,Fragrance,46,274,0.55
CUST-1204,18,Non-Binary,New York,81438.33,5,529.67,105.93,147.67,9,0.1,Fragrance,102,424,0.35
CUST-1205,18,Female,Milan,102822.64,6,824.24,137.37,193.63,15,0.0333,Fragrance,108,215,0.84
CUST-1206,18,Male,Tokyo,51655.93,4,356.34,89.08,159.21,7,0.025,Bath & Body,154,343,0.35
CUST-1207,25,Female,Dubai,79732.2,6,657.62,109.6,143.34,20,0.0333,Fragrance,73,454,0.4
CUST-1208,31,Female,Los Angeles,48747.41,2,213.28,106.64,116.17,3,0.025,Fragrance,358,120,0.5
CUST-1209,32,Female,Paris,61141.55,2,289.23,144.62,217.0,5,0.05,Bath & Body,227,186,0.32
CUST-1210,18,Female,Dubai,76987.62,4,602.28,150.57,180.39,11,0.025,Skincare,171,258,0.47
CUST-1211,18,Male,Los Angeles,69521.1,1,181.39,181.39,181.39,4,0.0,Bath & Body,438,1,30.0
CUST-1212,25,Female,Tokyo,116856.53,2,229.22,114.61,154.58,8,0.075,Skincare,151,170,0.35
CUST-1213,45,Female,New York,84418.01,1,159.26,159.26,159.26,3,0.1,Bath & Body,91,1,30.0
CUST-1214,32,Non-Binary,Los Angeles,97908.19,4,465.08,116.27,166.81,10,0.025,Bath & Body,120,237,0.51
CUST-1215,27,Non-Binary,London,24957.35,4,513.74,128.44,170.26,8,0.025,Haircare,137,361,0.33
CUST-1216,48,Female,Paris,139247.68,4,549.4,137.35,234.02,7,0.0125,Skincare,88,371,0.32
CUST-1217,38,Female,Tokyo,27829.06,8,981.8,122.72,179.84,18,0.05,Bath & Body,151,369,0.65
CUST-1218,30,Male,Paris,101509.9,5,664.28,132.86,195.67,15,0.03,Haircare,71,384,0.39
CUST-1219,39,Female,Paris,58571.25,3,400.2,133.4,151.6,12,0.0833,Fragrance,67,225,0.4
CUST-1220,27,Female,Los Angeles,93258.92,5,571.93,114.39,162.27,12,0.06,Haircare,74,367,0.41
CUST-1221,38,Female,Tokyo,53218.83,6,400.46,66.74,108.66,18,0.0667,Skincare,24,484,0.37
CUST-1222,26,Female,Paris,59221.54,5,629.5,125.9,144.39,9,0.07,Makeup,170,218,0.69
CUST-1223,33,Female,Tokyo,83299.29,5,667.24,133.45,214.16,12,0.04,Fragrance,117,365,0.41
CUST-1224,23,Non-Binary,Los Angeles,117387.9,2,154.81,77.4,137.17,3,0.15,Bath & Body,163,240,0.25
CUST-1225,25,Female,London,49798.61,4,459.24,114.81,145.32,13,0.0125,Makeup,87,435,0.28
CUST-1226,31,Female,Los Angeles,31130.28,4,516.57,129.14,140.93,9,0.075,Fragrance,18,519,0.23
CUST-1227,22,Non-Binary,New York,40814.03,4,624.87,156.22,234.33,10,0.0,Fragrance,144,350,0.34
CUST-1228,20,Female,Paris,82972.55,5,595.72,119.14,191.86,11,0.06,Skincare,52,477,0.31
CUST-1229,40,Female,New York,89758.57,2,299.6,149.8,169.85,3,0.1,Fragrance,137,183,0.33
CUST-1230,41,Female,Milan,110427.37,2,183.84,91.92,155.69,2,0.025,Bath & Body,172,349,0.17
CUST-1231,46,Female,Tokyo,95484.33,1,141.19,141.19,141.19,2,0.0,Haircare,175,1,30.0
CUST-1232,29,Female,Tokyo,34233.17,2,228.73,114.36,128.55,5,0.0,Makeup,88,116,0.52
CUST-1233,40,Female,Dubai,76306.46,4,457.23,114.31,135.63,10,0.0,Makeup,65,311,0.39
CUST-1234,18,Male,Milan,109097.16,8,1124.94,140.62,246.96,21,0.0812,Fragrance,116,409,0.59
CUST-1235,47,Female,Dubai,36411.55,3,537.09,179.03,200.75,8,0.05,Bath & Body,127,91,0.99
CUST-1236,32,Female,New York,54226.25,3,496.54,165.51,204.22,7,0.0,Bath & Body,46,354,0.25
CUST-1237,31,Female,Los Angeles,125085.18,6,627.09,104.52,183.15,14,0.0583,Makeup,1,287,0.63
CUST-1238,31,Female,Paris,99593.39,3,290.99,97.0,137.0,8,0.0167,Makeup,157,301,0.3
CUST-1239,21,Female,Los Angeles,67244.47,3,412.19,137.4,191.08,5,0.0333,Bath & Body,254,151,0.6
CUST-1240,23,Non-Binary,Los Angeles,95582.0,7,747.57,106.8,161.29,15,0.0857,Makeup,26,499,0.42
CUST-1241,29,Female,New York,77257.92,4,512.0,128.0,234.56,10,0.0625,Bath & Body,106,440,0.27
CUST-1242,24,Female,Tokyo,53090.38,6,604.21,100.7,155.84,18,0.0833,Bath & Body,75,363,0.5
CUST-1243,24,Female,London,96461.28,7,993.61,141.94,203.3,13,0.0714,Haircare,20,510,0.41
CUST-1244,28,Female,New York,69334.24,2,187.99,94.0,119.01,2,0.075,Bath & Body,140,106,0.57
CUST-1245,36,Male,Paris,50535.78,4,447.04,111.76,171.93,9,0.0625,Makeup,28,480,0.25
CUST-1246,21,Female,London,113139.89,4,482.92,120.73,162.62,15,0.05,Bath & Body,237,202,0.59
CUST-1247,27,Male,Milan,79852.25,2,326.91,163.45,173.68,5,0.0,Makeup,78,447,0.13
CUST-1248,31,Male,London,86369.88,4,369.06,92.26,158.71,5,0.05,Bath & Body,351,183,0.66
CUST-1249,18,Female,Dubai,36810.74,4,576.69,144.17,186.07,8,0.1125,Fragrance,24,346,0.35
CUST-1250,21,Female,Tokyo,106765.78,2,212.64,106.32,128.01,6,0.025,Bath & Body,220,89,0.67
CUST-1251,35,Female,Paris,138386.99,1,124.39,124.39,124.39,2,0.0,Makeup,248,1,30.0
CUST-1252,23,Male,Los Angeles,94252.59,1,121.42,121.42,121.42,1,0.0,Haircare,115,1,30.0
CUST-1253,55,Female,Milan,67994.02,2,286.57,143.28,183.23,5,0.0,Skincare,235,39,1.54
CUST-1254,38,Female,Los Angeles,20000.0,5,522.91,104.58,154.54,16,0.0,Makeup,35,461,0.33
CUST-1255,23,Non-Binary,Tokyo,80956.84,4,454.76,113.69,207.96,9,0.0625,Makeup,64,462,0.26
CUST-1256,36,Female,New York,105443.71,6,676.77,112.8,250.08,12,0.0583,Makeup,288,225,0.8
CUST-1257,18,Female,Tokyo,37688.44,5,504.18,100.84,141.29,10,0.06,Skincare,28,241,0.62
CUST-1258,31,Female,London,93383.44,5,511.6,102.32,134.15,8,0.08,Haircare,7,181,0.83
CUST-1259,26,Female,New York,83844.07,3,419.61,139.87,158.11,8,0.0833,Bath & Body,121,155,0.58
CUST-1260,33,Male,Milan,33627.81,7,798.43,114.06,171.3,12,0.0571,Fragrance,89,326,0.64
CUST-1261,21,Female,Milan,55139.35,4,444.09,111.02,132.53,9,0.0,Fragrance,53,321,0.37
CUST-1262,36,Male,Milan,73179.28,6,664.47,110.74,197.29,17,0.075,Haircare,55,450,0.4
CUST-1263,32,Female,London,20000.0,2,354.08,177.04,224.96,5,0.1,Fragrance,94,418,0.14
CUST-1264,36,Female,Tokyo,104383.21,1,73.27,73.27,73.27,3,0.0,Bath & Body,393,1,30.0
CUST-1265,29,Non-Binary,Dubai,88140.32,4,419.29,104.82,143.86,9,0.05,Bath & Body,202,262,0.46
CUST-1266,23,Female,London,56811.61,4,589.04,147.26,160.87,7,0.0625,Fragrance,130,322,0.37
CUST-1267,34,Female,New York,80667.11,5,665.16,133.03,191.85,13,0.03,Makeup,16,519,0.29
CUST-1268,20,Male,Dubai,74600.51,3,504.63,168.21,219.28,8,0.05,Bath & Body,262,251,0.36
CUST-1269,25,Female,Paris,42215.68,3,367.96,122.65,158.65,5,0.0,Bath & Body,67,467,0.19
CUST-1270,40,Female,Milan,44992.59,3,385.08,128.36,147.66,5,0.0,Fragrance,87,364,0.25
CUST-1271,52,Female,Milan,59171.27,2,251.17,125.58,179.91,6,0.025,Makeup,301,14,4.29
CUST-1273,32,Male,Paris,71214.67,3,270.75,90.25,140.82,7,0.05,Bath & Body,353,175,0.51
CUST-1274,35,Male,Los Angeles,74058.5,3,386.29,128.76,197.29,7,0.1,Fragrance,362,96,0.94
CUST-1275,33,Female,New York,56509.53,5,746.01,149.2,240.92,8,0.01,Skincare,22,339,0.44
CUST-1276,37,Female,Paris,70249.02,1,102.13,102.13,102.13,2,0.1,Haircare,245,1,30.0
CUST-1277,37,Male,Los Angeles,97191.39,1,103.97,103.97,103.97,3,0.15,Skincare,169,1,30.0
CUST-1278,44,Female,New York,62070.42,4,382.04,95.51,129.88,12,0.0,Bath & Body,147,155,0.77
CUST-1279,18,Male,Milan,70942.94,4,531.06,132.76,164.66,8,0.025,Haircare,149,388,0.31
CUST-1280,37,Female,Milan,45173.5,6,600.62,100.1,183.25,14,0.025,Skincare,230,223,0.81
CUST-1281,41,Female,Milan,64622.49,4,486.18,121.54,155.04,10,0.0375,Makeup,31,408,0.29
CUST-1282,31,Female,Dubai,97457.05,6,765.83,127.64,237.46,13,0.075,Bath & Body,63,344,0.52
CUST-1283,18,Female,Los Angeles,46923.49,3,260.23,86.74,141.44,9,0.05,Bath & Body,76,190,0.47
CUST-1284,37,Female,New York,107034.81,3,346.9,115.63,169.86,5,0.0,Bath & Body,224,218,0.41
CUST-1285,42,Non-Binary,Milan,63263.14,6,705.78,117.63,153.21,13,0.05,Fragrance,144,348,0.52
CUST-1286,29,Female,Los Angeles,102358.49,10,973.35,97.34,140.11,24,0.04,Fragrance,36,446,0.67
CUST-1287,26,Female,Tokyo,54068.44,5,595.92,119.18,250.12,11,0.05,Bath & Body,55,341,0.44
CUST-1288,25,Female,New York,58985.28,1,79.01,79.01,79.01,3,0.15,Skincare,432,1,30.0
CUST-1289,44,Female,Dubai,112166.59,5,588.0,117.6,166.56,14,0.08,Haircare,58,346,0.43
CUST-1290,24,Female,New York,46250.86,3,291.9,97.3,123.38,8,0.05,Bath & Body,229,233,0.39
CUST-1291,36,Female,Paris,43069.49,4,536.08,134.02,208.87,6,0.025,Bath & Body,27,240,0.5
CUST-1292,36,Female,Milan,69681.5,3,248.8,82.93,93.05,8,0.0833,Bath & Body,24,519,0.17
CUST-1293,39,Female,New York,84585.91,3,208.04,69.35,140.85,5,0.0333,Makeup,16,402,0.22
CUST-1294,29,Female,New York,79805.87,7,1055.09,150.73,202.2,25,0.0357,Haircare,8,527,0.4
CUST-1295,28,Female,New York,22855.19,3,392.13,130.71,168.69,6,0.05,Bath & Body,91,454,0.2
CUST-1296,32,Non-Binary,London,70712.02,1,66.07,66.07,66.07,1,0.0,Skincare,379,1,30.0
CUST-1297,28,Female,Dubai,109502.9,2,220.79,110.4,132.62,4,0.025,Haircare,390,35,1.71
CUST-1298,28,Female,Paris,104747.28,4,334.36,83.59,134.81,13,0.05,Makeup,22,273,0.44
CUST-1299,22,Female,Paris,102284.83,3,551.51,183.84,228.12,8,0.0667,Bath & Body,137,197,0.46
CUST-1300,34,Female,Milan,101464.72,5,482.45,96.49,149.66,11,0.06,Makeup,94,316,0.47
CUST-1301,33,Female,Paris,141089.29,3,297.09,99.03,111.02,9,0.0833,Skincare,191,183,0.49
CUST-1302,18,Female,Los Angeles,79251.19,3,363.21,121.07,143.14,9,0.05,Bath & Body,41,44,2.05
CUST-1303,21,Non-Binary,Tokyo,40858.38,5,626.07,125.21,145.21,12,0.07,Bath & Body,13,505,0.3
CUST-1304,23,Female,Paris,71447.21,4,502.69,125.67,160.68,10,0.05,Bath & Body,178,317,0.38
CUST-1305,46,Female,London,74243.42,7,893.3,127.61,249.94,17,0.05,Bath & Body,34,457,0.46
CUST-1306,35,Female,London,78160.32,3,245.4,81.8,94.64,7,0.0667,Fragrance,92,281,0.32
CUST-1307,28,Non-Binary,New York,75469.51,4,649.55,162.39,184.92,13,0.0125,Skincare,165,188,0.64
CUST-1308,33,Male,London,75325.01,6,731.25,121.88,177.11,13,0.05,Bath & Body,82,459,0.39
CUST-1309,41,Female,Tokyo,88201.71,2,275.35,137.68,144.43,4,0.125,Haircare,460,46,1.3
CUST-1310,18,Female,Los Angeles,95528.49,6,1014.7,169.12,273.06,16,0.0333,Fragrance,29,515,0.35
CUST-1311,23,Female,Tokyo,115977.92,2,394.26,197.13,203.89,5,0.05,Skincare,124,143,0.42
CUST-1312,39,Female,London,46140.93,5,348.76,69.75,120.89,13,0.05,Bath & Body,92,453,0.33
CUST-1313,44,Female,Paris,114424.71,3,370.58,123.53,166.3,11,0.05,Bath & Body,42,290,0.31
CUST-1314,45,Female,Milan,70820.1,3,304.87,101.62,153.31,6,0.0333,Haircare,38,34,2.65
CUST-1315,22,Female,Milan,74971.33,6,732.3,122.05,183.52,13,0.0417,Haircare,123,227,0.79
CUST-1316,30,Female,Paris,41365.79,3,257.03,85.68,161.2,9,0.05,Bath & Body,166,289,0.31
CUST-1317,47,Female,Paris,34226.17,3,210.71,70.24,91.95,9,0.0,Bath & Body,22,514,0.18
CUST-1318,18,Male,New York,68293.42,5,588.96,117.79,182.81,9,0.03,Bath & Body,156,297,0.51
CUST-1319,22,Female,Los Angeles,91024.02,3,518.65,172.88,192.05,8,0.0833,Fragrance,144,158,0.57
CUST-1320,21,Male,Paris,61767.54,2,274.09,137.05,150.93,5,0.0,Bath & Body,195,314,0.19
CUST-1321,51,Female,London,117141.21,8,1024.98,128.12,221.44,21,0.075,Bath & Body,10,510,0.47
CUST-1322,26,Female,New York,111099.92,3,392.53,130.84,144.2,6,0.0833,Fragrance,293,132,0.68
CUST-1323,32,Female,Paris,76611.86,6,763.76,127.29,204.2,19,0.0417,Haircare,18,518,0.35
CUST-1324,33,Female,New York,52897.15,1,40.33,40.33,40.33,4,0.15,Bath & Body,183,1,30.0
CUST-1325,37,Female,Los Angeles,61595.7,2,220.13,110.06,113.33,6,0.1,Bath & Body,195,323,0.19
CUST-1326,36,Female,Milan,110287.79,1,120.9,120.9,120.9,2,0.1,Haircare,325,1,30.0
CUST-1327,40,Female,Los Angeles,88661.59,5,607.63,121.53,187.97,14,0.04,Makeup,40,469,0.32
CUST-1328,43,Female,Milan,108112.86,2,184.01,92.0,102.08,5,0.075,Makeup,270,152,0.39
CUST-1329,36,Female,Milan,84121.7,3,381.63,127.21,137.8,7,0.0667,Fragrance,53,380,0.24
CUST-1330,37,Female,London,91942.53,5,439.16,87.83,151.57,15,0.06,Skincare,19,318,0.47
CUST-1331,34,Female,Los Angeles,74541.09,4,402.34,100.58,143.25,13,0.025,Bath & Body,66,234,0.51
CUST-1332,34,Female,Dubai,105620.9,3,340.81,113.6,127.33,7,0.0,Haircare,64,63,1.43
CUST-1333,30,Female,New York,50861.06,5,511.66,102.33,127.52,12,0.08,Bath & Body,126,325,0.46
CUST-1334,48,Male,Tokyo,95593.33,4,519.25,129.81,153.69,8,0.0625,Haircare,130,389,0.31
CUST-1336,18,Female,Tokyo,52376.3,3,242.74,80.91,132.62,9,0.0833,Makeup,70,179,0.5
CUST-1337,48,Female,New York,79620.99,3,524.35,174.78,200.03,11,0.05,Makeup,14,426,0.21
CUST-1338,31,Female,Los Angeles,52530.0,3,249.46,83.15,127.78,4,0.0833,Fragrance,110,355,0.25
CUST-1339,50,Female,Milan,63418.28,4,506.72,126.68,158.15,9,0.05,Haircare,167,317,0.38
CUST-1340,36,Female,Tokyo,73031.71,4,556.39,139.1,195.77,10,0.025,Haircare,8,467,0.26
CUST-1341,18,Female,Tokyo,55476.12,7,683.98,97.71,132.2,21,0.0357,Bath & Body,49,382,0.55
CUST-1342,18,Female,Paris,74449.13,6,809.99,135.0,176.09,12,0.0167,Haircare,45,486,0.37
CUST-1344,41,Male,Milan,88053.56,7,652.94,93.28,154.78,14,0.05,Haircare,18,343,0.61
CUST-1345,42,Female,Dubai,100441.54,1,133.57,133.57,133.57,2,0.15,Fragrance,281,1,30.0
CUST-1346,37,Female,London,118879.53,1,32.87,32.87,32.87,4,0.0,Haircare,504,1,30.0
CUST-1347,27,Female,Paris,97923.28,3,430.92,143.64,198.26,6,0.0667,Bath & Body,200,284,0.32
CUST-1348,38,Male,London,58297.74,3,389.4,129.8,170.32,6,0.0,Fragrance,189,228,0.39
CUST-1349,49,Female,London,85873.53,4,479.48,119.87,146.88,10,0.025,Fragrance,27,496,0.24
CUST-1350,38,Male,Paris,57910.86,2,261.86,130.93,140.89,6,0.1,Bath & Body,329,190,0.32
CUST-1351,24,Female,Los Angeles,61231.82,3,286.2,95.4,159.63,10,0.1,Bath & Body,150,151,0.6
CUST-1352,30,Female,New York,86865.84,3,381.54,127.18,193.36,6,0.0167,Haircare,160,303,0.3
CUST-1353,30,Female,Paris,63197.74,4,270.45,67.61,112.41,12,0.075,Bath & Body,9,268,0.45
CUST-1354,38,Female,Dubai,55348.37,5,604.48,120.9,160.82,15,0.03,Skincare,62,439,0.34
CUST-1355,37,Female,Dubai,97938.63,6,495.68,82.61,140.62,18,0.0417,Fragrance,190,295,0.61
CUST-1356,48,Female,Los Angeles,92388.44,2,299.34,149.67,162.46,7,0.0,Bath & Body,470,34,1.76
CUST-1357,45,Male,Tokyo,78470.8,3,360.68,120.23,189.32,7,0.1333,Makeup,81,337,0.27
CUST-1358,35,Female,Tokyo,85751.04,6,808.47,134.74,171.51,9,0.0667,Bath & Body,107,318,0.57
CUST-1359,44,Female,London,118739.53,7,911.0,130.14,215.21,20,0.0643,Haircare,5,414,0.51
CUST-1360,29,Female,Los Angeles,90703.5,4,456.64,114.16,183.51,13,0.025,Fragrance,30,351,0.34
CUST-1361,26,Female,Dubai,69477.49,5,702.49,140.5,204.04,15,0.01,Skincare,125,344,0.44
CUST-1362,37,Female,Tokyo,37120.22,4,545.84,136.46,188.34,11,0.0,Fragrance,21,502,0.24
CUST-1363,29,Female,Tokyo,98626.83,3,520.99,173.66,219.32,7,0.15,Fragrance,187,359,0.25
CUST-1365,38,Male,Tokyo,102792.46,4,272.87,68.22,84.05,14,0.0,Bath & Body,80,212,0.57
CUST-1366,42,Non-Binary,Tokyo,54837.19,2,357.24,178.62,207.42,3,0.05,Fragrance,123,348,0.17
CUST-1367,18,Non-Binary,London,80577.19,4,460.95,115.24,172.81,10,0.0625,Makeup,101,183,0.66
CUST-1368,41,Female,Milan,44876.61,6,668.39,111.4,177.38,21,0.0167,Fragrance,79,371,0.49
CUST-1369,34,Female,New York,63522.72,5,508.06,101.61,162.85,17,0.14,Skincare,2,382,0.39
CUST-1370,18,Female,Tokyo,79598.66,1,186.01,186.01,186.01,2,0.0,Haircare,348,1,30.0
CUST-1371,34,Female,Dubai,93190.74,4,682.88,170.72,199.74,11,0.075,Haircare,135,377,0.32
CUST-1372,22,Female,Paris,41207.88,6,742.63,123.77,213.36,12,0.0333,Makeup,144,366,0.49
CUST-1373,28,Female,Los Angeles,116169.8,3,336.7,112.23,180.0,8,0.05,Makeup,4,262,0.34
CUST-1374,27,Non-Binary,London,119735.97,1,120.65,120.65,120.65,2,0.2,Skincare,266,1,30.0
CUST-1375,26,Female,Los Angeles,84144.08,2,231.23,115.62,178.16,6,0.0,Haircare,430,71,0.85
CUST-1376,18,Female,Dubai,105855.22,5,468.57,93.71,141.54,15,0.07,Makeup,85,402,0.37
CUST-1377,65,Female,New York,83333.76,3,408.49,136.16,168.62,8,0.0333,Bath & Body,16,375,0.24
CUST-1378,40,Female,Paris,78056.08,5,640.92,128.18,164.05,11,0.06,Skincare,93,308,0.49
CUST-1379,18,Female,Tokyo,51893.29,2,317.65,158.82,180.66,3,0.075,Fragrance,127,144,0.42
CUST-1380,41,Female,New York,66449.89,3,516.15,172.05,266.8,6,0.0667,Fragrance,120,308,0.29
CUST-1381,34,Female,Tokyo,64637.09,1,176.33,176.33,176.33,4,0.0,Bath & Body,159,1,30.0
CUST-1382,39,Female,London,63062.38,5,443.79,88.76,167.15,8,0.07,Bath & Body,158,208,0.72
CUST-1383,30,Male,Milan,20000.0,3,455.64,151.88,243.13,8,0.0167,Bath & Body,30,62,1.45
CUST-1384,27,Female,Paris,109702.17,2,295.03,147.51,167.21,8,0.15,Makeup,57,129,0.47
CUST-1385,40,Female,Los Angeles,105088.41,6,620.85,103.48,162.19,10,0.025,Fragrance,289,88,2.05
CUST-1386,53,Male,Tokyo,20000.0,1,192.9,192.9,192.9,1,0.05,Fragrance,199,1,30.0
CUST-1387,27,Male,Paris,84776.42,2,244.45,122.22,146.8,7,0.0,Fragrance,340,200,0.3
CUST-1388,29,Female,Los Angeles,34426.81,2,227.74,113.87,137.67,5,0.05,Makeup,421,74,0.81
CUST-1389,25,Female,Los Angeles,68261.76,1,204.27,204.27,204.27,4,0.0,Fragrance,151,1,30.0
CUST-1390,48,Female,Los Angeles,62211.97,1,110.57,110.57,110.57,2,0.0,Skincare,290,1,30.0
CUST-1392,51,Female,London,85346.87,5,633.96,126.79,154.41,13,0.06,Fragrance,199,188,0.8
CUST-1393,22,Female,Dubai,69070.31,6,594.7,99.12,136.95,20,0.025,Fragrance,19,489,0.37
CUST-1394,24,Female,Los Angeles,103236.84,2,305.75,152.88,154.08,7,0.15,Fragrance,44,385,0.16
CUST-1395,36,Female,Los Angeles,62345.06,1,160.13,160.13,160.13,3,0.05,Fragrance,504,1,30.0
CUST-1396,23,Female,Paris,105593.1,3,359.39,119.8,152.99,7,0.05,Bath & Body,299,178,0.51
CUST-1397,37,Female,Los Angeles,70792.29,2,285.54,142.77,181.32,5,0.0,Bath & Body,281,231,0.26
CUST-1398,18,Male,New York,59552.69,4,489.0,122.25,177.04,7,0.025,Fragrance,164,290,0.41
CUST-1399,38,Female,Dubai,116155.77,2,270.67,135.34,147.9,6,0.125,Fragrance,227,280,0.21
CUST-1400,44,Male,Tokyo,89342.18,7,778.42,111.2,164.35,20,0.05,Skincare,19,396,0.53
CUST-1401,43,Female,Dubai,68500.4,4,404.0,101.0,143.76,9,0.05,Bath & Body,112,405,0.3
CUST-1402,45,Female,Milan,45352.22,3,283.35,94.45,137.24,9,0.0667,Skincare,272,203,0.44
CUST-1403,30,Female,Milan,65172.84,1,123.99,123.99,123.99,3,0.05,Bath & Body,306,1,30.0
CUST-1404,35,Female,Milan,66146.18,2,296.13,148.06,172.03,5,0.05,Haircare,49,36,1.67
CUST-1405,18,Female,London,79147.29,1,146.54,146.54,146.54,3,0.15,Skincare,208,1,30.0
CUST-1406,38,Female,Dubai,69503.91,8,1184.53,148.07,195.91,17,0.0438,Fragrance,3,489,0.49
CUST-1407,26,Male,Milan,122819.28,6,539.49,89.92,155.03,18,0.0083,Bath & Body,18,470,0.38
CUST-1408,25,Female,Los Angeles,47961.3,7,1138.25,162.61,207.86,18,0.0786,Skincare,5,396,0.53
CUST-1409,29,Female,Tokyo,78109.62,2,191.53,95.76,112.94,5,0.075,Haircare,186,354,0.17
CUST-1410,49,Female,New York,82426.39,6,698.77,116.46,154.67,16,0.025,Haircare,86,398,0.45
CUST-1411,31,Female,London,98033.74,3,424.95,141.65,190.53,6,0.05,Skincare,348,120,0.75
CUST-1412,18,Female,Paris,68333.69,3,334.01,111.34,185.63,10,0.15,Makeup,179,324,0.28
CUST-1413,29,Female,New York,55196.84,5,591.33,118.27,165.76,9,0.03,Skincare,212,285,0.53
CUST-1414,43,Female,Dubai,54539.9,4,495.48,123.87,213.15,14,0.0125,Fragrance,333,165,0.73
CUST-1415,32,Male,London,88958.41,2,325.7,162.85,212.83,6,0.05,Bath & Body,81,84,0.71
CUST-1416,30,Female,Los Angeles,100840.71,3,430.62,143.54,160.61,7,0.0833,Makeup,343,73,1.23
CUST-1417,36,Female,New York,86800.06,4,529.52,132.38,188.27,8,0.0625,Fragrance,53,122,0.98
CUST-1418,21,Male,Tokyo,52626.57,1,71.34,71.34,71.34,2,0.0,Makeup,493,1,30.0
CUST-1419,58,Female,Paris,78337.75,3,328.92,109.64,133.52,10,0.0,Makeup,84,416,0.22
CUST-1420,25,Female,Milan,52079.55,4,532.55,133.14,189.13,10,0.1,Makeup,121,222,0.54
CUST-1421,30,Female,New York,87981.51,6,916.45,152.74,263.79,13,0.0333,Haircare,30,400,0.45
CUST-1422,20,Male,Los Angeles,58652.57,1,58.79,58.79,58.79,3,0.05,Skincare,33,1,30.0
CUST-1423,40,Female,Dubai,63075.6,1,154.34,154.34,154.34,1,0.05,Fragrance,435,1,30.0
CUST-1424,34,Female,New York,42903.65,5,710.37,142.07,186.87,12,0.06,Skincare,98,323,0.46
CUST-1425,28,Male,Milan,135334.85,2,305.48,152.74,152.91,5,0.025,Makeup,137,296,0.2
CUST-1427,44,Female,Milan,85695.95,4,459.78,114.94,162.55,8,0.0875,Fragrance,2,236,0.51
CUST-1428,19,Female,London,51129.58,1,103.65,103.65,103.65,3,0.0,Makeup,32,1,30.0
CUST-1429,24,Female,Tokyo,88225.41,8,968.86,121.11,193.86,22,0.0625,Makeup,161,384,0.62
CUST-1430,22,Male,Milan,20000.0,1,174.98,174.98,174.98,4,0.05,Skincare,151,1,30.0
CUST-1431,33,Female,London,120521.8,5,555.93,111.19,141.56,13,0.07,Fragrance,139,322,0.47
CUST-1432,45,Female,Los Angeles,84497.3,2,307.94,153.97,174.16,5,0.0,Bath & Body,59,392,0.15
CUST-1433,42,Female,Tokyo,77383.02,4,368.54,92.14,137.22,12,0.05,Bath & Body,142,311,0.39
CUST-1434,18,Male,Milan,47342.3,3,319.74,106.58,131.08,7,0.05,Fragrance,161,370,0.24
CUST-1435,50,Female,Tokyo,83182.58,2,241.02,120.51,158.22,6,0.05,Makeup,179,352,0.17
CUST-1436,45,Female,Los Angeles,89546.85,4,448.33,112.08,182.39,11,0.05,Haircare,165,342,0.35
CUST-1437,36,Female,Paris,66763.04,3,476.56,158.85,166.9,6,0.1,Bath & Body,33,218,0.41
CUST-1438,33,Female,New York,97296.94,1,58.65,58.65,58.65,2,0.05,Haircare,32,1,30.0
CUST-1439,24,Female,London,59249.38,2,262.89,131.44,156.6,5,0.0,Bath & Body,68,465,0.13
CUST-1440,34,Non-Binary,Tokyo,96696.17,3,416.8,138.93,166.09,8,0.0833,Bath & Body,133,367,0.25
CUST-1441,22,Female,Paris,116084.45,4,282.97,70.74,138.03,8,0.0125,Bath & Body,19,408,0.29
CUST-1442,18,Female,Los Angeles,69506.49,4,481.19,120.3,141.68,10,0.025,Bath & Body,11,484,0.25
CUST-1443,32,Female,Tokyo,49090.88,2,251.43,125.72,172.96,6,0.075,Fragrance,94,420,0.14
CUST-1444,29,Female,Los Angeles,112356.28,3,417.87,139.29,156.26,6,0.0833,Skincare,53,255,0.35
CUST-1445,44,Male,London,70731.33,3,288.42,96.14,149.97,8,0.1,Makeup,176,267,0.34
CUST-1446,33,Female,Tokyo,74011.12,3,344.47,114.82,154.08,10,0.1,Skincare,2,143,0.63
CUST-1447,32,Male,Los Angeles,55565.25,4,363.8,90.95,154.67,12,0.05,Skincare,66,124,0.97
CUST-1448,26,Female,New York,59100.58,4,513.48,128.37,161.52,8,0.0625,Haircare,108,348,0.34
CUST-1449,40,Female,Milan,99066.03,3,581.36,193.79,281.77,6,0.1,Bath & Body,36,163,0.55
CUST-1451,42,Male,Tokyo,75460.85,7,865.71,123.67,192.11,18,0.0214,Makeup,14,471,0.45
CUST-1452,47,Female,Tokyo,76742.56,5,695.17,139.03,147.67,20,0.04,Fragrance,43,382,0.39
CUST-1453,28,Male,Tokyo,54161.03,5,465.05,93.01,113.15,15,0.09,Makeup,23,338,0.44
CUST-1454,29,Female,Paris,20000.0,4,532.98,133.24,203.8,10,0.05,Makeup,197,305,0.39
CUST-1455,46,Male,Milan,50590.51,5,669.81,133.96,190.51,17,0.02,Makeup,258,193,0.78
CUST-1456,32,Female,Los Angeles,104711.81,1,79.68,79.68,79.68,3,0.05,Haircare,333,1,30.0
CUST-1457,27,Female,Milan,60499.59,1,62.18,62.18,62.18,2,0.0,Fragrance,10,1,30.0
CUST-1458,39,Female,London,73054.46,4,378.54,94.64,129.18,14,0.025,Bath & Body,18,517,0.23
CUST-1459,41,Female,Milan,60138.39,3,212.99,71.0,130.88,7,0.0333,Skincare,287,205,0.44
CUST-1460,47,Female,Milan,148631.16,2,342.5,171.25,209.97,3,0.125,Skincare,61,356,0.17
CUST-1461,18,Female,Milan,133827.31,6,567.06,94.51,136.07,15,0.0083,Bath & Body,39,418,0.43
CUST-1462,49,Female,Los Angeles,63222.3,5,543.58,108.72,209.62,14,0.05,Haircare,353,152,0.99
CUST-1463,25,Non-Binary,London,98828.13,5,583.16,116.63,147.06,10,0.05,Makeup,410,72,2.08
CUST-1464,44,Female,Tokyo,80606.74,1,148.75,148.75,148.75,1,0.1,Makeup,152,1,30.0
CUST-1465,35,Male,Dubai,71660.06,2,377.73,188.86,230.78,7,0.025,Makeup,22,70,0.86
CUST-1466,41,Female,Los Angeles,118162.91,4,540.31,135.08,170.73,10,0.0625,Bath & Body,85,416,0.29
CUST-1467,50,Male,Tokyo,85914.0,2,248.97,124.48,165.2,5,0.0,Bath & Body,112,297,0.2
CUST-1469,30,Male,London,44770.03,3,275.22,91.74,137.38,6,0.0833,Bath & Body,20,230,0.39
CUST-1470,29,Female,Milan,46675.55,1,142.98,142.98,142.98,4,0.0,Fragrance,365,1,30.0
CUST-1471,26,Female,Tokyo,61222.76,3,427.09,142.36,207.6,12,0.05,Bath & Body,26,386,0.23
CUST-1472,24,Female,Milan,93246.45,3,423.31,141.1,172.68,7,0.0667,Fragrance,62,392,0.23
CUST-1473,35,Non-Binary,Los Angeles,74022.92,2,341.62,170.81,183.42,8,0.1,Haircare,45,267,0.22
CUST-1474,30,Female,Los Angeles,98412.6,5,396.5,79.3,116.66,12,0.05,Makeup,239,237,0.63
CUST-1475,24,Female,Paris,78801.05,1,154.73,154.73,154.73,1,0.0,Makeup,321,1,30.0
CUST-1476,18,Female,Dubai,38091.76,5,714.65,142.93,194.35,14,0.08,Makeup,125,373,0.4
CUST-1477,23,Female,London,61278.65,1,95.68,95.68,95.68,4,0.05,Bath & Body,436,1,30.0
CUST-1478,33,Female,London,84209.64,5,567.13,113.43,187.43,11,0.06,Bath & Body,75,247,0.61
CUST-1479,31,Female,Tokyo,76478.44,2,184.7,92.35,99.5,5,0.0,Bath & Body,372,57,1.05
CUST-1480,28,Female,Milan,108895.13,3,325.29,108.43,146.4,11,0.0,Bath & Body,62,4,22.5
CUST-1481,42,Female,Milan,30531.99,1,194.8,194.8,194.8,2,0.0,Bath & Body,184,1,30.0
CUST-1482,29,Male,London,44480.37,3,251.56,83.85,178.09,7,0.0333,Skincare,88,181,0.5
CUST-1483,43,Female,Paris,67468.62,6,764.69,127.45,176.82,12,0.05,Makeup,33,414,0.43
CUST-1484,41,Female,Paris,62913.27,3,369.73,123.24,154.82,7,0.05,Fragrance,244,226,0.4
CUST-1485,28,Female,Tokyo,79260.41,2,274.97,137.49,146.94,6,0.125,Fragrance,167,353,0.17
CUST-1486,25,Female,Dubai,69564.59,3,505.53,168.51,192.04,6,0.05,Bath & Body,84,333,0.27
CUST-1487,18,Non-Binary,New York,25235.01,3,364.99,121.66,144.37,10,0.0333,Haircare,384,131,0.69
CUST-1488,18,Female,London,73552.38,5,653.29,130.66,170.8,12,0.05,Skincare,28,477,0.31
CUST-1489,37,Female,Dubai,56627.24,7,697.11,99.59,146.9,25,0.0571,Skincare,101,373,0.56
CUST-1490,29,Female,Milan,47593.12,2,177.27,88.64,129.27,4,0.0,Haircare,74,230,0.26
CUST-1491,32,Female,New York,33213.32,1,162.54,162.54,162.54,1,0.0,Bath & Body,208,1,30.0
CUST-1492,32,Female,London,79925.67,6,790.81,131.8,226.47,21,0.0667,Fragrance,202,331,0.54
CUST-1493,32,Female,Tokyo,88667.29,3,516.99,172.33,210.9,7,0.0333,Fragrance,165,218,0.41
CUST-1495,49,Female,Tokyo,61261.07,6,709.3,118.22,162.98,12,0.0417,Fragrance,71,301,0.6
CUST-1496,31,Male,Tokyo,94775.75,4,474.1,118.52,192.09,13,0.075,Bath & Body,228,201,0.6
CUST-1497,41,Female,Los Angeles,106660.17,6,562.83,93.8,138.86,14,0.05,Bath & Body,40,483,0.37
CUST-1499,48,Female,Dubai,99960.57,2,257.24,128.62,152.7,4,0.0,Makeup,76,83,0.72
CUST-1500,48,Male,New York,31742.12,5,667.14,133.43,229.6,12,0.03,Haircare,85,403,0.37
CUST-1501,18,Female,Milan,51913.38,4,465.72,116.43,152.73,5,0.0875,Fragrance,167,251,0.48
CUST-1502,43,Female,Tokyo,77770.91,4,421.57,105.39,180.27,5,0.0625,Skincare,82,259,0.46
CUST-1503,36,Female,Milan,80594.68,5,455.1,91.02,143.52,13,0.03,Fragrance,108,418,0.36
CUST-1505,38,Female,New York,80150.5,2,207.33,103.66,138.99,3,0.025,Haircare,36,332,0.18
CUST-1506,51,Male,London,107113.33,3,347.46,115.82,156.34,8,0.05,Bath & Body,243,158,0.57
CUST-1507,37,Male,London,171318.29,3,386.38,128.79,159.66,10,0.0333,Skincare,27,517,0.17
CUST-1508,34,Male,Tokyo,58093.97,3,322.97,107.66,180.86,11,0.0333,Haircare,17,233,0.39
CUST-1509,18,Male,Tokyo,123490.3,7,851.09,121.58,184.37,17,0.0643,Makeup,2,472,0.44
CUST-1510,27,Female,Milan,118684.41,1,117.62,117.62,117.62,2,0.0,Fragrance,100,1,30.0
CUST-1511,20,Female,Milan,124106.32,5,591.67,118.33,156.42,16,0.04,Skincare,19,480,0.31
CUST-1512,28,Female,Paris,56788.46,6,704.81,117.47,135.98,10,0.0583,Bath & Body,6,451,0.4
CUST-1513,45,Female,Los Angeles,77039.08,6,960.6,160.1,208.95,12,0.0083,Bath & Body,195,264,0.68
CUST-1514,43,Male,Los Angeles,88130.29,4,507.17,126.79,172.97,9,0.0875,Skincare,153,296,0.41
CUST-1515,18,Male,London,30599.71,2,297.15,148.57,173.2,6,0.05,Fragrance,97,107,0.56
CUST-1516,32,Male,Milan,23891.74,1,54.1,54.1,54.1,2,0.1,Makeup,545,1,30.0
CUST-1517,27,Female,Tokyo,138484.54,3,397.14,132.38,149.4,9,0.0667,Fragrance,252,130,0.69
CUST-1518,37,Female,Paris,93984.7,6,856.3,142.72,188.06,22,0.0333,Bath & Body,13,507,0.36
CUST-1519,24,Female,New York,85821.11,1,94.97,94.97,94.97,1,0.0,Fragrance,251,1,30.0
CUST-1520,29,Female,Dubai,121448.21,1,177.98,177.98,177.98,1,0.0,Makeup,424,1,30.0
CUST-1521,39,Female,Los Angeles,50326.87,1,75.99,75.99,75.99,3,0.0,Skincare,297,1,30.0
CUST-1522,29,Female,London,72859.8,4,492.16,123.04,195.38,12,0.0625,Bath & Body,43,500,0.24
CUST-1524,39,Female,London,78457.47,3,356.33,118.78,131.72,6,0.05,Makeup,44,417,0.22
CUST-1525,33,Female,Milan,88957.29,1,111.98,111.98,111.98,1,0.0,Haircare,204,1,30.0
CUST-1526,28,Female,Milan,77126.78,2,174.35,87.18,133.67,4,0.1,Makeup,224,295,0.2
CUST-1527,63,Female,Tokyo,115982.6,3,439.2,146.4,173.94,5,0.0667,Bath & Body,93,162,0.56
CUST-1528,29,Non-Binary,New York,68162.64,5,772.35,154.47,228.98,11,0.09,Bath & Body,2,211,0.71
CUST-1529,38,Female,Los Angeles,65600.41,3,321.17,107.06,121.36,4,0.0333,Bath & Body,3,409,0.22
CUST-1530,47,Female,Los Angeles,76918.36,2,346.25,173.12,230.54,7,0.1,Bath & Body,229,238,0.25
CUST-1531,40,Male,Tokyo,108777.85,5,705.87,141.17,184.64,11,0.05,Fragrance,88,323,0.46
CUST-1532,22,Female,Los Angeles,72086.15,2,151.76,75.88,106.81,8,0.05,Fragrance,334,90,0.67
CUST-1533,33,Female,Milan,31269.5,3,337.49,112.5,158.76,7,0.0333,Haircare,105,121,0.74
CUST-1534,26,Non-Binary,Tokyo,47378.43,5,542.46,108.49,138.12,11,0.05,Haircare,59,471,0.32
CUST-1535,40,Female,Milan,65983.8,7,890.72,127.25,189.88,14,0.0143,Bath & Body,55,326,0.64
CUST-1536,29,Female,London,88370.23,4,512.01,128.0,215.3,7,0.0875,Fragrance,150,342,0.35
CUST-1537,23,Female,Milan,89887.38,2,265.79,132.89,136.48,7,0.025,Bath & Body,305,85,0.71
CUST-1538,20,Female,Paris,65305.96,8,950.13,118.77,159.64,21,0.0562,Haircare,45,457,0.53
CUST-1539,31,Female,Dubai,63652.71,2,222.09,111.04,164.5,3,0.05,Bath & Body,72,418,0.14
CUST-1540,41,Female,Tokyo,87272.28,1,96.12,96.12,96.12,2,0.0,Skincare,62,1,30.0
CUST-1541,29,Male,Los Angeles,152621.69,7,926.94,132.42,173.88,16,0.0571,Bath & Body,52,468,0.45
CUST-1542,18,Female,Dubai,92752.73,4,368.98,92.24,124.62,10,0.0125,Haircare,151,246,0.49
CUST-1543,32,Female,Tokyo,99587.61,5,658.04,131.61,203.09,8,0.02,Fragrance,10,445,0.34
CUST-1544,36,Male,Dubai,75230.04,6,527.16,87.86,156.09,16,0.0333,Bath & Body,27,506,0.36
CUST-1545,41,Non-Binary,New York,68290.72,1,137.83,137.83,137.83,2,0.2,Haircare,248,1,30.0
CUST-1546,23,Female,Paris,116843.81,3,382.66,127.55,183.98,6,0.0,Fragrance,34,506,0.18
CUST-1547,31,Female,Los Angeles,88812.25,4,442.68,110.67,161.84,9,0.0,Haircare,52,354,0.34
CUST-1548,21,Female,Los Angeles,55144.58,3,326.65,108.88,126.38,6,0.0333,Fragrance,416,26,3.46
CUST-1549,26,Female,New York,90823.3,7,892.59,127.51,181.71,20,0.0357,Fragrance,11,453,0.46
CUST-1550,34,Female,Milan,86310.93,2,221.9,110.95,130.87,7,0.05,Fragrance,24,140,0.43
CUST-1551,38,Female,Tokyo,144499.09,3,378.11,126.04,165.63,11,0.0833,Bath & Body,31,314,0.29
CUST-1552,26,Female,Milan,78536.97,2,199.37,99.68,113.71,2,0.025,Fragrance,263,218,0.28
CUST-1553,28,Female,Paris,148363.76,4,422.5,105.62,220.13,12,0.0375,Skincare,105,440,0.27
CUST-1554,18,Female,Tokyo,123664.35,2,280.52,140.26,182.48,5,0.025,Makeup,166,34,1.76
CUST-1555,29,Female,Milan,59039.69,2,263.43,131.72,173.05,3,0.05,Bath & Body,33,338,0.18
CUST-1556,18,Female,New York,122233.07,1,154.49,154.49,154.49,1,0.1,Fragrance,266,1,30.0
CUST-1557,18,Female,Milan,82936.32,2,324.74,162.37,221.45,3,0.0,Fragrance,44,372,0.16
CUST-1558,18,Male,New York,91204.55,4,489.09,122.27,175.18,11,0.1,Skincare,235,179,0.67
CUST-1559,42,Female,London,126421.31,1,148.47,148.47,148.47,4,0.05,Fragrance,149,1,30.0
CUST-1560,31,Female,London,122300.29,5,622.23,124.45,173.68,10,0.0,Makeup,21,443,0.34
CUST-1561,22,Female,London,50686.5,2,203.98,101.99,137.1,4,0.1,Bath & Body,291,248,0.24
CUST-1562,18,Male,Paris,69380.86,4,384.0,96.0,115.01,10,0.1,Haircare,37,449,0.27
CUST-1563,21,Non-Binary,Dubai,92560.16,4,528.62,132.16,180.1,11,0.025,Fragrance,124,327,0.37
CUST-1564,25,Female,Tokyo,80602.56,3,428.98,142.99,186.08,9,0.1,Makeup,188,329,0.27
CUST-1565,40,Female,London,62133.96,5,699.86,139.97,232.2,13,0.04,Haircare,69,339,0.44
CUST-1566,40,Female,Paris,53285.45,5,523.08,104.62,153.15,9,0.09,Fragrance,187,245,0.61
CUST-1567,37,Female,Milan,85704.66,3,326.65,108.88,125.77,6,0.0667,Skincare,79,175,0.51
CUST-1568,31,Female,Los Angeles,33195.91,1,108.52,108.52,108.52,1,0.15,Makeup,74,1,30.0
CUST-1569,34,Female,Los Angeles,80816.91,3,250.61,83.54,95.99,8,0.0167,Fragrance,363,167,0.54
CUST-1570,27,Female,Los Angeles,71136.53,2,342.81,171.4,216.31,7,0.125,Fragrance,448,76,0.79
CUST-1571,35,Non-Binary,Dubai,104034.97,4,326.47,81.62,116.26,5,0.1,Bath & Body,13,444,0.27
CUST-1572,18,Female,Paris,76960.73,3,517.66,172.55,210.57,9,0.0667,Bath & Body,125,141,0.64
CUST-1573,19,Female,Dubai,23231.44,1,63.75,63.75,63.75,1,0.0,Fragrance,327,1,30.0
CUST-1574,28,Male,Dubai,108304.73,3,352.7,117.57,131.34,10,0.05,Haircare,3,252,0.36
CUST-1575,42,Female,New York,62762.09,2,224.39,112.2,131.55,4,0.0,Bath & Body,255,21,2.86
CUST-1576,36,Female,Tokyo,47424.41,4,515.56,128.89,174.87,8,0.0375,Makeup,175,313,0.38
CUST-1577,24,Female,Los Angeles,93381.73,2,265.5,132.75,173.46,5,0.025,Haircare,106,158,0.38
CUST-1578,32,Female,Milan,97410.62,2,254.98,127.49,152.57,5,0.075,Makeup,327,163,0.37
CUST-1579,42,Male,Paris,107466.49,9,1262.45,140.27,221.02,22,0.0389,Haircare,10,407,0.66
CUST-1580,34,Female,Dubai,89477.13,2,313.62,156.81,166.98,7,0.0,Makeup,145,331,0.18
CUST-1581,27,Female,London,45286.61,3,468.44,156.15,219.44,10,0.0167,Fragrance,153,352,0.26
CUST-1582,47,Male,Tokyo,48004.02,7,809.0,115.57,169.34,24,0.0286,Fragrance,101,352,0.6
CUST-1583,22,Female,Los Angeles,103757.4,6,766.0,127.67,196.18,17,0.0667,Haircare,108,290,0.62
CUST-1584,18,Female,Milan,79300.39,1,67.03,67.03,67.03,3,0.1,Haircare,466,1,30.0
CUST-1586,55,Non-Binary,Milan,84427.3,1,115.0,115.0,115.0,4,0.0,Fragrance,195,1,30.0
CUST-1587,23,Male,London,117645.62,7,733.7,104.81,153.19,15,0.0714,Makeup,13,317,0.66
CUST-1588,40,Female,New York,59210.56,5,616.32,123.26,149.23,14,0.09,Fragrance,131,393,0.38
CUST-1589,39,Male,Tokyo,90884.92,6,828.78,138.13,241.8,12,0.0833,Makeup,92,449,0.4
CUST-1590,48,Female,Dubai,65522.03,4,611.68,152.92,247.3,14,0.1375,Skincare,119,399,0.3
CUST-1591,21,Non-Binary,Milan,68897.99,2,250.87,125.44,132.84,4,0.05,Haircare,39,417,0.14
CUST-1592,30,Female,London,56028.7,3,341.1,113.7,152.02,5,0.0333,Makeup,99,204,0.44
CUST-1593,25,Male,Paris,64720.15,3,313.71,104.57,169.57,8,0.0333,Haircare,156,165,0.55
CUST-1594,18,Female,Los Angeles,84478.74,1,49.67,49.67,49.67,4,0.15,Makeup,430,1,30.0
CUST-1595,18,Female,London,121646.11,3,242.75,80.92,166.9,6,0.05,Haircare,326,206,0.44
CUST-1596,28,Female,Milan,117393.07,4,505.75,126.44,214.86,10,0.075,Haircare,213,330,0.36
CUST-1597,29,Male,Dubai,84802.11,4,636.88,159.22,211.58,9,0.05,Bath & Body,174,217,0.55
CUST-1598,19,Female,Milan,78856.18,3,370.63,123.54,165.6,7,0.0167,Makeup,160,371,0.24
CUST-1599,28,Male,Los Angeles,109060.12,2,223.67,111.84,190.65,5,0.05,Haircare,226,5,12.0
CUST-1600,37,Male,New York,86225.27,3,230.45,76.82,98.41,9,0.0333,Bath & Body,216,321,0.28
CUST-1601,29,Female,Paris,65365.75,2,273.43,136.72,164.04,5,0.125,Haircare,28,297,0.2
CUST-1602,29,Female,Tokyo,96968.09,2,287.89,143.94,210.92,4,0.05,Bath & Body,322,92,0.65
CUST-1603,38,Female,Los Angeles,100305.65,2,396.06,198.03,236.15,5,0.05,Bath & Body,38,230,0.26
CUST-1604,39,Female,Milan,105693.81,4,635.27,158.82,220.66,16,0.05,Bath & Body,61,318,0.38
CUST-1605,40,Female,Dubai,66849.41,5,827.7,165.54,234.43,14,0.04,Bath & Body,31,486,0.31
CUST-1606,18,Female,Paris,69800.45,1,174.91,174.91,174.91,1,0.0,Skincare,206,1,30.0
CUST-1607,18,Female,London,63830.66,5,699.66,139.93,180.25,15,0.09,Skincare,123,280,0.54
CUST-1609,32,Female,Milan,88764.34,3,376.17,125.39,145.59,7,0.0667,Skincare,6,288,0.31
CUST-1611,18,Male,Dubai,42502.64,6,983.69,163.95,254.64,13,0.0917,Fragrance,61,479,0.38
CUST-1612,37,Female,Milan,42937.53,4,638.06,159.52,232.87,11,0.05,Haircare,202,183,0.66
CUST-1613,24,Female,Paris,41719.18,5,555.93,111.19,176.49,11,0.02,Bath & Body,37,507,0.3
CUST-1614,35,Female,Tokyo,68601.74,5,685.81,137.16,188.52,12,0.08,Haircare,17,453,0.33
CUST-1615,27,Female,Milan,30419.46,4,484.01,121.0,153.47,8,0.075,Fragrance,114,412,0.29
CUST-1616,18,Female,Tokyo,110812.05,4,509.22,127.3,180.74,10,0.0625,Skincare,149,383,0.31
CUST-1617,41,Male,London,87527.35,2,280.6,140.3,151.12,5,0.025,Fragrance,30,93,0.65
CUST-1618,36,Female,London,60908.77,3,455.22,151.74,186.54,9,0.0,Haircare,53,167,0.54
CUST-1619,43,Female,London,20000.0,4,484.23,121.06,151.94,5,0.05,Fragrance,166,369,0.33
CUST-1620,39,Female,Los Angeles,31286.7,4,659.33,164.83,193.23,8,0.0375,Fragrance,72,196,0.61
CUST-1621,35,Female,New York,80993.37,4,457.43,114.36,145.72,12,0.025,Haircare,94,359,0.33
CUST-1622,18,Female,Milan,115251.69,3,265.97,88.66,131.97,9,0.05,Makeup,343,121,0.74
CUST-1623,35,Female,Tokyo,95393.43,6,1000.64,166.77,206.81,15,0.025,Bath & Body,48,427,0.42
CUST-1624,43,Female,London,106842.63,3,353.45,117.82,172.71,5,0.0333,Fragrance,176,313,0.29
CUST-1625,31,Male,Milan,72997.44,1,84.84,84.84,84.84,3,0.0,Bath & Body,446,1,30.0
CUST-1626,28,Female,Milan,79586.16,2,281.08,140.54,189.82,5,0.1,Fragrance,397,138,0.43
CUST-1627,18,Male,Tokyo,54900.69,4,419.11,104.78,157.3,8,0.0625,Haircare,55,367,0.33
CUST-1628,25,Male,Milan,79907.23,5,433.84,86.77,185.84,12,0.06,Bath & Body,130,330,0.45
CUST-1629,32,Male,New York,145186.4,3,498.24,166.08,199.77,6,0.0333,Haircare,185,319,0.28
CUST-1630,21,Female,Paris,50555.44,3,470.72,156.91,206.96,7,0.15,Bath & Body,319,114,0.79
CUST-1631,21,Male,New York,54697.88,3,500.39,166.8,242.97,6,0.0833,Bath & Body,73,270,0.33
CUST-1632,30,Female,London,60841.95,3,299.63,99.88,146.78,7,0.05,Bath & Body,7,485,0.19
CUST-1633,47,Female,Milan,67038.04,5,580.23,116.05,159.3,12,0.03,Haircare,138,331,0.45
CUST-1634,35,Male,Tokyo,94447.78,2,190.68,95.34,127.69,4,0.0,Haircare,230,224,0.27
CUST-1635,37,Non-Binary,Dubai,35046.89,5,631.87,126.37,177.05,16,0.0,Haircare,38,362,0.41
CUST-1636,45,Female,Paris,86790.05,4,639.15,159.79,193.32,10,0.0375,Fragrance,5,450,0.27
CUST-1637,49,Male,Dubai,80006.55,4,428.21,107.05,142.57,9,0.0125,Makeup,42,260,0.46
CUST-1638,28,Female,New York,80726.87,4,686.88,171.72,239.42,7,0.0375,Haircare,35,415,0.29
CUST-1640,32,Male,Milan,58850.9,1,80.04,80.04,80.04,3,0.0,Bath & Body,479,1,30.0
CUST-1641,35,Female,Dubai,60934.66,6,671.47,111.91,233.91,19,0.05,Makeup,47,474,0.38
CUST-1642,18,Female,Tokyo,140417.5,6,828.93,138.16,177.03,14,0.0667,Skincare,228,299,0.6
CUST-1643,34,Male,Paris,91248.58,3,295.62,98.54,111.01,12,0.0333,Bath & Body,143,304,0.3
CUST-1644,27,Female,Paris,20000.0,5,393.0,78.6,124.82,18,0.05,Skincare,9,516,0.29
CUST-1645,27,Female,Milan,59549.6,2,246.26,123.13,153.98,5,0.0,Haircare,93,366,0.16
CUST-1646,27,Non-Binary,Tokyo,73746.77,5,726.77,145.35,204.81,16,0.07,Skincare,25,267,0.56
CUST-1647,39,Female,New York,20000.0,3,349.04,116.35,177.14,9,0.0667,Haircare,76,298,0.3
CUST-1648,39,Female,New York,93472.24,3,290.04,96.68,141.67,7,0.05,Fragrance,164,148,0.61
CUST-1649,18,Female,Los Angeles,139334.0,4,507.86,126.96,192.68,13,0.05,Haircare,58,268,0.45
CUST-1650,30,Female,Tokyo,90660.87,2,288.23,144.12,172.23,4,0.0,Fragrance,165,278,0.22
CUST-1651,26,Female,Tokyo,96173.66,4,439.91,109.98,136.64,13,0.0625,Bath & Body,272,164,0.73
CUST-1652,44,Female,Milan,77476.73,4,252.64,63.16,118.04,8,0.075,Haircare,205,307,0.39
CUST-1653,39,Female,Milan,78845.8,5,531.1,106.22,158.33,8,0.03,Haircare,90,294,0.51
CUST-1654,40,Male,London,71033.16,2,328.46,164.23,182.62,3,0.0,Haircare,9,115,0.52
CUST-1656,33,Female,London,88468.22,6,675.79,112.63,185.28,13,0.0917,Haircare,23,360,0.5
CUST-1657,43,Female,Paris,60193.34,3,450.29,150.1,175.63,8,0.0,Skincare,17,481,0.19
CUST-1658,44,Non-Binary,New York,104054.78,4,694.85,173.71,207.81,13,0.0,Bath & Body,366,176,0.68
CUST-1659,40,Female,Tokyo,53597.9,4,331.88,82.97,123.58,8,0.075,Haircare,46,383,0.31
CUST-1660,34,Female,London,76806.55,5,509.62,101.92,152.18,10,0.01,Makeup,76,457,0.33
CUST-1661,26,Female,New York,109758.33,6,511.17,85.2,185.79,14,0.0917,Haircare,79,445,0.4
CUST-1662,35,Non-Binary,Paris,61682.47,2,272.34,136.17,151.34,5,0.0,Makeup,285,60,1.0
CUST-1663,40,Female,Paris,41807.1,3,269.75,89.92,119.21,9,0.05,Bath & Body,245,281,0.32
CUST-1664,40,Female,Los Angeles,124313.55,2,65.7,32.85,50.7,7,0.025,Fragrance,116,392,0.15
CUST-1665,45,Female,London,60480.56,2,332.76,166.38,170.07,3,0.1,Fragrance,364,152,0.39
CUST-1666,45,Female,London,21803.86,2,255.12,127.56,141.56,5,0.0,Haircare,130,179,0.34
CUST-1667,53,Non-Binary,Tokyo,89909.93,3,294.2,98.07,110.71,9,0.0667,Bath & Body,202,122,0.74
CUST-1668,31,Female,Tokyo,49197.15,3,417.76,139.25,149.52,6,0.0667,Bath & Body,181,283,0.32
CUST-1669,43,Female,London,24141.52,2,234.57,117.28,174.38,7,0.025,Fragrance,162,79,0.76
CUST-1670,20,Male,Paris,100650.16,2,284.37,142.18,195.01,5,0.1,Skincare,67,270,0.22
CUST-1671,42,Female,Paris,111851.4,6,762.22,127.04,163.19,11,0.0333,Bath & Body,141,324,0.56
CUST-1672,34,Female,New York,95993.69,3,433.19,144.4,177.75,6,0.0,Makeup,147,111,0.81
CUST-1673,35,Female,London,59499.43,2,187.79,93.9,97.22,2,0.075,Bath & Body,73,114,0.53
CUST-1674,25,Male,Tokyo,97877.37,1,127.86,127.86,127.86,3,0.0,Bath & Body,424,1,30.0
CUST-1675,44,Male,New York,53075.19,2,153.03,76.52,125.65,6,0.1,Fragrance,260,68,0.88
CUST-1676,39,Female,Tokyo,41500.22,1,175.34,175.34,175.34,2,0.15,Makeup,55,1,30.0
CUST-1677,38,Female,Dubai,26781.75,4,357.92,89.48,169.47,12,0.1,Skincare,6,217,0.55
CUST-1678,23,Female,New York,76822.04,7,689.63,98.52,173.1,17,0.05,Skincare,55,454,0.46
CUST-1679,26,Female,Los Angeles,82567.13,4,453.69,113.42,164.59,9,0.05,Fragrance,45,466,0.26
CUST-1680,37,Female,London,62897.78,3,435.6,145.2,192.54,5,0.1333,Bath & Body,14,413,0.22
CUST-1681,24,Female,Milan,83730.42,5,541.74,108.35,156.78,11,0.06,Bath & Body,13,354,0.42
CUST-1682,39,Male,New York,68797.62,4,414.6,103.65,185.03,15,0.0375,Haircare,53,420,0.29
CUST-1683,23,Female,London,105268.49,6,918.68,153.11,194.36,17,0.0417,Skincare,78,350,0.51
CUST-1684,18,Female,Los Angeles,55774.91,1,112.12,112.12,112.12,4,0.15,Fragrance,465,1,30.0
CUST-1685,23,Female,Los Angeles,107736.41,3,492.64,164.21,189.55,6,0.0667,Bath & Body,192,339,0.27
CUST-1686,38,Female,Los Angeles,50615.49,6,823.45,137.24,190.68,16,0.0583,Haircare,76,412,0.44
CUST-1687,18,Female,New York,100258.63,4,451.13,112.78,168.14,11,0.0625,Fragrance,129,406,0.3
CUST-1688,24,Female,New York,74872.39,3,306.09,102.03,172.86,11,0.0833,Bath & Body,20,425,0.21
CUST-1689,28,Male,Paris,93461.66,3,277.23,92.41,128.57,9,0.0333,Fragrance,133,358,0.25
CUST-1690,31,Male,Los Angeles,98786.23,5,418.99,83.8,151.65,11,0.06,Fragrance,360,160,0.94
CUST-1691,18,Female,Los Angeles,110758.66,7,639.28,91.33,170.72,20,0.0286,Haircare,72,384,0.55
CUST-1692,21,Female,Milan,65959.3,1,191.78,191.78,191.78,2,0.15,Haircare,476,1,30.0
CUST-1694,42,Female,London,62751.25,6,817.41,136.23,221.43,17,0.0583,Bath & Body,235,196,0.92
CUST-1695,38,Non-Binary,London,85491.64,3,462.03,154.01,182.18,9,0.1,Bath & Body,127,334,0.27
CUST-1696,18,Female,Paris,63836.79,2,250.69,125.34,188.97,4,0.075,Haircare,79,416,0.14
CUST-1697,26,Female,New York,80594.7,3,203.89,67.96,119.18,5,0.0333,Fragrance,335,117,0.77
CUST-1698,18,Female,Paris,44815.1,3,305.33,101.78,141.89,6,0.0833,Haircare,167,282,0.32
CUST-1699,23,Male,Los Angeles,80362.42,3,388.99,129.66,208.24,10,0.0667,Bath & Body,93,248,0.36
CUST-1700,51,Male,London,78304.66,5,613.42,122.68,178.15,14,0.05,Bath & Body,108,377,0.4
CUST-1701,23,Female,Dubai,96430.7,2,244.89,122.44,128.99,6,0.1,Bath & Body,147,186,0.32
CUST-1702,40,Female,London,85342.82,6,1004.23,167.37,203.04,19,0.0333,Bath & Body,57,453,0.4
CUST-1703,30,Female,Los Angeles,96638.96,2,297.35,148.68,152.88,5,0.125,Makeup,190,49,1.22
CUST-1704,33,Female,Los Angeles,94856.42,3,412.2,137.4,193.34,5,0.0667,Bath & Body,207,163,0.55
CUST-1706,27,Male,London,96618.62,6,738.79,123.13,228.52,18,0.0167,Haircare,7,372,0.48
CUST-1707,24,Female,Milan,30650.76,2,100.7,50.35,85.7,6,0.0,Bath & Body,350,194,0.31
CUST-1708,35,Female,Dubai,136347.58,3,395.78,131.93,157.14,6,0.05,Bath & Body,90,435,0.21
CUST-1709,28,Female,Milan,56973.75,1,112.36,112.36,112.36,4,0.0,Skincare,430,1,30.0
CUST-1710,60,Non-Binary,Dubai,109251.09,2,175.84,87.92,137.48,4,0.0,Fragrance,265,260,0.23
CUST-1711,18,Female,Tokyo,62084.65,5,506.21,101.24,169.4,14,0.02,Bath & Body,204,314,0.48
CUST-1712,20,Female,New York,41923.71,2,329.38,164.69,236.01,3,0.0,Fragrance,135,132,0.45
CUST-1713,19,Male,Dubai,99200.63,2,206.53,103.26,127.1,7,0.025,Bath & Body,161,140,0.43
CUST-1714,28,Female,Tokyo,28270.86,4,238.02,59.5,103.45,11,0.0125,Fragrance,17,316,0.38
CUST-1715,28,Male,London,75361.2,4,499.89,124.97,152.21,8,0.0375,Makeup,201,228,0.53
CUST-1716,38,Female,New York,56868.28,1,132.02,132.02,132.02,2,0.0,Haircare,82,1,30.0
CUST-1717,36,Female,New York,95862.32,2,165.2,82.6,137.13,7,0.125,Bath & Body,46,176,0.34
CUST-1718,32,Female,Los Angeles,91617.57,2,270.13,135.06,177.78,5,0.025,Bath & Body,136,376,0.16
CUST-1719,30,Female,Tokyo,35859.39,6,780.78,130.13,193.28,17,0.0333,Haircare,7,522,0.34
CUST-1720,18,Female,Dubai,47357.38,3,340.78,113.59,117.79,7,0.05,Fragrance,337,131,0.69
CUST-1721,18,Female,London,79584.0,3,356.19,118.73,120.85,7,0.05,Makeup,152,235,0.38
CUST-1722,24,Female,London,99716.73,3,287.07,95.69,146.08,6,0.1,Fragrance,26,214,0.42
CUST-1723,30,Female,Paris,119808.03,2,317.17,158.58,190.28,6,0.025,Makeup,462,43,1.4
CUST-1724,46,Male,London,77567.87,5,506.16,101.23,155.82,8,0.06,Haircare,10,529,0.28
CUST-1725,25,Female,Paris,63740.86,1,83.24,83.24,83.24,4,0.1,Bath & Body,31,1,30.0
CUST-1726,46,Female,Los Angeles,70459.09,2,282.95,141.48,202.86,4,0.1,Haircare,136,303,0.2
CUST-1728,24,Male,London,78068.2,2,197.98,98.99,119.27,7,0.025,Bath & Body,486,15,4.0
CUST-1729,21,Female,Los Angeles,55807.06,2,228.93,114.46,115.08,7,0.075,Fragrance,160,199,0.3
CUST-1730,40,Female,Los Angeles,45444.54,6,826.18,137.7,222.96,20,0.0333,Haircare,102,426,0.42
CUST-1731,18,Female,London,96352.07,4,298.52,74.63,142.48,13,0.05,Skincare,230,280,0.43
CUST-1732,22,Female,Tokyo,88733.19,2,271.55,135.78,196.99,4,0.025,Fragrance,75,10,6.0
CUST-1733,21,Male,Tokyo,43872.98,2,262.53,131.26,143.46,4,0.025,Makeup,97,231,0.26
CUST-1734,42,Female,New York,86144.0,3,477.98,159.33,215.37,9,0.0667,Bath & Body,315,51,1.76
CUST-1735,21,Female,Los Angeles,35417.64,6,532.77,88.8,158.69,16,0.0833,Bath & Body,152,394,0.46
CUST-1736,26,Female,Milan,126941.93,3,369.11,123.04,171.81,7,0.0167,Bath & Body,19,208,0.43
CUST-1737,46,Female,Los Angeles,114542.47,4,460.33,115.08,187.87,5,0.0125,Haircare,63,315,0.38
CUST-1738,26,Female,New York,104187.75,3,248.28,82.76,86.85,10,0.0833,Bath & Body,177,176,0.51
CUST-1739,27,Male,London,66134.4,6,595.76,99.29,174.85,16,0.0333,Makeup,20,486,0.37
CUST-1740,39,Male,Dubai,70794.87,3,413.86,137.95,178.24,8,0.0,Fragrance,20,310,0.29
CUST-1741,37,Female,Paris,42579.15,2,279.46,139.73,192.32,7,0.0,Fragrance,382,144,0.42
CUST-1742,18,Male,Paris,58001.59,2,183.58,91.79,146.79,5,0.125,Fragrance,201,113,0.53
CUST-1744,18,Male,Dubai,80341.15,6,565.41,94.24,124.57,10,0.075,Bath & Body,25,450,0.4
CUST-1745,18,Female,Tokyo,60435.48,6,827.24,137.87,185.52,15,0.0583,Bath & Body,67,375,0.48
CUST-1746,30,Female,Los Angeles,49118.94,7,970.24,138.61,228.59,10,0.0571,Makeup,112,408,0.51
CUST-1747,35,Female,Los Angeles,128308.5,4,712.7,178.18,241.08,8,0.0125,Makeup,232,228,0.53
CUST-1748,28,Non-Binary,Dubai,106440.48,4,572.88,143.22,221.92,10,0.0375,Bath & Body,54,310,0.39
CUST-1749,21,Male,Paris,30534.23,3,299.71,99.9,182.76,9,0.1,Bath & Body,172,298,0.3
CUST-1750,25,Female,New York,105334.53,5,553.69,110.74,143.09,10,0.01,Haircare,135,387,0.39
CUST-1752,31,Non-Binary,Paris,84747.17,4,320.32,80.08,125.49,15,0.0375,Bath & Body,60,474,0.25
CUST-1753,46,Female,Tokyo,69485.69,3,408.17,136.06,148.3,6,0.1,Bath & Body,18,104,0.87
CUST-1754,42,Female,Los Angeles,50962.55,2,159.96,79.98,93.27,4,0.15,Haircare,166,199,0.3
CUST-1755,36,Female,Tokyo,95443.82,7,686.21,98.03,177.87,14,0.0571,Skincare,146,326,0.64
CUST-1756,33,Female,London,87975.9,7,665.3,95.04,170.91,19,0.0571,Bath & Body,131,394,0.53
CUST-1757,34,Female,Dubai,46232.2,4,588.67,147.17,245.67,8,0.075,Haircare,16,405,0.3
CUST-1758,18,Female,Dubai,92322.97,4,408.01,102.0,200.68,13,0.0375,Fragrance,62,278,0.43
CUST-1759,25,Male,Paris,71762.07,4,494.93,123.73,152.84,13,0.0625,Fragrance,32,445,0.27
CUST-1760,25,Female,Dubai,36540.75,4,525.88,131.47,157.22,6,0.025,Skincare,83,368,0.33
CUST-1761,29,Male,London,72726.8,4,509.04,127.26,169.7,7,0.0125,Bath & Body,30,431,0.28
CUST-1762,18,Female,New York,97458.99,3,526.56,175.52,221.36,5,0.0833,Bath & Body,266,239,0.38
CUST-1763,30,Female,New York,111001.84,3,371.95,123.98,215.0,8,0.1,Haircare,344,201,0.45
CUST-1764,20,Female,Tokyo,97628.05,4,393.38,98.34,151.48,11,0.0875,Bath & Body,6,179,0.67
CUST-1765,26,Female,Los Angeles,72466.88,3,196.12,65.37,121.82,8,0.0333,Haircare,63,158,0.57
CUST-1766,34,Female,Tokyo,81376.33,3,347.32,115.77,150.75,5,0.0667,Fragrance,113,370,0.24
CUST-1767,23,Non-Binary,London,57723.64,4,567.81,141.95,204.0,11,0.0375,Fragrance,12,221,0.54
CUST-1768,25,Female,Tokyo,104061.46,7,844.43,120.63,208.05,20,0.05,Fragrance,7,483,0.43
CUST-1769,38,Female,Los Angeles,60485.2,1,153.99,153.99,153.99,4,0.0,Bath & Body,392,1,30.0
CUST-1770,47,Female,Los Angeles,70615.54,4,569.25,142.31,199.0,11,0.1625,Bath & Body,250,255,0.47
CUST-1771,36,Female,London,28604.06,3,553.17,184.39,198.87,7,0.0333,Bath & Body,433,106,0.85
CUST-1772,23,Female,New York,104906.52,1,165.66,165.66,165.66,2,0.0,Makeup,357,1,30.0
CUST-1773,30,Male,New York,37347.78,5,840.85,168.17,183.98,14,0.1,Skincare,117,415,0.36
CUST-1774,18,Female,Milan,86981.57,3,301.53,100.51,111.47,10,0.0667,Bath & Body,45,259,0.35
CUST-1775,37,Male,Paris,97193.71,4,418.09,104.52,164.72,9,0.0,Skincare,40,466,0.26
CUST-1776,27,Female,Milan,124951.24,7,860.98,123.0,164.36,16,0.0286,Skincare,44,476,0.44
CUST-1777,37,Female,Dubai,73433.32,4,424.28,106.07,176.06,8,0.075,Makeup,48,485,0.25
CUST-1778,33,Non-Binary,New York,88468.9,2,213.87,106.94,139.9,5,0.0,Haircare,101,179,0.34
CUST-1779,18,Male,Tokyo,66124.19,4,467.5,116.88,157.05,9,0.0875,Bath & Body,189,353,0.34
CUST-1780,20,Female,Dubai,89176.39,2,182.66,91.33,129.32,6,0.125,Fragrance,102,169,0.36
CUST-1781,22,Female,Los Angeles,81415.04,4,561.99,140.5,220.66,10,0.0625,Skincare,123,202,0.59
CUST-1782,18,Male,New York,93104.21,2,188.59,94.3,135.49,4,0.0,Fragrance,324,200,0.3
CUST-1783,24,Female,Tokyo,94817.78,4,553.04,138.26,188.54,12,0.0625,Bath & Body,178,252,0.48
CUST-1784,22,Female,London,78262.89,4,245.94,61.48,96.32,9,0.0875,Fragrance,139,257,0.47
CUST-1785,22,Female,London,98519.28,4,362.5,90.62,102.66,9,0.05,Bath & Body,215,232,0.52
CUST-1786,22,Female,Tokyo,71855.33,12,1460.19,121.68,174.17,31,0.0208,Haircare,20,513,0.7
CUST-1787,21,Female,Milan,60827.37,3,438.63,146.21,181.16,6,0.0333,Fragrance,67,380,0.24
CUST-1788,36,Female,Dubai,121174.51,3,323.56,107.85,157.83,6,0.1,Fragrance,82,326,0.28
CUST-1789,39,Male,Tokyo,82726.36,3,461.85,153.95,272.03,9,0.05,Bath & Body,185,257,0.35
CUST-1790,42,Female,Paris,100296.18,5,775.27,155.05,208.33,9,0.07,Fragrance,379,102,1.47
CUST-1791,34,Female,Dubai,52077.88,1,103.21,103.21,103.21,2,0.0,Haircare,530,1,30.0
CUST-1792,52,Female,Dubai,52406.28,1,133.75,133.75,133.75,1,0.0,Makeup,366,1,30.0
CUST-1793,36,Female,Tokyo,43107.93,4,356.22,89.06,137.68,12,0.025,Bath & Body,145,246,0.49
CUST-1794,24,Female,Tokyo,75962.46,5,660.46,132.09,196.63,9,0.09,Makeup,8,245,0.61
CUST-1795,18,Female,Milan,136030.54,2,242.26,121.13,141.86,7,0.1,Fragrance,215,33,1.82
CUST-1796,36,Female,Los Angeles,61596.22,2,237.89,118.94,172.65,6,0.075,Haircare,387,154,0.39
CUST-1797,45,Female,Los Angeles,31172.32,4,384.56,96.14,157.82,9,0.025,Fragrance,247,166,0.72
CUST-1798,54,Female,Los Angeles,20000.0,2,233.48,116.74,163.49,2,0.0,Bath & Body,104,165,0.36
CUST-1799,43,Female,New York,96446.62,9,1137.71,126.41,220.14,24,0.0389,Makeup,74,427,0.63
CUST-1800,18,Female,Dubai,94589.74,5,690.81,138.16,213.21,9,0.06,Skincare,204,206,0.73
CUST-1801,30,Female,Tokyo,26316.5,2,209.78,104.89,115.53,3,0.05,Fragrance,80,265,0.23
CUST-1802,18,Female,London,22412.5,4,578.02,144.5,194.74,13,0.075,Bath & Body,222,131,0.92
CUST-1803,40,Female,New York,115658.76,2,442.46,221.23,224.73,2,0.075,Bath & Body,517,8,7.5
CUST-1804,34,Male,London,106525.35,1,127.83,127.83,127.83,2,0.1,Haircare,254,1,30.0
CUST-1805,37,Female,Tokyo,91274.14,4,373.66,93.42,114.1,9,0.075,Haircare,143,340,0.35
CUST-1807,27,Male,Milan,108469.45,2,147.84,73.92,115.85,2,0.075,Bath & Body,63,321,0.19
CUST-1808,39,Female,Tokyo,113488.6,2,261.88,130.94,163.26,3,0.05,Fragrance,237,267,0.22
CUST-1809,34,Female,Dubai,76751.3,2,312.5,156.25,178.09,6,0.0,Haircare,346,89,0.67
CUST-1810,18,Female,Paris,48534.74,4,627.66,156.92,220.6,10,0.05,Bath & Body,49,474,0.25
CUST-1811,47,Female,Dubai,41797.59,2,185.54,92.77,146.11,3,0.025,Bath & Body,11,103,0.58
CUST-1812,42,Male,Milan,37860.99,4,708.82,177.2,239.37,9,0.0375,Bath & Body,15,362,0.33
CUST-1813,28,Female,Dubai,72234.09,1,96.74,96.74,96.74,4,0.1,Skincare,39,1,30.0
CUST-1814,18,Female,Milan,41758.92,4,540.46,135.11,149.23,7,0.075,Haircare,105,331,0.36
CUST-1815,30,Female,Paris,25316.5,4,472.8,118.2,210.82,9,0.05,Bath & Body,137,259,0.46
CUST-1816,21,Female,New York,84017.23,3,405.17,135.06,172.97,8,0.0667,Bath & Body,167,314,0.29
CUST-1817,36,Female,Los Angeles,67589.35,2,199.52,99.76,125.19,4,0.0,Makeup,28,490,0.12
CUST-1818,40,Female,Milan,20000.0,2,150.95,75.47,89.63,7,0.1,Fragrance,232,262,0.23
CUST-1819,21,Female,New York,118125.96,2,318.99,159.5,174.25,5,0.05,Haircare,122,196,0.31
CUST-1820,18,Female,Dubai,96037.32,6,731.8,121.97,239.4,14,0.025,Haircare,59,464,0.39
CUST-1821,45,Female,Paris,106941.62,2,190.45,95.22,100.03,6,0.025,Haircare,418,92,0.65
CUST-1822,38,Female,Paris,85044.72,3,488.44,162.81,222.93,10,0.0833,Skincare,90,146,0.62
CUST-1823,18,Male,Paris,66950.19,5,763.12,152.62,183.97,15,0.08,Fragrance,3,326,0.46
CUST-1824,30,Male,Milan,66890.11,3,330.11,110.04,146.23,6,0.05,Makeup,105,225,0.4
CUST-1827,35,Female,Paris,41409.39,2,337.94,168.97,180.88,5,0.0,Haircare,39,455,0.13
CUST-1828,27,Female,Tokyo,140814.52,4,477.71,119.43,195.62,11,0.05,Makeup,5,289,0.42
CUST-1829,44,Female,Milan,54159.1,4,412.43,103.11,153.72,15,0.0,Fragrance,51,370,0.32
CUST-1830,40,Male,Tokyo,62568.4,3,455.88,151.96,185.2,8,0.0167,Makeup,46,378,0.24
CUST-1831,26,Female,New York,81587.18,5,468.87,93.77,134.71,14,0.06,Fragrance,103,316,0.47
CUST-1832,40,Female,Dubai,59490.91,7,721.32,103.05,161.02,17,0.0357,Fragrance,80,411,0.51
CUST-1833,35,Male,New York,114704.35,8,768.45,96.06,127.05,20,0.0375,Skincare,171,316,0.76
CUST-1834,33,Female,Paris,50854.12,3,301.68,100.56,151.2,8,0.1333,Bath & Body,41,497,0.18
CUST-1835,24,Female,Dubai,105546.08,3,344.04,114.68,151.44,6,0.0333,Bath & Body,115,354,0.25
CUST-1836,23,Female,Paris,126405.18,6,593.06,98.84,156.22,18,0.05,Makeup,83,422,0.43
CUST-1837,44,Female,Paris,122789.88,1,153.3,153.3,153.3,3,0.0,Skincare,316,1,30.0
CUST-1839,33,Female,Tokyo,20000.0,6,496.4,82.73,143.43,17,0.0333,Fragrance,65,476,0.38
CUST-1840,18,Female,New York,92505.55,5,700.21,140.04,231.02,10,0.1,Skincare,22,507,0.3
CUST-1841,31,Female,Tokyo,51685.21,7,543.3,77.61,162.91,20,0.0286,Fragrance,25,465,0.45
CUST-1842,37,Non-Binary,Paris,64689.65,4,320.91,80.23,132.86,14,0.0375,Haircare,379,103,1.17
CUST-1843,36,Female,Los Angeles,55387.2,6,891.8,148.63,191.89,14,0.0167,Makeup,24,331,0.54
CUST-1844,48,Male,London,32882.48,7,844.24,120.61,156.4,15,0.0643,Makeup,153,393,0.53
CUST-1845,27,Female,Milan,44629.85,1,15.0,15.0,15.0,4,0.0,Fragrance,259,1,30.0
CUST-1846,26,Female,Dubai,86985.17,4,494.26,123.56,191.72,12,0.0125,Fragrance,31,490,0.24
CUST-1847,25,Female,Tokyo,49783.44,2,237.04,118.52,186.64,3,0.0,Makeup,290,247,0.24
CUST-1848,18,Female,Tokyo,81439.47,1,50.31,50.31,50.31,2,0.0,Bath & Body,9,1,30.0
CUST-1849,21,Female,Tokyo,65910.95,4,476.71,119.18,172.42,10,0.0375,Skincare,89,351,0.34
CUST-1850,23,Male,Los Angeles,132860.45,3,269.63,89.88,109.01,8,0.0333,Fragrance,60,408,0.22
CUST-1851,24,Female,Milan,76844.25,5,505.07,101.01,189.86,11,0.0,Fragrance,239,155,0.97
CUST-1852,28,Male,Dubai,70416.64,5,701.81,140.36,182.69,18,0.02,Haircare,161,363,0.41
CUST-1853,21,Female,Dubai,72149.6,6,703.06,117.18,191.61,10,0.05,Skincare,138,205,0.88
CUST-1854,33,Female,Tokyo,72920.71,2,344.77,172.38,188.87,5,0.1,Bath & Body,339,47,1.28
CUST-1855,28,Female,New York,56196.09,4,465.79,116.45,135.96,12,0.0125,Skincare,62,360,0.33
CUST-1856,28,Female,Milan,64271.26,2,242.8,121.4,154.72,3,0.05,Haircare,381,31,1.94
CUST-1857,25,Female,London,126934.5,3,442.81,147.6,191.06,9,0.0,Haircare,229,139,0.65
CUST-1858,24,Female,Tokyo,113016.0,2,209.99,105.0,105.72,6,0.0,Bath & Body,11,518,0.12
CUST-1859,21,Female,Los Angeles,66010.74,3,307.44,102.48,119.47,5,0.0833,Makeup,22,508,0.18
CUST-1860,21,Female,Paris,61568.07,2,297.62,148.81,183.15,5,0.1,Bath & Body,456,3,20.0
CUST-1862,29,Female,New York,95186.12,4,550.47,137.62,190.1,11,0.0125,Fragrance,10,428,0.28
CUST-1863,33,Female,Milan,85263.93,6,495.37,82.56,131.82,13,0.0667,Haircare,12,301,0.6
CUST-1864,18,Female,Paris,98759.24,5,593.09,118.62,184.03,13,0.02,Skincare,120,420,0.36
CUST-1865,37,Female,New York,57388.66,5,507.3,101.46,141.82,11,0.03,Bath & Body,145,353,0.42
CUST-1866,18,Non-Binary,London,42111.98,3,378.57,126.19,148.98,5,0.0167,Bath & Body,32,434,0.21
CUST-1867,27,Male,Paris,78002.97,3,375.28,125.09,174.33,9,0.0667,Haircare,299,245,0.37
CUST-1868,40,Female,Tokyo,69453.48,4,416.82,104.21,141.08,11,0.0875,Makeup,102,366,0.33
CUST-1869,46,Female,New York,41019.97,1,90.58,90.58,90.58,3,0.0,Skincare,60,1,30.0
CUST-1870,48,Female,Paris,66693.56,6,835.95,139.33,193.03,10,0.0667,Bath & Body,182,256,0.7
CUST-1871,38,Female,Milan,129081.37,4,448.64,112.16,132.92,8,0.1125,Makeup,81,434,0.28
CUST-1872,30,Male,Milan,70943.22,4,455.55,113.89,154.41,13,0.1125,Skincare,74,401,0.3
CUST-1873,30,Female,Los Angeles,78875.92,3,516.47,172.16,248.5,8,0.0833,Fragrance,149,199,0.45
CUST-1874,38,Female,Milan,86868.55,5,647.87,129.57,202.32,13,0.08,Bath & Body,27,502,0.3
CUST-1875,25,Female,Paris,70075.23,4,527.17,131.79,158.5,9,0.05,Bath & Body,32,319,0.38
CUST-1876,20,Female,New York,118453.67,1,114.9,114.9,114.9,3,0.1,Skincare,382,1,30.0
CUST-1877,35,Female,Milan,28466.28,3,358.99,119.66,159.45,5,0.1167,Bath & Body,101,153,0.59
CUST-1878,36,Female,Los Angeles,69114.61,4,600.48,150.12,207.03,10,0.1125,Haircare,84,130,0.92
CUST-1879,33,Female,Tokyo,36491.56,3,250.37,83.46,112.16,9,0.0667,Makeup,138,320,0.28
CUST-1880,54,Female,Paris,32494.88,5,583.07,116.61,152.3,11,0.08,Fragrance,91,454,0.33
CUST-1881,25,Non-Binary,Dubai,41397.14,1,39.84,39.84,39.84,3,0.1,Makeup,188,1,30.0
CUST-1882,34,Female,Dubai,81786.94,1,127.5,127.5,127.5,4,0.05,Bath & Body,204,1,30.0
CUST-1883,41,Male,Los Angeles,102855.83,2,300.6,150.3,211.67,8,0.075,Makeup,285,41,1.46
CUST-1884,37,Female,Paris,52806.05,4,348.85,87.21,130.41,12,0.0,Skincare,119,357,0.34
CUST-1885,21,Female,Los Angeles,79505.43,1,149.5,149.5,149.5,4,0.0,Haircare,293,1,30.0
CUST-1886,47,Female,Tokyo,64521.66,1,58.14,58.14,58.14,4,0.0,Makeup,230,1,30.0
CUST-1887,38,Female,New York,132743.07,4,576.69,144.17,223.62,13,0.0625,Haircare,149,293,0.41
CUST-1888,39,Female,Paris,61813.27,8,766.82,95.85,138.08,23,0.075,Skincare,47,470,0.51
CUST-1889,30,Female,London,56255.58,3,353.05,117.68,179.6,4,0.0167,Skincare,258,104,0.87
CUST-1890,49,Male,New York,69551.2,1,64.47,64.47,64.47,2,0.15,Skincare,142,1,30.0
CUST-1891,30,Female,Paris,49877.57,4,501.41,125.35,209.87,10,0.0625,Bath & Body,197,338,0.36
CUST-1893,40,Male,Paris,32878.2,5,733.3,146.66,215.1,13,0.04,Haircare,87,288,0.52
CUST-1894,18,Male,Los Angeles,144087.46,1,114.98,114.98,114.98,2,0.0,Fragrance,362,1,30.0
CUST-1895,42,Female,Milan,57789.56,2,233.39,116.7,138.19,5,0.05,Bath & Body,390,96,0.62
CUST-1896,30,Female,New York,113898.84,2,165.96,82.98,133.84,3,0.05,Fragrance,264,153,0.39
CUST-1897,21,Female,Paris,20000.0,4,464.12,116.03,151.52,14,0.05,Skincare,36,484,0.25
CUST-1898,31,Female,Tokyo,67006.64,3,302.77,100.92,123.32,8,0.0333,Fragrance,180,242,0.37
CUST-1899,22,Female,Tokyo,78098.95,3,475.86,158.62,207.9,6,0.0667,Fragrance,148,335,0.27
CUST-1900,18,Female,Tokyo,46122.77,3,172.73,57.58,99.0,8,0.0333,Haircare,209,302,0.3
CUST-1901,25,Female,New York,72492.26,3,301.73,100.58,132.2,6,0.0,Haircare,130,163,0.55
CUST-1902,25,Female,New York,120023.51,4,560.3,140.07,209.29,6,0.05,Makeup,25,402,0.3
CUST-1903,18,Female,Dubai,53724.96,2,277.27,138.64,220.44,2,0.025,Fragrance,127,87,0.69
CUST-1904,18,Female,New York,114162.73,2,315.43,157.72,158.46,6,0.125,Bath & Body,200,258,0.23
CUST-1905,18,Female,Dubai,83844.27,3,365.06,121.69,184.88,3,0.1333,Makeup,193,176,0.51
CUST-1906,26,Female,New York,89314.57,4,568.18,142.04,189.97,8,0.075,Fragrance,279,195,0.62
CUST-1907,18,Female,Los Angeles,46416.32,2,293.19,146.6,172.65,8,0.025,Bath & Body,275,92,0.65
CUST-1908,34,Male,Dubai,76028.38,4,552.66,138.16,201.46,7,0.0375,Skincare,223,177,0.68
CUST-1909,28,Female,New York,38461.1,6,703.03,117.17,155.54,15,0.0417,Fragrance,81,447,0.4
CUST-1910,38,Male,London,71538.6,2,200.72,100.36,141.93,4,0.0,Bath & Body,286,142,0.42
CUST-1911,49,Female,Paris,64434.16,4,448.36,112.09,163.22,11,0.05,Fragrance,2,519,0.23
CUST-1912,37,Male,London,38911.07,5,574.2,114.84,154.34,11,0.04,Fragrance,133,328,0.46
CUST-1913,35,Female,New York,69424.36,4,556.35,139.09,161.66,8,0.0625,Fragrance,34,463,0.26
CUST-1915,28,Female,Paris,46899.35,1,148.16,148.16,148.16,3,0.0,Haircare,539,1,30.0
CUST-1916,38,Female,Tokyo,116158.23,2,297.83,148.92,170.39,2,0.0,Makeup,11,251,0.24
CUST-1918,40,Male,Dubai,107671.85,3,392.7,130.9,152.41,6,0.0333,Fragrance,173,261,0.34
CUST-1919,43,Female,Dubai,98721.07,5,721.51,144.3,199.04,13,0.04,Bath & Body,14,457,0.33
CUST-1920,50,Female,New York,53959.81,1,127.3,127.3,127.3,2,0.0,Bath & Body,150,1,30.0
CUST-1921,37,Female,New York,69689.28,6,692.83,115.47,195.21,14,0.1,Bath & Body,56,475,0.38
CUST-1922,36,Female,Tokyo,54057.26,1,66.03,66.03,66.03,1,0.05,Makeup,315,1,30.0
CUST-1923,18,Female,London,65936.62,4,455.33,113.83,149.19,7,0.0875,Haircare,76,312,0.38
CUST-1924,29,Female,Los Angeles,80159.92,1,100.44,100.44,100.44,2,0.0,Haircare,119,1,30.0
CUST-1925,18,Female,Paris,83362.48,6,797.49,132.92,186.51,16,0.0583,Fragrance,22,476,0.38
CUST-1926,40,Female,New York,125295.65,5,635.64,127.13,169.88,13,0.04,Skincare,27,496,0.3
CUST-1927,44,Female,Los Angeles,73496.98,2,104.85,52.42,53.19,4,0.05,Fragrance,382,60,1.0
CUST-1928,43,Female,New York,80727.37,7,978.23,139.75,188.97,16,0.0357,Fragrance,32,443,0.47
CUST-1929,34,Non-Binary,New York,105224.55,3,241.4,80.47,116.72,4,0.05,Makeup,229,40,2.25
CUST-1930,50,Female,Los Angeles,94661.76,3,325.54,108.51,126.98,8,0.0333,Skincare,17,472,0.19
CUST-1931,38,Female,Paris,59405.78,5,597.92,119.58,215.7,10,0.12,Bath & Body,134,278,0.54
CUST-1932,18,Female,Dubai,34472.01,1,103.71,103.71,103.71,3,0.0,Bath & Body,86,1,30.0
CUST-1933,30,Female,Milan,66856.74,1,157.03,157.03,157.03,1,0.0,Fragrance,103,1,30.0
CUST-1934,35,Female,Paris,56524.28,6,897.45,149.58,190.95,15,0.05,Bath & Body,96,385,0.47
CUST-1935,63,Female,London,74079.66,2,154.68,77.34,110.08,4,0.05,Fragrance,112,14,4.29
CUST-1936,18,Female,Paris,70224.31,2,370.63,185.32,240.63,4,0.025,Skincare,138,2,30.0
CUST-1937,36,Female,Paris,88343.65,6,672.11,112.02,175.94,14,0.025,Fragrance,28,511,0.35
CUST-1938,38,Female,Milan,107512.35,3,351.68,117.23,141.74,9,0.0833,Skincare,32,324,0.28
CUST-1939,20,Male,Milan,62515.39,8,1177.8,147.22,259.51,23,0.05,Bath & Body,35,501,0.48
CUST-1940,31,Male,Tokyo,61445.08,1,182.16,182.16,182.16,1,0.0,Fragrance,274,1,30.0
CUST-1941,46,Female,Dubai,66684.07,3,330.65,110.22,144.58,11,0.1167,Bath & Body,287,68,1.32
CUST-1942,40,Female,New York,70453.72,2,195.38,97.69,119.91,3,0.025,Bath & Body,359,155,0.39
CUST-1943,29,Male,Dubai,105073.23,7,753.39,107.63,163.78,11,0.0571,Haircare,24,522,0.4
CUST-1944,39,Female,Milan,62093.6,4,446.88,111.72,166.59,7,0.0875,Bath & Body,30,492,0.24
CUST-1945,26,Female,Tokyo,67310.57,2,223.1,111.55,151.49,5,0.0,Bath & Body,219,297,0.2
CUST-1946,29,Non-Binary,Paris,56240.97,3,291.74,97.25,153.76,7,0.05,Skincare,5,253,0.36
CUST-1947,36,Female,New York,74117.94,6,682.86,113.81,164.08,20,0.0333,Bath & Body,36,472,0.38
CUST-1948,33,Female,Paris,106370.3,2,245.73,122.86,137.34,5,0.0,Fragrance,250,291,0.21
CUST-1949,23,Non-Binary,Los Angeles,48075.61,3,358.52,119.51,171.79,7,0.0167,Skincare,395,144,0.62
CUST-1950,18,Male,Los Angeles,84545.2,2,226.64,113.32,193.43,4,0.025,Haircare,12,413,0.15
CUST-1951,22,Male,Milan,56984.19,3,268.36,89.45,123.92,4,0.1167,Fragrance,274,182,0.49
CUST-1952,42,Female,Milan,75963.88,4,398.56,99.64,117.76,12,0.1,Fragrance,115,309,0.39
CUST-1953,30,Female,Tokyo,59567.52,1,154.93,154.93,154.93,3,0.0,Makeup,13,1,30.0
CUST-1954,29,Male,Tokyo,109184.26,2,334.63,167.32,167.91,4,0.15,Haircare,24,511,0.12
CUST-1955,25,Female,Milan,118704.51,3,268.85,89.62,167.9,8,0.0833,Bath & Body,160,143,0.63
CUST-1956,27,Male,Tokyo,89235.36,4,635.27,158.82,188.57,9,0.075,Skincare,85,100,1.2
CUST-1957,18,Male,Los Angeles,102428.82,3,350.37,116.79,153.8,10,0.0333,Fragrance,170,355,0.25
CUST-1958,43,Male,Dubai,96832.92,3,344.03,114.68,130.28,9,0.05,Skincare,382,44,2.05
CUST-1959,23,Female,Milan,109168.67,3,288.38,96.13,135.66,5,0.0833,Fragrance,95,392,0.23
CUST-1960,18,Male,London,24974.64,2,280.59,140.3,162.19,5,0.1,Bath & Body,305,102,0.59
CUST-1961,31,Female,New York,86350.16,2,146.62,73.31,113.04,8,0.125,Fragrance,157,146,0.41
CUST-1962,43,Female,New York,53915.67,8,953.32,119.16,177.53,16,0.0312,Haircare,31,501,0.48
CUST-1963,54,Female,Paris,94199.58,6,746.18,124.36,200.06,16,0.0167,Makeup,37,379,0.47
CUST-1964,34,Female,Tokyo,27196.95,2,297.73,148.86,155.63,8,0.1,Haircare,289,248,0.24
CUST-1965,44,Female,Paris,73173.28,3,341.61,113.87,187.62,7,0.0333,Bath & Body,145,242,0.37
CUST-1966,34,Male,New York,91234.12,3,380.65,126.88,160.56,9,0.05,Bath & Body,334,195,0.46
CUST-1967,37,Female,London,99272.52,2,256.3,128.15,167.17,6,0.1,Haircare,387,54,1.11
CUST-1968,53,Female,Tokyo,101508.48,2,224.85,112.43,130.71,3,0.025,Bath & Body,174,175,0.34
CUST-1969,48,Female,Paris,62004.15,3,259.66,86.55,115.03,4,0.0167,Fragrance,70,400,0.22
CUST-1970,38,Female,London,129937.09,3,403.93,134.64,180.1,7,0.0,Skincare,36,502,0.18
CUST-1971,18,Male,Paris,77374.84,2,204.13,102.06,102.15,6,0.05,Bath & Body,239,282,0.21
CUST-1972,20,Female,Tokyo,20000.0,4,607.45,151.86,182.54,9,0.0125,Bath & Body,93,377,0.32
CUST-1973,24,Male,Milan,75717.33,1,173.37,173.37,173.37,4,0.0,Haircare,391,1,30.0
CUST-1974,18,Non-Binary,Dubai,37843.07,4,413.38,103.34,167.98,8,0.0375,Bath & Body,72,438,0.27
CUST-1975,43,Female,New York,72378.94,7,746.05,106.58,193.84,17,0.05,Skincare,52,492,0.43
CUST-1976,49,Female,Paris,85207.61,5,640.66,128.13,173.61,16,0.01,Makeup,195,302,0.5
CUST-1977,59,Non-Binary,Los Angeles,76233.2,3,292.3,97.43,156.12,8,0.0333,Bath & Body,91,426,0.21
CUST-1978,18,Female,Paris,59134.87,4,594.67,148.67,170.07,13,0.0875,Skincare,10,329,0.36
CUST-1979,39,Male,Dubai,93988.66,7,910.31,130.04,291.45,13,0.0286,Haircare,13,409,0.51
CUST-1980,35,Female,Tokyo,86216.81,3,449.03,149.68,196.42,5,0.0667,Makeup,403,55,1.64
CUST-1981,45,Female,London,68245.58,4,426.95,106.74,174.44,13,0.05,Bath & Body,96,434,0.28
CUST-1982,30,Female,New York,90551.75,2,334.21,167.1,186.45,7,0.1,Fragrance,43,297,0.2
CUST-1983,36,Female,New York,62577.43,3,426.45,142.15,169.2,8,0.0667,Fragrance,8,418,0.22
CUST-1984,47,Female,Tokyo,112153.98,2,217.13,108.56,194.63,5,0.05,Bath & Body,165,221,0.27
CUST-1985,28,Female,Milan,70054.08,2,301.04,150.52,210.8,3,0.05,Makeup,89,314,0.19
CUST-1986,28,Female,Tokyo,48620.35,1,118.01,118.01,118.01,2,0.1,Haircare,16,1,30.0
CUST-1987,24,Female,New York,52350.87,2,273.18,136.59,189.32,5,0.0,Fragrance,112,100,0.6
CUST-1988,25,Female,Milan,70811.07,3,367.2,122.4,176.68,8,0.0333,Skincare,190,253,0.36
CUST-1989,47,Male,New York,64031.35,3,405.88,135.29,140.16,8,0.0333,Bath & Body,108,406,0.22
CUST-1990,30,Male,Los Angeles,115310.97,6,634.39,105.73,180.3,15,0.0667,Fragrance,197,345,0.52
CUST-1991,30,Female,New York,24118.99,1,156.61,156.61,156.61,2,0.0,Fragrance,262,1,30.0
CUST-1992,34,Male,Dubai,100809.73,1,216.18,216.18,216.18,1,0.1,Bath & Body,191,1,30.0
CUST-1993,31,Female,Milan,95493.49,3,392.74,130.91,155.0,6,0.1333,Haircare,121,410,0.22
CUST-1994,45,Male,Paris,78169.83,5,569.6,113.92,171.24,11,0.04,Fragrance,169,311,0.48
CUST-1995,31,Non-Binary,Los Angeles,30418.72,3,286.74,95.58,128.74,7,0.0667,Fragrance,146,364,0.25
CUST-1996,29,Female,Milan,26619.24,5,546.61,109.32,141.98,9,0.09,Haircare,118,397,0.38
CUST-1997,35,Male,New York,62033.33,3,454.88,151.63,200.24,10,0.0833,Bath & Body,119,262,0.34
CUST-1998,45,Female,Paris,101661.63,2,130.77,65.39,84.28,4,0.025,Bath & Body,117,302,0.2
CUST-1999,23,Male,New York,85086.72,3,321.43,107.14,123.79,9,0.05,Fragrance,72,160,0.56
CUST-2000,28,Female,Los Angeles,76998.92,1,118.95,118.95,118.95,4,0.0,Skincare,228,1,30.0
CUST-2001,27,Female,Dubai,66753.99,3,474.22,158.07,184.79,10,0.0333,Fragrance,175,351,0.26
CUST-2002,28,Female,London,114498.5,3,447.18,149.06,202.1,5,0.0167,Fragrance,62,65,1.38
CUST-2003,29,Female,New York,49093.88,3,400.94,133.65,236.1,6,0.0167,Bath & Body,358,136,0.66
CUST-2004,42,Female,Los Angeles,92010.28,6,759.27,126.54,202.21,13,0.0833,Bath & Body,158,282,0.64
CUST-2005,37,Female,Tokyo,58770.22,4,519.71,129.93,144.03,11,0.1125,Haircare,141,375,0.32
CUST-2006,37,Female,Los Angeles,92738.4,5,659.59,131.92,164.67,14,0.06,Haircare,4,453,0.33
CUST-2007,28,Non-Binary,Tokyo,70463.77,5,485.19,97.04,114.68,11,0.03,Haircare,244,253,0.59
CUST-2008,21,Male,Dubai,68964.24,2,276.13,138.06,193.34,3,0.05,Makeup,399,53,1.13
CUST-2009,42,Female,Tokyo,100847.27,6,746.63,124.44,193.35,14,0.0667,Bath & Body,1,364,0.49
CUST-2010,29,Female,Dubai,71858.37,3,371.26,123.75,191.27,8,0.0167,Haircare,40,183,0.49
CUST-2011,47,Female,Tokyo,26015.24,4,475.03,118.76,179.14,9,0.0625,Haircare,39,485,0.25
CUST-2012,51,Female,Paris,132409.58,2,64.79,32.39,49.79,4,0.025,Haircare,59,85,0.71
CUST-2013,24,Male,Milan,70820.99,3,514.14,171.38,201.0,4,0.0167,Fragrance,141,311,0.29
CUST-2014,23,Female,New York,85084.75,7,647.09,92.44,166.36,15,0.0571,Fragrance,69,418,0.5
CUST-2015,21,Female,Paris,30326.36,3,348.2,116.07,177.87,7,0.05,Bath & Body,109,326,0.28
CUST-2016,44,Female,Paris,80440.7,1,240.92,240.92,240.92,3,0.0,Makeup,362,1,30.0
CUST-2017,18,Female,Los Angeles,69183.2,1,67.68,67.68,67.68,1,0.1,Bath & Body,76,1,30.0
CUST-2018,24,Non-Binary,New York,85359.05,4,608.99,152.25,181.33,13,0.05,Bath & Body,284,231,0.52
CUST-2019,39,Male,Los Angeles,62277.4,3,358.45,119.48,152.93,7,0.0,Bath & Body,118,196,0.46
CUST-2020,30,Female,Milan,65511.26,1,117.8,117.8,117.8,4,0.1,Skincare,346,1,30.0
CUST-2021,35,Female,Milan,54715.72,3,458.1,152.7,155.36,6,0.0333,Haircare,45,184,0.49
CUST-2022,34,Female,Tokyo,73138.85,2,164.26,82.13,140.2,4,0.0,Bath & Body,52,382,0.16
CUST-2023,38,Female,Los Angeles,123530.44,7,755.57,107.94,193.91,14,0.0571,Haircare,17,455,0.46
CUST-2024,39,Male,Dubai,69809.22,3,268.11,89.37,123.12,9,0.0833,Bath & Body,116,344,0.26
CUST-2025,38,Female,Los Angeles,63859.92,2,180.54,90.27,95.87,5,0.075,Fragrance,167,252,0.24
CUST-2026,18,Male,Dubai,127551.12,2,272.72,136.36,141.11,3,0.05,Fragrance,272,133,0.45
CUST-2027,44,Male,New York,100271.56,5,625.07,125.01,153.3,14,0.01,Haircare,98,334,0.45
CUST-2028,22,Female,Dubai,61175.01,3,560.12,186.71,204.7,10,0.0333,Fragrance,245,169,0.53
CUST-2029,24,Female,Dubai,49147.47,3,339.18,113.06,146.19,6,0.0333,Bath & Body,2,316,0.28
CUST-2030,42,Female,New York,21018.28,2,188.7,94.35,95.05,7,0.025,Bath & Body,148,89,0.67
CUST-2031,49,Female,Paris,26030.66,4,503.84,125.96,155.33,11,0.0375,Skincare,313,106,1.13
CUST-2032,24,Male,London,35642.57,2,197.68,98.84,127.71,4,0.075,Haircare,29,404,0.15
CUST-2033,43,Female,New York,94920.12,1,215.25,215.25,215.25,1,0.0,Makeup,128,1,30.0
CUST-2034,23,Female,London,57404.69,1,59.99,59.99,59.99,2,0.15,Fragrance,192,1,30.0
CUST-2035,56,Female,Dubai,64331.07,4,332.49,83.12,102.84,9,0.025,Haircare,121,317,0.38
CUST-2036,39,Female,New York,27182.34,4,444.01,111.0,146.11,10,0.05,Makeup,65,350,0.34
CUST-2037,38,Female,Dubai,54943.2,3,287.58,95.86,118.63,8,0.0,Haircare,112,318,0.28
CUST-2038,32,Female,Tokyo,85454.68,5,469.76,93.95,147.68,8,0.08,Haircare,190,252,0.6
CUST-2039,34,Male,Paris,57141.21,2,362.43,181.21,213.29,2,0.075,Bath & Body,386,82,0.73
CUST-2040,20,Female,Dubai,61891.06,2,168.02,84.01,91.97,7,0.075,Haircare,215,35,1.71
CUST-2041,23,Female,New York,97136.47,6,700.44,116.74,185.04,15,0.1,Makeup,188,134,1.34
CUST-2042,41,Female,Tokyo,82015.91,3,410.96,136.99,207.93,7,0.0667,Fragrance,211,303,0.3
CUST-2043,18,Female,Tokyo,59572.74,3,333.71,111.24,161.34,7,0.0,Fragrance,101,313,0.29
CUST-2045,37,Female,Milan,69721.74,4,288.78,72.19,136.54,5,0.0875,Skincare,77,365,0.33
CUST-2046,27,Male,Tokyo,68253.13,5,660.85,132.17,197.68,16,0.08,Haircare,80,310,0.48
CUST-2047,18,Female,London,62979.16,5,703.75,140.75,190.59,10,0.04,Makeup,112,359,0.42
CUST-2049,32,Female,New York,55113.82,2,240.82,120.41,123.9,2,0.075,Fragrance,262,126,0.48
CUST-2050,48,Female,Dubai,90798.16,1,79.62,79.62,79.62,4,0.1,Haircare,545,1,30.0
CUST-2051,30,Male,London,78739.94,10,1170.8,117.08,173.48,33,0.04,Haircare,16,390,0.77
CUST-2052,29,Male,Los Angeles,59530.2,3,264.78,88.26,127.38,7,0.0333,Bath & Body,75,417,0.22
CUST-2053,26,Female,New York,28697.42,1,55.92,55.92,55.92,2,0.15,Bath & Body,543,1,30.0
CUST-2054,18,Male,Tokyo,65301.13,3,212.96,70.99,107.28,7,0.0667,Fragrance,303,206,0.44
CUST-2055,41,Female,Milan,99338.94,3,340.54,113.51,189.3,7,0.0833,Bath & Body,264,64,1.41
CUST-2056,18,Non-Binary,New York,97536.46,2,228.68,114.34,148.21,5,0.05,Fragrance,138,87,0.69
CUST-2057,39,Female,Milan,32681.68,5,553.54,110.71,170.34,14,0.04,Makeup,66,429,0.35
CUST-2058,29,Female,Los Angeles,99252.53,1,81.17,81.17,81.17,2,0.0,Bath & Body,81,1,30.0
CUST-2059,29,Female,New York,59644.08,2,307.67,153.84,213.19,5,0.075,Haircare,95,172,0.35
CUST-2060,28,Male,Tokyo,111493.3,5,486.87,97.37,170.73,13,0.02,Fragrance,165,240,0.62
CUST-2061,35,Female,New York,56143.1,2,214.89,107.44,116.79,2,0.075,Fragrance,94,294,0.2
CUST-2062,18,Female,Tokyo,49839.17,5,696.64,139.33,176.41,12,0.06,Makeup,52,328,0.46
CUST-2063,52,Female,New York,68824.36,3,281.1,93.7,164.02,7,0.1,Fragrance,1,522,0.17
CUST-2064,35,Female,Tokyo,61213.57,5,543.92,108.78,138.8,8,0.03,Fragrance,13,396,0.38
CUST-2065,18,Female,Dubai,48782.83,5,780.03,156.01,219.68,10,0.01,Bath & Body,81,198,0.76
CUST-2066,36,Female,Tokyo,62531.84,2,281.42,140.71,194.92,6,0.0,Haircare,10,93,0.65
CUST-2067,30,Male,Tokyo,88194.12,3,443.71,147.9,174.59,7,0.05,Bath & Body,75,417,0.22
CUST-2068,19,Female,Tokyo,91747.53,4,557.05,139.26,232.83,11,0.0,Fragrance,372,125,0.96
CUST-2069,28,Female,Tokyo,77733.51,1,184.79,184.79,184.79,1,0.05,Bath & Body,285,1,30.0
CUST-2070,25,Female,Los Angeles,89813.26,4,490.76,122.69,143.28,8,0.05,Fragrance,290,188,0.64
CUST-2071,38,Male,Los Angeles,52410.11,4,473.69,118.42,177.12,7,0.075,Bath & Body,26,486,0.25
CUST-2072,26,Female,London,27253.21,3,321.6,107.2,158.56,8,0.1,Haircare,8,263,0.34
CUST-2073,39,Female,Dubai,61952.45,9,1296.35,144.04,210.23,23,0.0722,Fragrance,56,475,0.57
CUST-2074,18,Male,Dubai,77450.74,3,377.5,125.83,160.09,3,0.0167,Haircare,49,435,0.21
CUST-2075,25,Female,New York,108216.16,4,612.6,153.15,201.01,14,0.05,Bath & Body,66,251,0.48
CUST-2076,28,Female,Tokyo,78584.71,6,770.66,128.44,248.85,14,0.025,Fragrance,62,345,0.52
CUST-2077,20,Female,Tokyo,57217.53,5,526.31,105.26,172.91,10,0.05,Fragrance,30,403,0.37
CUST-2078,43,Female,Paris,55623.88,2,164.55,82.28,87.27,2,0.025,Bath & Body,103,202,0.3
CUST-2079,36,Female,Milan,97478.39,2,260.53,130.26,165.12,6,0.0,Bath & Body,223,308,0.19
CUST-2080,33,Female,Tokyo,67231.14,6,738.6,123.1,168.38,15,0.05,Skincare,102,392,0.46
CUST-2081,23,Female,New York,103215.08,1,188.01,188.01,188.01,3,0.2,Haircare,363,1,30.0
CUST-2082,37,Female,Paris,86688.71,3,374.95,124.98,192.15,8,0.0333,Fragrance,79,371,0.24
CUST-2083,38,Female,Paris,97641.15,2,223.85,111.93,127.62,5,0.175,Makeup,126,174,0.34
CUST-2084,21,Female,New York,105434.34,4,568.39,142.1,222.1,11,0.0375,Haircare,187,268,0.45
CUST-2085,31,Female,London,99391.96,2,136.04,68.02,71.39,4,0.0,Bath & Body,199,299,0.2
CUST-2086,36,Female,Paris,27836.8,4,437.29,109.32,233.67,9,0.0625,Skincare,196,313,0.38
CUST-2087,19,Female,London,90086.33,4,411.08,102.77,138.84,9,0.075,Fragrance,157,162,0.74
CUST-2088,33,Female,Dubai,124077.15,3,332.2,110.73,134.7,10,0.1167,Fragrance,179,190,0.47
CUST-2089,40,Non-Binary,Paris,72599.26,3,581.28,193.76,229.82,11,0.0667,Bath & Body,179,124,0.73
CUST-2090,19,Female,Tokyo,38227.28,4,356.84,89.21,111.2,12,0.0375,Makeup,103,431,0.28
CUST-2091,33,Female,New York,26135.17,3,382.2,127.4,151.96,7,0.05,Fragrance,52,426,0.21
CUST-2092,31,Male,London,58445.29,1,145.81,145.81,145.81,1,0.0,Makeup,215,1,30.0
CUST-2093,59,Female,Paris,69607.86,5,634.15,126.83,144.46,12,0.06,Bath & Body,94,323,0.46
CUST-2094,46,Female,Dubai,117801.01,4,493.03,123.26,170.1,9,0.0375,Bath & Body,92,436,0.28
CUST-2095,37,Female,Dubai,138309.69,3,219.88,73.29,118.96,7,0.0667,Skincare,119,216,0.42
CUST-2096,37,Female,New York,55252.89,6,596.84,99.47,184.75,12,0.0333,Bath & Body,16,505,0.36
CUST-2097,21,Female,Los Angeles,61026.95,4,532.33,133.08,145.66,14,0.0625,Skincare,82,454,0.26
CUST-2098,33,Non-Binary,Paris,99901.19,4,444.58,111.14,176.26,14,0.0875,Fragrance,84,410,0.29
CUST-2099,33,Female,Paris,118615.98,3,419.44,139.81,158.21,11,0.0,Bath & Body,80,352,0.26
CUST-2100,26,Female,London,43967.03,4,406.83,101.71,150.28,10,0.0875,Haircare,187,292,0.41
CUST-2101,35,Female,Dubai,78785.08,3,245.21,81.74,134.92,7,0.1,Bath & Body,37,300,0.3
CUST-2102,26,Female,Los Angeles,65665.02,4,427.36,106.84,163.66,8,0.0375,Haircare,357,177,0.68
CUST-2103,39,Female,Tokyo,68656.33,5,709.96,141.99,211.58,14,0.01,Bath & Body,41,456,0.33
CUST-2104,18,Female,Los Angeles,56230.95,4,547.43,136.86,224.95,7,0.1,Fragrance,59,348,0.34
CUST-2105,18,Female,Tokyo,101826.3,2,372.37,186.18,200.02,2,0.0,Fragrance,123,417,0.14
CUST-2106,43,Female,Tokyo,55015.15,2,264.06,132.03,134.73,4,0.05,Fragrance,6,169,0.36
CUST-2107,34,Female,Los Angeles,123782.0,6,565.49,94.25,151.46,17,0.0,Fragrance,81,381,0.47
CUST-2108,43,Female,Paris,72148.52,6,953.36,158.89,226.54,17,0.075,Bath & Body,20,524,0.34
CUST-2109,36,Female,Tokyo,86218.42,5,552.99,110.6,156.02,10,0.03,Skincare,68,231,0.65
CUST-2110,18,Male,London,83124.61,3,504.08,168.03,214.4,6,0.1333,Bath & Body,87,229,0.39
CUST-2111,35,Female,Tokyo,48083.49,5,591.78,118.36,155.84,12,0.05,Haircare,67,450,0.33
CUST-2112,42,Male,Milan,32171.64,5,655.23,131.05,187.69,15,0.07,Bath & Body,86,319,0.47
CUST-2113,39,Female,Tokyo,95648.85,5,433.14,86.63,145.88,10,0.07,Bath & Body,41,481,0.31
CUST-2114,46,Female,Dubai,78753.37,6,789.94,131.66,182.15,18,0.0333,Makeup,20,472,0.38
CUST-2115,23,Male,Milan,59478.87,3,301.49,100.5,136.94,6,0.1,Bath & Body,27,417,0.22
CUST-2117,35,Female,Paris,51503.01,3,440.39,146.8,230.42,7,0.1333,Bath & Body,173,333,0.27
CUST-2118,26,Female,Milan,85723.01,3,297.0,99.0,150.54,9,0.05,Bath & Body,47,494,0.18
CUST-2119,28,Female,Tokyo,65582.49,7,923.7,131.96,288.89,19,0.0571,Skincare,257,284,0.74
CUST-2120,27,Male,Paris,49882.57,5,601.77,120.35,229.99,17,0.09,Bath & Body,19,446,0.34
CUST-2121,32,Male,Dubai,85198.92,2,263.95,131.98,137.75,4,0.025,Bath & Body,119,162,0.37
CUST-2122,29,Female,Tokyo,74315.39,3,444.09,148.03,217.66,8,0.0667,Haircare,51,380,0.24
CUST-2123,35,Female,Dubai,75794.24,2,181.74,90.87,109.49,4,0.025,Bath & Body,236,122,0.49
CUST-2124,47,Male,Dubai,61386.8,2,172.89,86.44,102.83,5,0.05,Fragrance,162,148,0.41
CUST-2125,60,Male,Dubai,89869.46,2,237.64,118.82,138.41,5,0.05,Fragrance,177,273,0.22
CUST-2126,36,Female,Dubai,94473.41,3,289.58,96.53,142.89,4,0.1,Bath & Body,73,302,0.3
CUST-2127,43,Male,Tokyo,137471.68,6,500.9,83.48,144.34,17,0.025,Bath & Body,44,455,0.4
CUST-2128,36,Female,London,104854.9,1,124.58,124.58,124.58,2,0.05,Haircare,307,1,30.0
CUST-2129,29,Female,Milan,78807.89,7,829.26,118.47,222.38,22,0.0286,Bath & Body,30,494,0.43
CUST-2131,34,Female,Tokyo,56838.72,6,753.64,125.61,171.9,14,0.0417,Bath & Body,131,355,0.51
CUST-2133,34,Female,Dubai,45348.27,2,214.31,107.16,150.42,5,0.0,Fragrance,266,5,12.0
CUST-2134,43,Female,London,35986.07,2,378.9,189.45,220.02,5,0.025,Fragrance,56,301,0.2
CUST-2136,26,Female,Dubai,55767.25,5,662.69,132.54,152.79,14,0.01,Haircare,12,415,0.36
CUST-2137,44,Male,London,75584.18,1,220.92,220.92,220.92,2,0.05,Fragrance,233,1,30.0
CUST-2138,18,Female,Milan,84801.05,5,751.06,150.21,192.86,13,0.05,Fragrance,41,502,0.3
CUST-2139,39,Female,Tokyo,81577.02,3,335.03,111.68,137.64,9,0.0667,Bath & Body,166,138,0.65
CUST-2140,27,Female,Paris,72720.77,4,432.17,108.04,179.86,13,0.075,Bath & Body,61,436,0.28
CUST-2141,23,Female,London,45143.24,3,466.29,155.43,180.95,4,0.0167,Makeup,113,257,0.35
CUST-2142,56,Female,Los Angeles,74434.92,2,311.3,155.65,165.06,8,0.075,Fragrance,88,457,0.13
CUST-2143,37,Female,Dubai,65868.22,6,902.84,150.47,262.04,13,0.0417,Fragrance,16,461,0.39
CUST-2144,27,Non-Binary,Tokyo,83219.01,4,547.81,136.95,262.54,8,0.1125,Bath & Body,55,346,0.35
CUST-2145,44,Female,London,51580.12,3,418.43,139.48,222.7,9,0.1,Bath & Body,97,74,1.22
CUST-2146,18,Female,Dubai,93225.9,2,301.48,150.74,196.96,8,0.075,Makeup,278,176,0.34
CUST-2147,35,Female,Los Angeles,65614.81,1,117.56,117.56,117.56,1,0.0,Makeup,251,1,30.0
CUST-2148,34,Male,Paris,78201.03,5,553.95,110.79,221.7,13,0.04,Skincare,5,499,0.3
CUST-2149,26,Female,Milan,65181.57,6,698.31,116.38,160.72,15,0.025,Fragrance,62,483,0.37
CUST-2150,35,Female,Los Angeles,95605.75,2,153.26,76.63,115.86,3,0.0,Haircare,214,26,2.31
CUST-2151,19,Male,Tokyo,113080.67,3,423.65,141.22,158.99,7,0.0667,Bath & Body,118,412,0.22
CUST-2152,44,Male,New York,98496.2,1,162.3,162.3,162.3,4,0.0,Skincare,501,1,30.0
CUST-2153,30,Female,Paris,99407.73,3,298.07,99.36,156.83,5,0.05,Fragrance,111,433,0.21
CUST-2154,34,Female,Milan,116332.74,3,398.49,132.83,151.15,9,0.0833,Fragrance,78,372,0.24
CUST-2155,36,Female,Paris,103192.8,3,450.63,150.21,216.09,6,0.0833,Fragrance,125,165,0.55
CUST-2156,25,Male,Milan,119382.77,2,194.89,97.44,134.57,3,0.0,Fragrance,57,460,0.13
CUST-2157,40,Female,Milan,36393.17,2,239.29,119.64,203.85,7,0.15,Haircare,52,418,0.14
CUST-2158,41,Female,Dubai,37554.66,4,584.65,146.16,186.86,12,0.0375,Bath & Body,67,111,1.08
CUST-2159,26,Male,Los Angeles,20000.0,3,438.08,146.03,165.99,8,0.1,Bath & Body,115,329,0.27
CUST-2160,19,Female,Tokyo,56053.6,4,549.41,137.35,203.93,9,0.075,Bath & Body,170,86,1.4
CUST-2161,24,Male,Dubai,106797.72,3,275.57,91.86,161.43,7,0.0333,Bath & Body,14,224,0.4
CUST-2162,22,Female,Paris,55155.34,2,283.75,141.88,156.28,7,0.0,Haircare,310,206,0.29
CUST-2163,34,Female,Tokyo,56470.93,3,390.55,130.18,160.39,10,0.0333,Fragrance,83,230,0.39
CUST-2164,41,Female,Dubai,120299.5,2,281.64,140.82,143.74,5,0.075,Makeup,229,90,0.67
CUST-2165,48,Female,New York,106891.11,3,452.28,150.76,220.22,7,0.0333,Haircare,84,295,0.31
CUST-2166,29,Female,London,67441.89,3,272.96,90.99,119.77,9,0.0833,Makeup,71,265,0.34
CUST-2167,18,Female,New York,81598.2,4,499.08,124.77,204.58,5,0.025,Fragrance,5,444,0.27
CUST-2168,37,Female,Tokyo,80480.79,3,472.82,157.61,196.44,6,0.0167,Haircare,32,501,0.18
CUST-2169,26,Female,Milan,80099.14,2,253.11,126.56,141.55,4,0.0,Makeup,126,316,0.19
CUST-2170,23,Female,New York,50051.12,6,783.71,130.62,220.0,14,0.0333,Skincare,85,375,0.48
CUST-2171,23,Non-Binary,Tokyo,71476.8,7,767.32,109.62,187.06,19,0.0429,Bath & Body,71,443,0.47
CUST-2172,36,Male,New York,87125.03,7,828.88,118.41,142.52,16,0.0214,Fragrance,67,159,1.32
CUST-2173,27,Female,Paris,74041.9,4,538.27,134.57,160.94,10,0.1,Bath & Body,90,186,0.65
CUST-2174,54,Female,Dubai,60141.25,4,450.01,112.5,207.87,13,0.0375,Makeup,75,288,0.42
CUST-2175,40,Male,London,70439.48,6,687.04,114.51,175.32,12,0.0417,Haircare,147,323,0.56
CUST-2176,28,Female,Los Angeles,98970.41,6,653.55,108.92,176.38,12,0.0083,Fragrance,36,335,0.54
CUST-2177,32,Male,New York,73795.08,3,374.46,124.82,153.79,7,0.1,Fragrance,49,191,0.47
CUST-2178,46,Female,London,91423.68,7,1015.27,145.04,183.53,17,0.0571,Skincare,34,336,0.62
CUST-2179,41,Male,Paris,78990.21,5,762.67,152.53,208.3,13,0.06,Fragrance,1,322,0.47
CUST-2180,28,Non-Binary,Los Angeles,85381.4,4,319.71,79.93,94.08,5,0.05,Makeup,2,313,0.38
CUST-2181,32,Female,Milan,74982.84,3,344.49,114.83,170.2,11,0.0333,Makeup,140,384,0.23
CUST-2183,42,Female,Dubai,61337.32,6,727.82,121.3,195.2,14,0.125,Makeup,36,498,0.36
CUST-2184,18,Female,Los Angeles,79264.13,3,298.12,99.37,118.26,7,0.1,Fragrance,356,187,0.48
CUST-2185,18,Female,Paris,68474.32,2,240.93,120.46,126.75,3,0.0,Bath & Body,16,15,4.0
CUST-2186,34,Female,Dubai,84324.23,2,216.19,108.1,146.04,4,0.05,Bath & Body,12,330,0.18
CUST-2187,45,Female,Milan,76221.5,5,808.98,161.8,218.47,12,0.03,Fragrance,20,517,0.29
CUST-2188,20,Non-Binary,Tokyo,94262.53,1,155.53,155.53,155.53,3,0.0,Skincare,185,1,30.0
CUST-2189,34,Female,Milan,62824.48,1,150.49,150.49,150.49,1,0.0,Haircare,242,1,30.0
CUST-2190,23,Female,Tokyo,22441.47,2,344.87,172.44,172.99,5,0.075,Bath & Body,323,7,8.57
CUST-2192,47,Female,London,26209.93,1,54.23,54.23,54.23,1,0.15,Makeup,433,1,30.0
CUST-2193,18,Male,Los Angeles,59690.98,5,661.29,132.26,183.61,7,0.08,Makeup,117,376,0.4
CUST-2194,48,Female,Milan,82631.08,2,231.6,115.8,149.37,4,0.05,Fragrance,144,163,0.37
CUST-2195,33,Female,New York,60523.69,3,397.8,132.6,191.77,10,0.0667,Fragrance,1,66,1.36
CUST-2196,50,Female,Tokyo,85114.57,2,266.02,133.01,141.52,6,0.075,Fragrance,14,365,0.16
CUST-2197,18,Female,Tokyo,112008.21,4,508.38,127.1,227.94,10,0.0625,Bath & Body,176,295,0.41
CUST-2198,26,Female,Milan,78193.36,1,128.35,128.35,128.35,2,0.05,Fragrance,334,1,30.0
CUST-2199,29,Female,Los Angeles,45855.73,3,515.78,171.93,212.84,4,0.0667,Haircare,316,60,1.5
