Customer_ID,Age,Gender,Annual_Income,City,Transaction_Date,Product_Category,Purchase_Amount,Discount_Rate,Items_Count,Skin_Type,Fashion_Style
CUST-1228,20,Female,82972.55,Paris,2023-11-05,Bath & Body,133.95,0.1,2,Sensitive Glow,Minimalist Chic
CUST-1285,42,Non-Binary,63263.14,Milan,2023-06-10,Skincare,147.13,0.0,1,Mature Luminosity,Old Money Luxe
CUST-1864,18,Female,98759.24,Paris,2023-07-09,Skincare,160.82,0.0,4,Dry / Dehydrated,Minimalist Chic
CUST-1476,18,Female,38091.76,Dubai,2023-05-11,Fragrance,194.35,0.2,1,Dry / Dehydrated,Quiet Luxury
CUST-1407,26,Male,122819.28,Milan,2023-12-06,Fragrance,18.66,0.0,2,Oily Clarity,Minimalist Chic
CUST-1919,43,Female,98721.07,Dubai,2023-07-25,Bath & Body,199.04,0.1,3,Dry / Dehydrated,Minimalist Chic
CUST-1865,37,Female,57388.66,New York,2024-02-06,Bath & Body,51.1,0.05,1,Sensitive Glow,Minimalist Chic
CUST-1689,28,Male,93461.66,Paris,2023-09-09,Skincare,128.57,0.0,3,Oily Clarity,Old Money Luxe
CUST-1735,21,Female,35417.64,Los Angeles,2023-07-07,Bath & Body,158.69,0.0,4,Mature Luminosity,French Riviera
CUST-1088,26,Female,83102.1,Milan,2024-06-04,Haircare,100.75,0.0,3,Mature Luminosity,Old Money Luxe
CUST-1775,37,Male,97193.71,Paris,2023-02-10,Fragrance,164.72,0.0,3,Combination Balance,Quiet Luxury
CUST-1740,39,Male,70794.87,Dubai,2024-02-11,Makeup,178.24,0.0,3,Dry / Dehydrated,Old Money Luxe
CUST-1466,41,Female,118162.91,Los Angeles,2024-04-06,Bath & Body,142.89,0.0,3,Dry / Dehydrated,Minimalist Chic
CUST-1206,18,Male,51655.93,Tokyo,2024-01-28,Bath & Body,159.21,0.0,3,Oily Clarity,French Riviera
CUST-1333,30,Female,50861.06,New York,2023-04-06,Bath & Body,127.52,0.0,1,Sensitive Glow,French Riviera
CUST-1146,30,Female,82441.26,Dubai,2023-02-05,Makeup,68.59,0.05,1,Mature Luminosity,Minimalist Chic
CUST-1334,48,Male,95593.33,Tokyo,2023-01-28,Haircare,134.65,0.0,1,Combination Balance,Quiet Luxury
CUST-1449,40,Female,99066.03,Milan,2023-12-14,Bath & Body,109.52,0.0,3,Dry / Dehydrated,Minimalist Chic
CUST-1065,29,Female,86523.89,Los Angeles,2023-11-14,Bath & Body,52.53,0.0,3,Oily Clarity,French Riviera
CUST-1135,21,Female,66432.14,London,2024-04-16,Fragrance,79.89,0.15,2,Combination Balance,Minimalist Chic
CUST-2022,34,Female,73138.85,Tokyo,2023-04-23,Haircare,24.06,0.0,1,Sensitive Glow,French Riviera
CUST-1285,31,Non-Binary,63955.85,London,2024-02-07,Fragrance,115.79,0.0,1,Mature Luminosity,French Riviera
CUST-2197,18,Female,112008.21,Tokyo,2023-05-03,Fragrance,227.94,0.0,4,Oily Clarity,French Riviera
CUST-1449,44,Female,71567.72,London,2024-05-25,Fragrance,190.07,0.2,2,Oily Clarity,Old Money Luxe
CUST-1096,27,Female,98079.07,Los Angeles,2024-05-25,Skincare,205.33,0.0,3,Sensitive Glow,Minimalist Chic
CUST-1864,40,Female,48442.41,Dubai,2023-12-04,Skincare,143.68,0.05,4,Oily Clarity,Streetwear Glam
CUST-1958,43,Male,96832.92,Dubai,2023-05-24,Bath & Body,130.28,0.05,3,Mature Luminosity,Old Money Luxe
CUST-1234,18,Male,109097.16,Milan,2023-09-11,Fragrance,246.96,0.0,4,Combination Balance,French Riviera
CUST-1228,34,Male,94545.57,New York,2024-02-08,Haircare,58.15,0.1,3,Sensitive Glow,Streetwear Glam
CUST-1006,18,Male,90441.02,Milan,2024-02-24,Bath & Body,180.85,0.0,4,Mature Luminosity,Minimalist Chic
CUST-2039,34,Male,57141.21,Paris,2023-06-10,Bath & Body,213.29,0.05,1,Mature Luminosity,Quiet Luxury
CUST-1407,36,Female,41748.15,London,2023-05-15,Bath & Body,118.74,0.0,4,Sensitive Glow,Quiet Luxury
CUST-2086,36,Female,27836.8,Paris,2023-02-07,Fragrance,233.67,0.0,2,Combination Balance,Streetwear Glam
CUST-1039,33,Non-Binary,97762.81,Paris,2023-10-11,Bath & Body,118.51,0.0,1,Combination Balance,Minimalist Chic
CUST-1118,28,Female,87589.93,London,2023-01-17,Fragrance,259.2,0.1,4,Dry / Dehydrated,Old Money Luxe
CUST-1995,31,Non-Binary,30418.72,Los Angeles,2023-02-06,Skincare,107.84,0.15,4,Mature Luminosity,Minimalist Chic
CUST-1262,36,Male,73179.28,Milan,2023-11-19,Haircare,77.66,0.15,4,Mature Luminosity,Minimalist Chic
CUST-1542,18,Female,92752.73,Dubai,2023-10-15,Fragrance,124.62,0.05,4,Oily Clarity,Minimalist Chic
CUST-2104,18,Female,56230.95,Los Angeles,2023-09-03,Makeup,68.73,0.1,1,Combination Balance,Streetwear Glam
CUST-1764,20,Female,97628.05,Tokyo,2024-02-12,Fragrance,89.8,0.1,1,Oily Clarity,Old Money Luxe
CUST-1507,37,Male,171318.29,London,2024-04-15,Skincare,148.54,0.1,4,Combination Balance,Old Money Luxe
CUST-2134,43,Female,35986.07,London,2023-07-09,Fragrance,220.02,0.05,3,Sensitive Glow,Old Money Luxe
CUST-1145,27,Female,77004.97,Milan,2023-01-05,Skincare,75.34,0.05,1,Sensitive Glow,Old Money Luxe
CUST-1064,28,Female,65214.95,Los Angeles,2023-09-26,Bath & Body,141.9,0.0,3,Dry / Dehydrated,Quiet Luxury
CUST-1487,18,Non-Binary,25235.01,New York,2023-05-07,Haircare,77.12,0.0,2,Sensitive Glow,Quiet Luxury
CUST-1270,40,Female,44992.59,Milan,2023-04-06,Fragrance,103.27,0.0,2,Mature Luminosity,Streetwear Glam
CUST-1497,41,Female,106660.17,Los Angeles,2023-03-17,Haircare,138.86,0.05,3,Oily Clarity,Minimalist Chic
CUST-1193,48,Female,57999.89,Paris,2024-03-28,Haircare,106.83,0.0,2,Combination Balance,Streetwear Glam
CUST-1841,31,Female,51685.21,Tokyo,2024-06-05,Skincare,55.25,0.0,3,Dry / Dehydrated,Old Money Luxe
CUST-1824,30,Male,66890.11,Milan,2024-03-17,Bath & Body,146.23,0.0,3,Dry / Dehydrated,Minimalist Chic
CUST-1392,51,Female,85346.87,London,2023-06-09,Fragrance,148.39,0.15,4,Oily Clarity,Minimalist Chic
CUST-1864,33,Male,27565.58,London,2024-03-02,Bath & Body,184.03,0.05,1,Oily Clarity,Minimalist Chic
CUST-1154,36,Male,72287.55,Tokyo,2024-02-22,Fragrance,95.68,0.0,2,Dry / Dehydrated,Old Money Luxe
CUST-2107,34,Female,123782.0,Los Angeles,2024-02-17,Skincare,118.0,0.0,3,Dry / Dehydrated,Minimalist Chic
CUST-1340,36,Female,73031.71,Tokyo,2023-04-09,Haircare,15.0,0.05,3,Oily Clarity,Minimalist Chic
CUST-1821,45,Female,106941.62,Paris,2023-02-06,Makeup,90.42,0.0,2,Oily Clarity,Old Money Luxe
CUST-1799,43,Female,96446.62,New York,2023-12-08,Haircare,88.66,0.05,4,Combination Balance,Streetwear Glam
CUST-2138,18,Female,84801.05,Milan,2024-05-20,Haircare,113.77,0.05,4,Sensitive Glow,Minimalist Chic
CUST-1607,18,Female,63830.66,London,2023-05-24,Skincare,180.25,0.1,3,Mature Luminosity,Quiet Luxury
CUST-1124,20,Male,74693.83,Milan,2023-05-13,Bath & Body,75.14,0.0,3,Dry / Dehydrated,Old Money Luxe
CUST-2196,50,Female,85114.57,Tokyo,2023-06-17,Fragrance,124.5,0.1,2,Mature Luminosity,Minimalist Chic
CUST-1116,32,Female,88977.73,Dubai,2024-02-26,Skincare,163.63,0.0,1,Sensitive Glow,Old Money Luxe
CUST-1139,18,Non-Binary,39813.41,Milan,2023-06-16,Makeup,84.08,0.1,2,Oily Clarity,Old Money Luxe
CUST-2166,29,Female,67441.89,London,2024-04-20,Fragrance,119.77,0.0,2,Mature Luminosity,Old Money Luxe
CUST-1167,37,Male,93329.33,Tokyo,2024-01-04,Fragrance,64.79,0.0,4,Mature Luminosity,Quiet Luxury
CUST-1647,39,Female,20000.0,New York,2023-06-22,Makeup,177.14,0.1,1,Combination Balance,Minimalist Chic
CUST-1543,32,Female,99587.61,Tokyo,2023-11-01,Makeup,143.68,0.05,1,Combination Balance,Streetwear Glam
CUST-1647,32,Female,128829.56,Los Angeles,2024-04-15,Skincare,81.63,0.05,4,Dry / Dehydrated,Streetwear Glam
CUST-2153,30,Female,99407.73,Paris,2023-11-12,Skincare,47.36,0.0,2,Mature Luminosity,Minimalist Chic
CUST-2036,39,Female,27182.34,New York,2023-09-10,Makeup,138.12,0.1,4,Combination Balance,Old Money Luxe
CUST-1500,48,Male,31742.12,New York,2024-01-09,Bath & Body,127.1,0.0,4,Sensitive Glow,Streetwear Glam
CUST-2112,42,Male,32171.64,Milan,2024-04-05,Bath & Body,187.69,0.2,3,Mature Luminosity,Quiet Luxury
CUST-1016,35,Female,122788.24,Milan,2024-04-02,Fragrance,135.98,0.05,1,Combination Balance,Old Money Luxe
CUST-1275,33,Female,56509.53,New York,2024-03-21,Skincare,87.54,0.0,1,Dry / Dehydrated,Quiet Luxury
CUST-1318,18,Male,68293.42,New York,2024-01-24,Bath & Body,94.1,0.1,4,Mature Luminosity,Minimalist Chic
CUST-1702,40,Female,85342.82,London,2023-07-26,Bath & Body,187.1,0.0,3,Mature Luminosity,Streetwear Glam
CUST-1514,43,Male,88130.29,Los Angeles,2023-04-08,Skincare,131.67,0.2,2,Dry / Dehydrated,Streetwear Glam
CUST-1566,40,Female,53285.45,Paris,2023-06-15,Skincare,125.82,0.1,1,Combination Balance,Minimalist Chic
CUST-1536,29,Female,88370.23,London,2023-07-03,Haircare,215.3,0.1,2,Mature Luminosity,Streetwear Glam
CUST-2148,34,Male,78201.03,Paris,2023-02-12,Skincare,95.93,0.0,2,Dry / Dehydrated,Minimalist Chic
CUST-2117,35,Female,51503.01,Paris,2023-04-03,Bath & Body,94.31,0.15,3,Mature Luminosity,Quiet Luxury
CUST-1303,21,Non-Binary,40858.38,Tokyo,2024-06-17,Makeup,145.21,0.1,2,Dry / Dehydrated,French Riviera
CUST-1746,30,Female,49118.94,Los Angeles,2023-03-14,Skincare,92.32,0.05,1,Combination Balance,Minimalist Chic
CUST-1511,20,Female,124106.32,Milan,2023-02-17,Skincare,110.14,0.05,3,Combination Balance,Quiet Luxury
CUST-1832,40,Female,59490.91,Dubai,2023-02-25,Makeup,83.18,0.0,3,Sensitive Glow,Minimalist Chic
CUST-1362,37,Female,37120.22,Tokyo,2024-06-09,Skincare,188.34,0.0,1,Sensitive Glow,French Riviera
CUST-1843,36,Female,55387.2,Los Angeles,2024-05-20,Makeup,143.59,0.0,2,Combination Balance,Minimalist Chic
CUST-1221,38,Female,53218.83,Tokyo,2023-02-08,Skincare,108.66,0.1,4,Oily Clarity,Minimalist Chic
CUST-1408,25,Female,47961.3,Los Angeles,2023-05-26,Haircare,204.36,0.1,1,Combination Balance,French Riviera
CUST-1466,40,Female,134358.24,London,2024-02-29,Skincare,170.73,0.1,1,Sensitive Glow,Streetwear Glam
CUST-1672,34,Female,95993.69,New York,2023-10-16,Skincare,119.44,0.0,1,Combination Balance,French Riviera
CUST-2043,18,Female,59572.74,Tokyo,2024-03-21,Fragrance,57.06,0.0,2,Combination Balance,Old Money Luxe
CUST-1236,32,Female,54226.25,New York,2024-04-12,Makeup,133.52,0.0,2,Mature Luminosity,French Riviera
CUST-1078,31,Non-Binary,80933.11,Paris,2024-03-16,Fragrance,133.68,0.0,4,Oily Clarity,French Riviera
CUST-1642,18,Female,140417.5,Tokyo,2023-08-13,Fragrance,98.46,0.2,4,Mature Luminosity,Old Money Luxe
CUST-1788,36,Female,121174.51,Dubai,2023-05-19,Makeup,133.3,0.1,2,Combination Balance,Old Money Luxe
CUST-1893,40,Male,32878.2,Paris,2023-06-21,Fragrance,82.6,0.05,2,Mature Luminosity,Minimalist Chic
CUST-1745,18,Female,60435.48,Tokyo,2024-02-23,Skincare,133.05,0.0,1,Combination Balance,Quiet Luxury
CUST-1642,33,Female,77234.85,Milan,2023-08-17,Skincare,144.4,0.1,4,Combination Balance,Quiet Luxury
CUST-1633,47,Female,67038.04,Milan,2023-03-19,Haircare,104.05,0.1,3,Combination Balance,Streetwear Glam
CUST-1605,40,Female,66849.41,Dubai,2024-02-26,Makeup,180.06,0.0,2,Sensitive Glow,Streetwear Glam
CUST-1776,27,Female,124951.24,Milan,2024-05-17,Makeup,41.02,0.0,3,Mature Luminosity,Quiet Luxury
CUST-1616,18,Female,110812.05,Tokyo,2023-01-15,Fragrance,180.74,0.05,4,Dry / Dehydrated,French Riviera
CUST-1587,23,Male,117645.62,London,2024-03-16,Haircare,118.38,0.05,1,Mature Luminosity,Quiet Luxury
CUST-1659,40,Female,53597.9,Tokyo,2023-04-28,Haircare,123.58,0.1,3,Oily Clarity,Minimalist Chic
CUST-2046,27,Male,68253.13,Tokyo,2023-06-06,Makeup,71.06,0.1,1,Dry / Dehydrated,French Riviera
CUST-2055,41,Female,99338.94,Milan,2023-10-10,Fragrance,189.3,0.05,3,Combination Balance,Old Money Luxe
CUST-1481,42,Female,30531.99,Milan,2023-12-29,Bath & Body,194.8,0.0,2,Sensitive Glow,Minimalist Chic
CUST-1301,33,Female,141089.29,Paris,2023-12-22,Skincare,109.86,0.15,4,Sensitive Glow,Streetwear Glam
CUST-1149,32,Male,105124.27,Tokyo,2023-02-20,Haircare,153.62,0.0,1,Mature Luminosity,Minimalist Chic
CUST-1786,22,Female,71855.33,Tokyo,2024-03-06,Haircare,122.79,0.05,1,Sensitive Glow,Minimalist Chic
CUST-1011,42,Female,101774.91,Los Angeles,2023-09-01,Skincare,90.86,0.0,1,Oily Clarity,Minimalist Chic
CUST-1360,29,Female,90703.5,Los Angeles,2023-06-28,Fragrance,183.51,0.0,3,Oily Clarity,Old Money Luxe
CUST-2141,23,Female,45143.24,London,2023-06-26,Skincare,133.86,0.0,1,Oily Clarity,Minimalist Chic
CUST-1951,22,Male,56984.19,Milan,2023-05-28,Fragrance,123.92,0.2,1,Mature Luminosity,Quiet Luxury
CUST-1649,18,Female,139334.0,Los Angeles,2024-03-10,Haircare,122.96,0.0,3,Mature Luminosity,Quiet Luxury
CUST-1873,30,Female,78875.92,Los Angeles,2024-01-06,Fragrance,248.5,0.0,2,Oily Clarity,Minimalist Chic
CUST-1972,20,Female,20000.0,Tokyo,2023-09-21,Bath & Body,174.58,0.0,2,Sensitive Glow,French Riviera
CUST-2067,30,Male,88194.12,Tokyo,2023-02-24,Makeup,161.66,0.0,3,Combination Balance,Streetwear Glam
CUST-1158,18,Female,98391.96,Milan,2024-03-18,Bath & Body,183.58,0.0,3,Sensitive Glow,French Riviera
CUST-1687,18,Female,100258.63,New York,2024-02-22,Fragrance,168.14,0.05,4,Dry / Dehydrated,Minimalist Chic
CUST-1308,33,Male,75325.01,London,2024-03-27,Haircare,123.08,0.1,4,Sensitive Glow,Minimalist Chic
CUST-1131,29,Male,48561.72,Tokyo,2023-05-31,Haircare,89.83,0.05,1,Combination Balance,Quiet Luxury
CUST-1954,29,Male,109184.26,Tokyo,2024-06-06,Skincare,167.91,0.15,1,Sensitive Glow,Streetwear Glam
CUST-1797,45,Female,31172.32,Los Angeles,2023-08-14,Fragrance,157.82,0.0,2,Dry / Dehydrated,Quiet Luxury
CUST-1779,18,Male,66124.19,Tokyo,2023-05-08,Skincare,132.87,0.05,3,Combination Balance,French Riviera
CUST-1798,54,Female,20000.0,Los Angeles,2023-10-05,Haircare,163.49,0.0,1,Mature Luminosity,Quiet Luxury
CUST-1451,42,Male,75460.85,Tokyo,2023-03-16,Makeup,137.38,0.0,3,Combination Balance,Streetwear Glam
CUST-1994,45,Male,78169.83,Paris,2024-01-13,Haircare,82.02,0.0,2,Combination Balance,Streetwear Glam
CUST-1338,31,Female,52530.0,Los Angeles,2023-09-25,Haircare,74.52,0.1,2,Sensitive Glow,Quiet Luxury
CUST-2093,59,Female,69607.86,Paris,2023-05-10,Haircare,103.84,0.1,2,Mature Luminosity,Quiet Luxury
CUST-1055,43,Female,66299.67,Paris,2023-01-29,Haircare,129.93,0.05,2,Sensitive Glow,Streetwear Glam
CUST-1372,22,Female,41207.88,Paris,2023-02-24,Bath & Body,71.21,0.05,2,Oily Clarity,French Riviera
CUST-1433,42,Female,77383.02,Tokyo,2023-05-28,Bath & Body,128.95,0.0,4,Combination Balance,Streetwear Glam
CUST-1569,34,Female,80816.91,Los Angeles,2023-01-17,Haircare,95.99,0.0,4,Combination Balance,Old Money Luxe
CUST-1963,54,Female,94199.58,Paris,2023-05-11,Fragrance,200.06,0.0,3,Dry / Dehydrated,French Riviera
CUST-1459,41,Female,60138.39,Milan,2023-08-04,Skincare,130.88,0.0,4,Dry / Dehydrated,Old Money Luxe
CUST-1506,51,Male,107113.33,London,2023-07-19,Skincare,154.45,0.1,4,Mature Luminosity,Minimalist Chic
CUST-1488,18,Female,73552.38,London,2024-06-02,Haircare,160.92,0.0,1,Dry / Dehydrated,Quiet Luxury
CUST-1446,33,Female,74011.12,Tokyo,2024-02-06,Bath & Body,154.08,0.15,3,Combination Balance,Minimalist Chic
CUST-1234,45,Female,107435.15,Los Angeles,2023-06-20,Makeup,165.11,0.0,3,Combination Balance,Old Money Luxe
CUST-2185,18,Female,68474.32,Paris,2024-05-30,Bath & Body,126.75,0.0,1,Mature Luminosity,Streetwear Glam
CUST-1812,42,Male,37860.99,Milan,2023-06-19,Makeup,133.35,0.0,3,Dry / Dehydrated,Quiet Luxury
CUST-1497,40,Non-Binary,91022.6,Paris,2023-01-29,Bath & Body,111.4,0.0,2,Mature Luminosity,Old Money Luxe
CUST-2159,26,Male,20000.0,Los Angeles,2023-12-25,Skincare,165.99,0.2,2,Combination Balance,Quiet Luxury
CUST-1877,35,Female,28466.28,Milan,2023-10-20,Bath & Body,105.01,0.15,2,Dry / Dehydrated,Quiet Luxury
CUST-1698,18,Female,44815.1,Paris,2024-01-15,Haircare,66.47,0.15,1,Oily Clarity,Old Money Luxe
CUST-1887,38,Female,132743.07,New York,2023-11-06,Haircare,86.81,0.0,4,Sensitive Glow,Streetwear Glam
CUST-1360,18,Female,76849.07,Milan,2024-05-31,Fragrance,94.12,0.0,3,Combination Balance,Quiet Luxury
CUST-2102,26,Female,65665.02,Los Angeles,2023-05-25,Haircare,61.32,0.1,2,Oily Clarity,Streetwear Glam
CUST-1549,26,Female,90823.3,New York,2023-12-23,Makeup,130.15,0.05,2,Dry / Dehydrated,French Riviera
CUST-1923,18,Female,65936.62,London,2023-07-14,Haircare,149.19,0.0,1,Mature Luminosity,Quiet Luxury
CUST-1776,34,Non-Binary,83361.42,New York,2023-05-04,Skincare,152.93,0.0,4,Oily Clarity,French Riviera
CUST-1372,52,Female,97102.52,Tokyo,2023-02-06,Makeup,72.47,0.0,2,Combination Balance,French Riviera
CUST-1697,26,Female,80594.7,New York,2023-04-25,Fragrance,119.18,0.0,1,Combination Balance,Quiet Luxury
CUST-1020,43,Male,108096.87,Dubai,2023-10-16,Makeup,63.41,0.05,1,Dry / Dehydrated,Minimalist Chic
CUST-1832,37,Male,102717.59,Tokyo,2023-12-22,Fragrance,161.02,0.05,2,Sensitive Glow,Streetwear Glam
CUST-2005,37,Female,58770.22,Tokyo,2023-01-31,Skincare,144.03,0.15,2,Dry / Dehydrated,French Riviera
CUST-1453,28,Male,54161.03,Tokyo,2024-06-07,Makeup,85.52,0.1,2,Combination Balance,Quiet Luxury
CUST-1755,36,Female,95443.82,Tokyo,2023-12-26,Fragrance,45.53,0.2,1,Mature Luminosity,French Riviera
CUST-1871,38,Female,129081.37,Milan,2023-08-21,Fragrance,104.61,0.1,2,Combination Balance,French Riviera
CUST-1929,34,Non-Binary,105224.55,New York,2023-10-05,Bath & Body,47.93,0.15,1,Combination Balance,Minimalist Chic
CUST-1247,27,Male,79852.25,Milan,2023-01-22,Makeup,173.68,0.0,2,Combination Balance,Old Money Luxe
CUST-2097,21,Female,61026.95,Los Angeles,2023-01-29,Makeup,138.86,0.1,3,Sensitive Glow,Minimalist Chic
CUST-1991,30,Female,24118.99,New York,2023-10-12,Fragrance,156.61,0.0,2,Mature Luminosity,Quiet Luxury
CUST-1579,42,Male,107466.49,Paris,2023-05-10,Makeup,125.38,0.0,4,Combination Balance,Minimalist Chic
CUST-1739,27,Male,66134.4,London,2024-06-10,Bath & Body,27.66,0.0,2,Dry / Dehydrated,Quiet Luxury
CUST-1259,26,Female,83844.07,New York,2023-09-28,Skincare,105.6,0.1,2,Dry / Dehydrated,Quiet Luxury
CUST-1598,19,Female,78856.18,Milan,2024-01-22,Makeup,112.07,0.05,3,Oily Clarity,Old Money Luxe
CUST-1025,20,Male,87845.88,Dubai,2024-06-10,Bath & Body,107.16,0.2,4,Oily Clarity,Streetwear Glam
CUST-1902,25,Female,120023.51,New York,2024-05-15,Makeup,117.99,0.0,2,Dry / Dehydrated,French Riviera
CUST-1978,18,Female,59134.87,Paris,2023-10-01,Skincare,169.79,0.0,4,Oily Clarity,Streetwear Glam
CUST-1151,35,Female,73192.91,Dubai,2023-04-12,Skincare,165.09,0.1,4,Sensitive Glow,Minimalist Chic
CUST-2152,44,Male,98496.2,New York,2023-02-15,Skincare,162.3,0.0,4,Sensitive Glow,Old Money Luxe
CUST-2142,56,Female,74434.92,Los Angeles,2023-01-02,Haircare,146.24,0.0,4,Mature Luminosity,Quiet Luxury
CUST-1462,49,Female,63222.3,Los Angeles,2023-03-31,Fragrance,173.76,0.0,2,Oily Clarity,Streetwear Glam
CUST-1906,26,Female,89314.57,New York,2023-03-14,Fragrance,189.97,0.0,2,Oily Clarity,French Riviera
CUST-2164,41,Female,120299.5,Dubai,2023-11-14,Skincare,137.9,0.15,2,Mature Luminosity,Old Money Luxe
CUST-1425,28,Male,135334.85,Milan,2024-02-14,Makeup,152.57,0.05,2,Combination Balance,Old Money Luxe
CUST-1321,51,Female,117141.21,London,2024-06-20,Makeup,96.99,0.05,4,Mature Luminosity,Old Money Luxe
CUST-1320,21,Male,61767.54,Paris,2023-12-18,Haircare,150.93,0.0,2,Oily Clarity,Quiet Luxury
CUST-1962,43,Female,53915.67,New York,2023-04-03,Skincare,119.32,0.0,1,Sensitive Glow,French Riviera
CUST-1579,36,Female,64502.51,Milan,2023-12-30,Haircare,176.56,0.05,4,Dry / Dehydrated,Minimalist Chic
CUST-1541,29,Male,152621.69,Los Angeles,2024-02-24,Fragrance,137.37,0.05,1,Sensitive Glow,Streetwear Glam
CUST-1235,47,Female,36411.55,Dubai,2024-01-06,Makeup,185.85,0.05,3,Sensitive Glow,French Riviera
CUST-1291,36,Female,43069.49,Paris,2024-06-03,Skincare,42.56,0.0,1,Sensitive Glow,French Riviera
CUST-2165,48,Female,106891.11,New York,2023-11-14,Haircare,131.53,0.0,2,Dry / Dehydrated,Streetwear Glam
CUST-1622,18,Female,115251.69,Milan,2023-05-10,Haircare,37.71,0.05,4,Combination Balance,Quiet Luxury
CUST-2105,18,Female,101826.3,Tokyo,2024-02-28,Haircare,172.35,0.0,1,Dry / Dehydrated,Quiet Luxury
CUST-1081,29,Female,39842.88,Tokyo,2023-09-27,Bath & Body,92.37,0.0,2,Mature Luminosity,French Riviera
CUST-1052,51,Female,60250.54,Paris,2024-05-27,Makeup,111.83,0.05,4,Mature Luminosity,Quiet Luxury
CUST-1042,20,Female,42587.46,Los Angeles,2023-07-23,Bath & Body,44.37,0.05,3,Mature Luminosity,Old Money Luxe
CUST-1358,35,Female,85751.04,Tokyo,2023-11-30,Fragrance,171.51,0.0,1,Oily Clarity,French Riviera
CUST-1371,34,Female,93190.74,Dubai,2023-02-04,Haircare,122.6,0.0,3,Oily Clarity,Old Money Luxe
CUST-1962,30,Female,86209.76,New York,2023-08-30,Haircare,90.56,0.0,1,Combination Balance,French Riviera
CUST-1214,32,Non-Binary,97908.19,Los Angeles,2024-03-02,Makeup,137.32,0.0,3,Combination Balance,Streetwear Glam
CUST-2014,23,Female,85084.75,New York,2023-12-07,Haircare,73.08,0.05,2,Mature Luminosity,Old Money Luxe
CUST-1931,38,Female,59405.78,Paris,2023-06-24,Bath & Body,215.7,0.15,2,Combination Balance,French Riviera
CUST-1237,31,Female,125085.18,Los Angeles,2023-12-11,Haircare,168.15,0.05,4,Mature Luminosity,Old Money Luxe
CUST-2111,35,Female,48083.49,Tokyo,2023-10-31,Haircare,153.42,0.05,1,Dry / Dehydrated,Minimalist Chic
CUST-2061,35,Female,56143.1,New York,2023-06-08,Fragrance,116.79,0.15,1,Oily Clarity,Streetwear Glam
CUST-1105,35,Female,68896.08,London,2023-01-19,Bath & Body,168.2,0.0,2,Mature Luminosity,Minimalist Chic
CUST-1589,39,Male,90884.92,Tokyo,2024-03-30,Haircare,184.49,0.0,2,Dry / Dehydrated,Old Money Luxe
CUST-1490,29,Female,47593.12,Milan,2024-04-17,Makeup,48.0,0.0,1,Combination Balance,Quiet Luxury
CUST-1028,18,Female,119207.46,Dubai,2023-01-03,Haircare,122.08,0.0,2,Dry / Dehydrated,Minimalist Chic
CUST-1232,29,Female,34233.17,Tokyo,2023-12-09,Skincare,128.55,0.0,3,Sensitive Glow,Streetwear Glam
CUST-1597,29,Male,84802.11,Dubai,2024-01-08,Bath & Body,110.56,0.0,1,Oily Clarity,Streetwear Glam
CUST-1967,37,Female,99272.52,London,2023-04-16,Haircare,89.13,0.05,4,Mature Luminosity,Minimalist Chic
CUST-1785,22,Female,98519.28,London,2023-04-18,Fragrance,70.88,0.0,3,Mature Luminosity,Minimalist Chic
CUST-1142,29,Female,121165.66,New York,2024-03-20,Haircare,131.11,0.0,2,Combination Balance,Quiet Luxury
CUST-1547,31,Female,88812.25,Los Angeles,2023-05-21,Skincare,131.2,0.0,2,Combination Balance,French Riviera
CUST-2187,45,Female,76221.5,Milan,2023-01-10,Haircare,122.03,0.0,1,Sensitive Glow,Streetwear Glam
CUST-2103,39,Female,68656.33,Tokyo,2023-02-19,Bath & Body,135.84,0.0,4,Combination Balance,Quiet Luxury
CUST-2112,47,Female,85888.9,Tokyo,2024-03-14,Haircare,164.61,0.1,3,Combination Balance,Minimalist Chic
CUST-1489,37,Female,56627.24,Dubai,2024-02-23,Haircare,102.29,0.0,4,Sensitive Glow,Streetwear Glam
CUST-1089,36,Female,36576.3,New York,2024-03-16,Haircare,133.39,0.0,1,Oily Clarity,Streetwear Glam
CUST-1311,23,Female,115977.92,Tokyo,2023-10-07,Skincare,203.89,0.05,3,Sensitive Glow,Quiet Luxury
CUST-1679,26,Female,82567.13,Los Angeles,2023-02-05,Skincare,93.29,0.05,3,Oily Clarity,Old Money Luxe
CUST-2077,20,Female,57217.53,Tokyo,2024-05-31,Skincare,90.67,0.05,2,Sensitive Glow,Streetwear Glam
CUST-1316,30,Female,41365.79,Paris,2024-01-16,Haircare,161.2,0.05,3,Combination Balance,French Riviera
CUST-1814,18,Female,41758.92,Milan,2024-03-17,Skincare,119.39,0.0,2,Combination Balance,Quiet Luxury
CUST-1778,33,Non-Binary,88468.9,New York,2024-03-21,Haircare,73.97,0.0,4,Mature Luminosity,Old Money Luxe
CUST-1140,18,Female,62517.57,London,2024-02-10,Bath & Body,82.34,0.05,4,Sensitive Glow,Old Money Luxe
CUST-1888,39,Female,61813.27,Paris,2024-05-14,Skincare,138.08,0.1,2,Oily Clarity,Minimalist Chic
CUST-1613,24,Female,41719.18,Paris,2023-07-15,Skincare,28.19,0.0,3,Combination Balance,Old Money Luxe
CUST-1600,37,Male,86225.27,New York,2023-04-11,Bath & Body,93.47,0.05,4,Oily Clarity,Minimalist Chic
CUST-1500,18,Female,75705.07,Dubai,2024-04-06,Haircare,229.6,0.05,2,Mature Luminosity,Minimalist Chic
CUST-1348,38,Male,58297.74,London,2023-05-10,Skincare,169.6,0.0,1,Mature Luminosity,Streetwear Glam
CUST-1493,32,Female,88667.29,Tokyo,2023-06-13,Fragrance,126.16,0.0,1,Sensitive Glow,Minimalist Chic
CUST-1944,39,Female,62093.6,Milan,2023-01-25,Bath & Body,166.59,0.2,2,Oily Clarity,French Riviera
CUST-1019,31,Female,48707.63,Los Angeles,2023-05-08,Haircare,40.94,0.0,4,Combination Balance,Quiet Luxury
CUST-1323,32,Female,76611.86,Paris,2024-03-22,Haircare,21.23,0.0,4,Combination Balance,Quiet Luxury
CUST-1612,37,Female,42937.53,Milan,2023-12-11,Haircare,71.67,0.0,3,Combination Balance,Streetwear Glam
CUST-1618,36,Female,60908.77,London,2024-05-08,Haircare,99.45,0.0,2,Oily Clarity,Old Money Luxe
CUST-1485,28,Female,79260.41,Tokyo,2024-01-15,Fragrance,128.03,0.1,3,Combination Balance,Quiet Luxury
CUST-1605,32,Female,87488.17,Milan,2024-04-29,Bath & Body,234.43,0.0,3,Dry / Dehydrated,Streetwear Glam
CUST-1562,18,Male,69380.86,Paris,2024-05-24,Fragrance,61.49,0.1,1,Dry / Dehydrated,Quiet Luxury
CUST-2017,18,Female,69183.2,Los Angeles,2024-04-15,Bath & Body,67.68,0.1,1,Sensitive Glow,Quiet Luxury
CUST-1721,18,Female,79584.0,London,2024-01-30,Makeup,119.23,0.0,4,Mature Luminosity,French Riviera
CUST-1280,37,Female,45173.5,Milan,2023-08-15,Skincare,118.0,0.0,4,Dry / Dehydrated,French Riviera
CUST-1902,23,Female,20000.0,Paris,2023-04-30,Fragrance,134.24,0.2,1,Combination Balance,Minimalist Chic
CUST-1184,34,Female,59859.61,New York,2023-08-30,Bath & Body,211.3,0.0,2,Oily Clarity,Minimalist Chic
CUST-1411,31,Female,98033.74,London,2023-03-20,Fragrance,190.53,0.15,4,Combination Balance,Quiet Luxury
CUST-2027,44,Male,100271.56,New York,2024-03-24,Makeup,113.47,0.0,4,Combination Balance,Streetwear Glam
CUST-1604,39,Female,105693.81,Milan,2023-10-04,Bath & Body,113.85,0.0,4,Dry / Dehydrated,Streetwear Glam
CUST-1154,32,Female,80894.05,London,2024-01-26,Makeup,119.09,0.2,3,Oily Clarity,Quiet Luxury
CUST-1749,21,Male,30534.23,Paris,2024-01-03,Haircare,182.76,0.0,2,Dry / Dehydrated,French Riviera
CUST-2098,33,Non-Binary,99901.19,Paris,2024-04-07,Haircare,82.16,0.05,2,Combination Balance,French Riviera
CUST-2197,34,Female,51859.48,Tokyo,2024-01-05,Bath & Body,152.08,0.05,2,Dry / Dehydrated,Minimalist Chic
CUST-1965,44,Female,73173.28,Paris,2023-06-09,Fragrance,66.65,0.0,1,Mature Luminosity,French Riviera
CUST-1453,37,Female,101812.68,Milan,2024-05-02,Skincare,101.75,0.15,3,Oily Clarity,French Riviera
CUST-1836,23,Female,126405.18,Paris,2023-06-21,Makeup,64.84,0.15,2,Dry / Dehydrated,Old Money Luxe
CUST-1623,35,Female,95393.43,Tokyo,2023-08-21,Skincare,163.02,0.15,1,Dry / Dehydrated,Minimalist Chic
CUST-2100,26,Female,43967.03,London,2023-12-26,Haircare,150.28,0.2,2,Oily Clarity,French Riviera
CUST-2106,43,Female,55015.15,Tokyo,2024-06-24,Fragrance,134.73,0.1,2,Sensitive Glow,Streetwear Glam
CUST-1202,18,Female,45097.57,Los Angeles,2024-02-25,Haircare,118.01,0.0,2,Mature Luminosity,Streetwear Glam
CUST-1572,18,Female,76960.73,Paris,2023-10-08,Bath & Body,210.57,0.15,3,Sensitive Glow,Streetwear Glam
CUST-1910,38,Male,71538.6,London,2023-09-18,Bath & Body,58.79,0.0,1,Dry / Dehydrated,French Riviera
CUST-2115,23,Male,59478.87,Milan,2023-10-29,Bath & Body,136.94,0.0,1,Dry / Dehydrated,Streetwear Glam
CUST-1565,40,Female,62133.96,London,2023-08-22,Skincare,64.49,0.1,4,Oily Clarity,Old Money Luxe
CUST-1434,18,Male,47342.3,Milan,2023-05-12,Fragrance,97.29,0.15,1,Dry / Dehydrated,Old Money Luxe
CUST-1683,23,Female,105268.49,London,2024-04-13,Makeup,150.95,0.0,2,Mature Luminosity,Minimalist Chic
CUST-1140,28,Female,64704.35,Los Angeles,2024-06-09,Fragrance,47.77,0.15,1,Sensitive Glow,Quiet Luxury
CUST-1442,18,Female,69506.49,Los Angeles,2024-06-19,Makeup,104.16,0.1,4,Combination Balance,Minimalist Chic
CUST-1005,25,Female,95696.25,New York,2023-04-19,Makeup,119.65,0.0,2,Sensitive Glow,Quiet Luxury
CUST-1513,45,Female,77039.08,Los Angeles,2023-07-02,Makeup,185.33,0.0,2,Dry / Dehydrated,Old Money Luxe
CUST-1269,25,Female,42215.68,Paris,2024-02-05,Bath & Body,158.65,0.0,1,Sensitive Glow,Quiet Luxury
CUST-1663,40,Female,41807.1,Paris,2023-03-19,Makeup,119.21,0.05,3,Combination Balance,Old Money Luxe
CUST-1259,35,Female,40582.71,Milan,2024-03-01,Haircare,155.9,0.05,2,Mature Luminosity,Old Money Luxe
CUST-1130,48,Male,60414.69,Tokyo,2023-02-18,Haircare,54.95,0.0,4,Combination Balance,Quiet Luxury
CUST-1223,33,Female,83299.29,Tokyo,2023-11-09,Fragrance,95.66,0.15,3,Sensitive Glow,Quiet Luxury
CUST-1088,33,Female,68144.29,Milan,2024-02-12,Fragrance,70.03,0.15,1,Combination Balance,Streetwear Glam
CUST-1063,22,Female,52688.6,Paris,2024-02-04,Haircare,137.75,0.0,4,Oily Clarity,Streetwear Glam
CUST-1221,29,Male,112317.21,Tokyo,2023-08-16,Haircare,106.44,0.0,1,Dry / Dehydrated,Old Money Luxe
CUST-1659,33,Female,46724.34,Dubai,2023-07-22,Makeup,31.86,0.15,2,Dry / Dehydrated,Minimalist Chic
CUST-1563,21,Non-Binary,92560.16,Dubai,2023-05-22,Fragrance,124.84,0.0,4,Mature Luminosity,French Riviera
CUST-1780,20,Female,89176.39,Dubai,2024-03-20,Fragrance,53.34,0.2,4,Combination Balance,Streetwear Glam
CUST-2035,56,Female,64331.07,Dubai,2023-10-16,Haircare,92.91,0.0,3,Dry / Dehydrated,Old Money Luxe
CUST-2129,29,Female,78807.89,Milan,2024-05-31,Makeup,138.97,0.0,2,Oily Clarity,Streetwear Glam
CUST-1467,50,Male,85914.0,Tokyo,2024-03-10,Bath & Body,165.2,0.0,4,Oily Clarity,Streetwear Glam
CUST-1851,24,Female,76844.25,Milan,2023-08-31,Skincare,189.86,0.0,4,Combination Balance,Streetwear Glam
CUST-1640,32,Male,58850.9,Milan,2023-03-09,Bath & Body,80.04,0.0,3,Combination Balance,Minimalist Chic
CUST-1971,18,Male,77374.84,Paris,2023-01-26,Skincare,101.98,0.0,2,Dry / Dehydrated,Old Money Luxe
CUST-1884,37,Female,52806.05,Paris,2023-04-07,Bath & Body,125.74,0.0,4,Sensitive Glow,Quiet Luxury
CUST-1122,26,Female,105191.64,Dubai,2023-11-03,Fragrance,15.0,0.0,1,Mature Luminosity,French Riviera
CUST-1250,21,Female,106765.78,Tokyo,2023-08-26,Bath & Body,84.63,0.0,4,Oily Clarity,Old Money Luxe
CUST-1589,36,Female,53841.08,Dubai,2023-10-10,Bath & Body,87.82,0.15,3,Combination Balance,Old Money Luxe
CUST-2183,42,Female,61337.32,Dubai,2023-09-17,Makeup,94.21,0.15,4,Sensitive Glow,Streetwear Glam
CUST-1459,35,Male,61438.3,Los Angeles,2023-09-17,Skincare,67.11,0.1,2,Combination Balance,Quiet Luxury
CUST-1752,31,Non-Binary,84747.17,Paris,2024-01-17,Bath & Body,81.38,0.0,4,Mature Luminosity,Minimalist Chic
CUST-1878,36,Female,69114.61,Los Angeles,2023-12-30,Fragrance,134.3,0.2,2,Mature Luminosity,Quiet Luxury
CUST-2140,27,Female,72720.77,Paris,2023-10-04,Fragrance,15.0,0.1,4,Combination Balance,Old Money Luxe
CUST-1369,34,Female,63522.72,New York,2023-11-10,Bath & Body,162.85,0.1,2,Combination Balance,French Riviera
CUST-1012,30,Female,123596.92,London,2023-10-16,Makeup,38.85,0.1,4,Mature Luminosity,Streetwear Glam
CUST-1142,20,Female,104691.98,London,2023-05-04,Skincare,96.77,0.0,1,Dry / Dehydrated,Quiet Luxury
CUST-1440,34,Non-Binary,96696.17,Tokyo,2023-07-10,Haircare,101.1,0.0,3,Oily Clarity,French Riviera
CUST-1322,26,Female,111099.92,New York,2023-07-26,Bath & Body,137.13,0.0,1,Combination Balance,Quiet Luxury
CUST-1173,34,Female,81817.44,Paris,2023-12-20,Makeup,152.52,0.05,3,Sensitive Glow,Quiet Luxury
CUST-1101,43,Female,71990.47,Milan,2024-05-21,Skincare,15.0,0.2,2,Combination Balance,Streetwear Glam
CUST-1868,40,Female,69453.48,Tokyo,2024-03-01,Fragrance,141.08,0.15,3,Oily Clarity,Streetwear Glam
CUST-1559,42,Female,126421.31,London,2024-02-02,Fragrance,148.47,0.05,4,Dry / Dehydrated,French Riviera
CUST-1880,54,Female,32494.88,Paris,2023-11-30,Bath & Body,146.42,0.1,1,Mature Luminosity,Streetwear Glam
CUST-2079,36,Female,97478.39,Milan,2023-01-16,Bath & Body,165.12,0.0,3,Dry / Dehydrated,Minimalist Chic
CUST-1809,34,Female,76751.3,Dubai,2023-07-20,Skincare,178.09,0.0,4,Dry / Dehydrated,Minimalist Chic
CUST-1617,41,Male,87527.35,London,2024-02-28,Makeup,129.48,0.05,3,Combination Balance,French Riviera
CUST-1671,42,Female,111851.4,Paris,2024-02-10,Skincare,102.4,0.05,2,Oily Clarity,Streetwear Glam
CUST-1359,44,Female,118739.53,London,2024-02-10,Haircare,69.28,0.05,4,Mature Luminosity,Minimalist Chic
CUST-2024,39,Male,69809.22,Dubai,2023-03-28,Bath & Body,32.5,0.2,4,Dry / Dehydrated,Streetwear Glam
CUST-1086,33,Female,63261.2,Tokyo,2023-04-03,Skincare,110.24,0.0,1,Oily Clarity,Old Money Luxe
CUST-1641,35,Female,60934.66,Dubai,2023-02-18,Haircare,233.91,0.0,4,Mature Luminosity,Streetwear Glam
CUST-1855,28,Female,56196.09,New York,2024-01-17,Skincare,135.96,0.05,3,Oily Clarity,Old Money Luxe
CUST-1665,45,Female,60480.56,London,2023-07-02,Fragrance,162.69,0.1,1,Oily Clarity,French Riviera
CUST-1180,51,Male,73483.48,Tokyo,2024-03-31,Skincare,84.58,0.0,4,Sensitive Glow,Streetwear Glam
CUST-1820,18,Female,96037.32,Dubai,2023-04-13,Skincare,61.73,0.0,2,Oily Clarity,French Riviera
CUST-1695,38,Non-Binary,85491.64,London,2024-02-24,Bath & Body,101.15,0.05,1,Sensitive Glow,Old Money Luxe
CUST-2045,37,Female,69721.74,Milan,2023-11-28,Skincare,70.64,0.1,1,Mature Luminosity,Quiet Luxury
CUST-1397,37,Female,70792.29,Los Angeles,2023-09-23,Bath & Body,181.32,0.0,3,Combination Balance,Minimalist Chic
CUST-1483,43,Female,67468.62,Paris,2024-05-28,Makeup,104.13,0.05,1,Combination Balance,Minimalist Chic
CUST-1355,37,Female,97938.63,Dubai,2023-12-23,Makeup,15.0,0.0,3,Dry / Dehydrated,Minimalist Chic
CUST-2011,47,Female,26015.24,Tokyo,2023-10-21,Fragrance,156.63,0.1,1,Mature Luminosity,Streetwear Glam
CUST-2156,25,Male,119382.77,Milan,2023-01-30,Fragrance,60.32,0.0,2,Combination Balance,French Riviera
CUST-1309,41,Female,88201.71,Tokyo,2023-02-10,Skincare,144.43,0.15,3,Oily Clarity,Streetwear Glam
CUST-1620,39,Female,31286.7,Los Angeles,2023-10-17,Bath & Body,185.22,0.1,1,Mature Luminosity,Old Money Luxe
CUST-1720,18,Female,47357.38,Dubai,2023-05-28,Skincare,109.25,0.15,1,Combination Balance,Streetwear Glam
CUST-1925,18,Female,83362.48,Paris,2023-11-21,Skincare,141.82,0.0,4,Combination Balance,French Riviera
CUST-1157,45,Female,81796.83,Milan,2024-01-23,Skincare,177.91,0.05,3,Mature Luminosity,Quiet Luxury
CUST-2038,32,Female,85454.68,Tokyo,2023-09-02,Haircare,31.64,0.0,1,Mature Luminosity,Quiet Luxury
CUST-1084,18,Female,72664.15,Tokyo,2023-07-20,Fragrance,131.45,0.15,4,Sensitive Glow,French Riviera
CUST-1974,18,Non-Binary,37843.07,Dubai,2023-12-31,Makeup,146.45,0.0,1,Dry / Dehydrated,Streetwear Glam
CUST-1211,18,Male,69521.1,Los Angeles,2023-04-19,Bath & Body,181.39,0.0,4,Dry / Dehydrated,Quiet Luxury
CUST-1353,30,Female,63197.74,Paris,2024-04-27,Makeup,21.04,0.05,4,Oily Clarity,Streetwear Glam
CUST-2073,39,Female,61952.45,Dubai,2023-04-14,Fragrance,148.24,0.1,3,Sensitive Glow,French Riviera
CUST-1763,30,Female,111001.84,New York,2023-06-13,Haircare,85.31,0.15,1,Oily Clarity,French Riviera
CUST-1107,36,Male,81449.05,Los Angeles,2023-05-20,Bath & Body,69.02,0.05,2,Dry / Dehydrated,French Riviera
CUST-1193,35,Female,115725.24,Dubai,2024-06-07,Haircare,128.07,0.0,2,Combination Balance,French Riviera
CUST-1307,28,Non-Binary,75469.51,New York,2023-08-16,Skincare,152.69,0.0,4,Mature Luminosity,Minimalist Chic
CUST-1716,38,Female,56868.28,New York,2024-04-09,Haircare,132.02,0.0,2,Sensitive Glow,Quiet Luxury
CUST-1173,18,Male,73627.65,New York,2023-12-31,Fragrance,134.28,0.1,3,Oily Clarity,French Riviera
CUST-1261,21,Female,55139.35,Milan,2024-05-08,Fragrance,64.89,0.0,3,Dry / Dehydrated,Streetwear Glam
CUST-2041,23,Female,97136.47,New York,2023-11-16,Skincare,159.46,0.15,2,Combination Balance,French Riviera
CUST-1369,43,Female,61711.08,London,2023-06-12,Bath & Body,75.28,0.2,3,Oily Clarity,Minimalist Chic
CUST-1463,25,Non-Binary,98828.13,London,2023-03-06,Makeup,145.65,0.0,3,Dry / Dehydrated,French Riviera
CUST-1207,25,Female,79732.2,Dubai,2023-07-13,Fragrance,143.34,0.15,3,Mature Luminosity,Old Money Luxe
CUST-1689,36,Female,113490.17,Los Angeles,2024-02-18,Fragrance,85.19,0.0,4,Sensitive Glow,Quiet Luxury
CUST-1771,36,Female,28604.06,London,2023-03-24,Makeup,174.84,0.05,1,Sensitive Glow,Quiet Luxury
CUST-1339,50,Female,63418.28,Milan,2024-01-15,Haircare,109.03,0.05,2,Dry / Dehydrated,Streetwear Glam
CUST-1746,18,Female,55931.88,Milan,2023-01-27,Makeup,81.54,0.1,2,Oily Clarity,Quiet Luxury
CUST-1583,22,Female,103757.4,Los Angeles,2024-03-12,Haircare,133.99,0.05,2,Sensitive Glow,Quiet Luxury
CUST-1489,27,Female,40428.33,New York,2024-03-21,Haircare,84.91,0.1,4,Sensitive Glow,French Riviera
CUST-2168,37,Female,80480.79,Tokyo,2023-01-14,Haircare,184.46,0.05,2,Combination Balance,Streetwear Glam
CUST-2029,24,Female,49147.47,Dubai,2024-04-15,Haircare,146.19,0.0,3,Sensitive Glow,Minimalist Chic
CUST-1283,18,Female,46923.49,Los Angeles,2023-12-20,Bath & Body,103.79,0.15,4,Dry / Dehydrated,Streetwear Glam
CUST-1760,25,Female,36540.75,Dubai,2023-12-09,Skincare,155.34,0.05,1,Mature Luminosity,Old Money Luxe
CUST-1583,41,Female,23164.48,Paris,2023-06-06,Makeup,98.55,0.15,4,Combination Balance,Streetwear Glam
CUST-2051,30,Male,78739.94,London,2023-05-21,Haircare,173.48,0.05,2,Dry / Dehydrated,Minimalist Chic
CUST-1923,33,Female,90082.15,New York,2024-04-15,Skincare,111.52,0.05,1,Oily Clarity,Old Money Luxe
CUST-1811,47,Female,41797.59,Dubai,2024-06-19,Bath & Body,146.11,0.05,1,Sensitive Glow,Streetwear Glam
CUST-1167,23,Male,77216.44,New York,2023-10-20,Makeup,129.87,0.0,1,Dry / Dehydrated,French Riviera
CUST-1202,36,Female,71875.61,Los Angeles,2023-08-15,Bath & Body,15.0,0.0,2,Sensitive Glow,Minimalist Chic
CUST-1078,32,Female,105878.05,New York,2023-11-25,Haircare,104.0,0.15,4,Sensitive Glow,Streetwear Glam
CUST-1918,40,Male,107671.85,Dubai,2023-09-20,Skincare,152.41,0.0,1,Dry / Dehydrated,Old Money Luxe
CUST-1524,39,Female,78457.47,London,2023-12-22,Makeup,103.0,0.0,1,Mature Luminosity,Quiet Luxury
CUST-2080,33,Female,67231.14,Tokyo,2023-02-22,Skincare,145.72,0.05,3,Combination Balance,Minimalist Chic
CUST-1616,37,Female,82293.26,Paris,2024-02-02,Skincare,110.84,0.1,1,Sensitive Glow,Streetwear Glam
CUST-1936,18,Female,70224.31,Paris,2024-02-13,Skincare,240.63,0.0,3,Oily Clarity,Quiet Luxury
CUST-2097,39,Non-Binary,125447.7,Paris,2024-04-09,Fragrance,130.82,0.0,4,Mature Luminosity,Minimalist Chic
CUST-1294,29,Female,79805.87,New York,2023-01-12,Haircare,169.04,0.05,4,Dry / Dehydrated,Quiet Luxury
CUST-1722,24,Female,99716.73,London,2023-11-03,Fragrance,52.43,0.2,3,Oily Clarity,Minimalist Chic
CUST-1175,33,Female,81098.83,Dubai,2023-07-14,Bath & Body,108.84,0.0,4,Dry / Dehydrated,Quiet Luxury
CUST-2114,46,Female,78753.37,Dubai,2024-04-15,Fragrance,151.79,0.0,4,Mature Luminosity,Old Money Luxe
CUST-1799,33,Female,75635.67,Los Angeles,2023-05-23,Haircare,129.39,0.05,3,Dry / Dehydrated,Streetwear Glam
CUST-1764,18,Female,58229.1,New York,2023-12-28,Skincare,151.48,0.1,3,Combination Balance,Old Money Luxe
CUST-1706,27,Male,96618.62,London,2024-05-05,Skincare,165.17,0.0,3,Mature Luminosity,French Riviera
CUST-1273,32,Male,71214.67,Paris,2023-06-08,Bath & Body,140.82,0.1,1,Mature Luminosity,French Riviera
CUST-1358,21,Female,71104.46,Los Angeles,2023-05-02,Haircare,121.89,0.0,1,Oily Clarity,Minimalist Chic
CUST-1276,37,Female,70249.02,Paris,2023-10-29,Haircare,102.13,0.1,2,Dry / Dehydrated,French Riviera
CUST-1412,18,Female,68333.69,Paris,2023-09-09,Makeup,98.54,0.2,4,Dry / Dehydrated,French Riviera
CUST-1635,37,Non-Binary,35046.89,Dubai,2023-11-07,Haircare,143.11,0.0,3,Mature Luminosity,Streetwear Glam
CUST-1518,37,Female,93984.7,Paris,2024-03-25,Makeup,188.06,0.0,4,Combination Balance,French Riviera
CUST-1097,22,Non-Binary,101249.61,Los Angeles,2024-05-09,Bath & Body,104.11,0.1,4,Combination Balance,Old Money Luxe
CUST-1753,46,Female,69485.69,Tokyo,2024-05-26,Haircare,135.3,0.1,4,Oily Clarity,Streetwear Glam
CUST-1694,42,Female,62751.25,London,2023-06-04,Haircare,143.43,0.05,4,Oily Clarity,French Riviera
CUST-2063,52,Female,68824.36,New York,2024-06-29,Skincare,102.08,0.0,3,Oily Clarity,Old Money Luxe
CUST-1881,25,Non-Binary,41397.14,Dubai,2023-12-25,Makeup,39.84,0.1,3,Mature Luminosity,French Riviera
CUST-1657,43,Female,60193.34,Paris,2023-04-24,Skincare,140.32,0.0,4,Combination Balance,French Riviera
CUST-1627,18,Male,54900.69,Tokyo,2023-12-20,Fragrance,157.3,0.2,2,Oily Clarity,Minimalist Chic
CUST-1909,28,Female,38461.1,New York,2023-10-09,Haircare,144.59,0.0,4,Dry / Dehydrated,French Riviera
CUST-1890,49,Male,69551.2,New York,2024-02-09,Skincare,64.47,0.15,2,Dry / Dehydrated,Streetwear Glam
CUST-1744,18,Male,80341.15,Dubai,2024-05-08,Makeup,77.0,0.05,2,Dry / Dehydrated,Minimalist Chic
CUST-1897,21,Female,20000.0,Paris,2023-07-08,Makeup,129.95,0.1,4,Dry / Dehydrated,Minimalist Chic
CUST-1750,25,Female,105334.53,New York,2023-09-05,Haircare,123.16,0.0,1,Mature Luminosity,Old Money Luxe
CUST-1314,45,Female,70820.1,Milan,2024-05-23,Haircare,153.31,0.05,1,Combination Balance,French Riviera
CUST-1909,25,Female,75853.81,Los Angeles,2023-12-08,Skincare,65.64,0.0,3,Mature Luminosity,Minimalist Chic
CUST-2084,21,Female,105434.34,New York,2023-11-02,Haircare,161.03,0.1,3,Combination Balance,French Riviera
CUST-1511,26,Male,93355.46,Paris,2024-06-11,Skincare,89.17,0.0,3,Sensitive Glow,Streetwear Glam
CUST-2060,28,Male,111493.3,Tokyo,2023-07-21,Fragrance,33.99,0.05,3,Dry / Dehydrated,French Riviera
CUST-1533,33,Female,31269.5,Milan,2024-03-11,Haircare,158.76,0.0,1,Sensitive Glow,Quiet Luxury
CUST-1584,18,Female,79300.39,Milan,2023-03-22,Haircare,67.03,0.1,3,Sensitive Glow,Old Money Luxe
CUST-1277,37,Male,97191.39,Los Angeles,2024-01-13,Skincare,103.97,0.15,3,Oily Clarity,Minimalist Chic
CUST-1911,49,Female,64434.16,Paris,2023-03-14,Bath & Body,153.83,0.1,1,Combination Balance,Old Money Luxe
CUST-2126,36,Female,94473.41,Dubai,2024-04-18,Bath & Body,142.89,0.15,1,Combination Balance,Minimalist Chic
CUST-1356,48,Female,92388.44,Los Angeles,2023-02-12,Bath & Body,162.46,0.0,3,Mature Luminosity,Minimalist Chic
CUST-1248,31,Male,86369.88,London,2023-06-17,Makeup,158.71,0.1,1,Sensitive Glow,Streetwear Glam
CUST-1053,21,Female,120480.58,New York,2023-08-28,Fragrance,122.0,0.15,1,Mature Luminosity,French Riviera
CUST-1957,18,Male,102428.82,Los Angeles,2023-01-22,Fragrance,96.06,0.0,4,Sensitive Glow,Quiet Luxury
CUST-1176,23,Female,58765.21,Paris,2023-06-28,Bath & Body,158.6,0.05,3,Oily Clarity,Streetwear Glam
CUST-2076,28,Female,78584.71,Tokyo,2023-05-20,Haircare,31.19,0.0,3,Mature Luminosity,Old Money Luxe
CUST-1256,36,Female,105443.71,New York,2023-02-28,Skincare,76.58,0.0,2,Oily Clarity,Streetwear Glam
CUST-2059,29,Female,59644.08,New York,2024-03-27,Makeup,94.48,0.0,3,Mature Luminosity,Quiet Luxury
CUST-1372,34,Non-Binary,92523.14,Los Angeles,2024-02-07,Makeup,162.76,0.0,3,Oily Clarity,Quiet Luxury
CUST-1113,36,Male,70797.66,Los Angeles,2023-11-21,Skincare,140.25,0.0,2,Mature Luminosity,Minimalist Chic
CUST-1622,31,Non-Binary,41557.26,London,2023-07-23,Makeup,131.97,0.05,1,Combination Balance,Minimalist Chic
CUST-1708,35,Female,136347.58,Dubai,2023-01-22,Bath & Body,157.14,0.05,2,Dry / Dehydrated,French Riviera
CUST-1402,45,Female,45352.22,Milan,2023-05-28,Fragrance,137.24,0.15,4,Combination Balance,Minimalist Chic
CUST-1620,46,Female,106193.92,Dubai,2024-03-18,Fragrance,179.5,0.05,1,Dry / Dehydrated,Quiet Luxury
CUST-1345,42,Female,100441.54,Dubai,2023-09-23,Fragrance,133.57,0.15,2,Sensitive Glow,Minimalist Chic
CUST-1691,18,Female,110758.66,Los Angeles,2023-05-17,Fragrance,127.1,0.0,3,Dry / Dehydrated,Old Money Luxe
CUST-1166,26,Female,72255.76,Paris,2023-09-19,Fragrance,144.87,0.1,2,Combination Balance,Minimalist Chic
CUST-2171,23,Non-Binary,71476.8,Tokyo,2024-01-14,Fragrance,135.83,0.0,3,Dry / Dehydrated,Streetwear Glam
CUST-2117,33,Female,75395.19,New York,2023-02-10,Bath & Body,115.66,0.05,1,Oily Clarity,Minimalist Chic
CUST-1831,26,Female,81587.18,New York,2024-01-01,Haircare,134.71,0.1,3,Dry / Dehydrated,Old Money Luxe
CUST-1323,29,Female,117625.35,Tokyo,2024-06-11,Haircare,104.96,0.05,3,Oily Clarity,Streetwear Glam
CUST-1417,36,Female,86800.06,New York,2024-05-08,Fragrance,123.8,0.0,2,Sensitive Glow,French Riviera
CUST-1653,39,Female,78845.8,Milan,2023-07-06,Bath & Body,158.32,0.05,1,Oily Clarity,Minimalist Chic
CUST-1758,18,Female,92322.97,Dubai,2023-12-01,Fragrance,89.71,0.0,4,Dry / Dehydrated,French Riviera
CUST-1495,49,Female,61261.07,Tokyo,2023-07-24,Skincare,162.98,0.0,1,Combination Balance,Streetwear Glam
CUST-1507,25,Female,75102.33,London,2023-01-03,Skincare,159.66,0.0,3,Dry / Dehydrated,French Riviera
CUST-1786,31,Female,43587.33,Los Angeles,2023-01-21,Fragrance,160.66,0.0,4,Oily Clarity,Minimalist Chic
CUST-1327,40,Female,88661.59,Los Angeles,2024-03-19,Bath & Body,187.97,0.0,4,Mature Luminosity,French Riviera
CUST-1388,29,Female,34426.81,Los Angeles,2023-02-21,Makeup,137.67,0.1,2,Oily Clarity,Quiet Luxury
CUST-1956,27,Male,89235.36,Tokyo,2023-12-28,Bath & Body,148.07,0.05,1,Oily Clarity,Old Money Luxe
CUST-1184,38,Female,56536.61,Tokyo,2023-04-19,Fragrance,65.4,0.15,2,Oily Clarity,Minimalist Chic
CUST-1440,35,Female,67161.76,Dubai,2024-02-18,Bath & Body,166.09,0.15,3,Dry / Dehydrated,Old Money Luxe
CUST-1576,36,Female,47424.41,Tokyo,2024-01-07,Fragrance,137.95,0.05,1,Oily Clarity,French Riviera
CUST-2099,33,Female,118615.98,Paris,2023-04-25,Skincare,105.95,0.0,4,Oily Clarity,Minimalist Chic
CUST-1541,36,Female,135667.91,Milan,2023-05-07,Bath & Body,141.65,0.0,3,Oily Clarity,French Riviera
CUST-1092,42,Female,127211.07,Tokyo,2023-06-24,Skincare,40.7,0.05,2,Mature Luminosity,Quiet Luxury
CUST-1398,18,Male,59552.69,New York,2023-04-03,Fragrance,66.91,0.05,1,Combination Balance,Old Money Luxe
CUST-1791,34,Female,52077.88,Dubai,2023-01-17,Haircare,103.21,0.0,2,Mature Luminosity,French Riviera
CUST-1243,24,Female,96461.28,London,2023-04-13,Skincare,108.27,0.0,1,Oily Clarity,French Riviera
CUST-1694,31,Female,55875.2,Dubai,2023-05-24,Bath & Body,221.43,0.05,4,Sensitive Glow,Minimalist Chic
CUST-2042,41,Female,82015.91,Tokyo,2023-12-02,Fragrance,207.93,0.1,1,Dry / Dehydrated,Old Money Luxe
CUST-1079,28,Female,58163.16,London,2024-03-04,Bath & Body,172.21,0.1,1,Oily Clarity,Quiet Luxury
CUST-1935,63,Female,74079.66,London,2024-03-10,Fragrance,110.08,0.05,2,Mature Luminosity,Minimalist Chic
CUST-1671,18,Female,72820.03,Dubai,2023-03-23,Bath & Body,153.18,0.05,1,Sensitive Glow,Streetwear Glam
CUST-1612,36,Female,67630.52,Dubai,2023-11-19,Bath & Body,187.31,0.2,3,Mature Luminosity,Quiet Luxury
CUST-2090,19,Female,38227.28,Tokyo,2023-05-02,Fragrance,110.66,0.0,4,Combination Balance,Streetwear Glam
CUST-1034,25,Female,70420.15,New York,2023-12-14,Bath & Body,152.56,0.1,4,Dry / Dehydrated,Streetwear Glam
CUST-2195,33,Female,60523.69,New York,2024-04-24,Skincare,191.77,0.05,2,Mature Luminosity,Streetwear Glam
CUST-1543,18,Female,85244.07,Milan,2023-04-02,Fragrance,76.95,0.05,1,Mature Luminosity,Minimalist Chic
CUST-1105,34,Female,86579.62,Dubai,2024-05-04,Haircare,129.86,0.05,4,Sensitive Glow,Quiet Luxury
CUST-1778,35,Female,49186.9,London,2023-09-24,Makeup,139.9,0.0,1,Dry / Dehydrated,Quiet Luxury
CUST-1225,25,Female,49798.61,London,2023-10-27,Skincare,82.1,0.0,4,Oily Clarity,French Riviera
CUST-1857,25,Female,126934.5,London,2023-11-14,Haircare,191.06,0.0,3,Sensitive Glow,Streetwear Glam
CUST-2027,41,Male,47536.23,Los Angeles,2023-06-05,Fragrance,124.92,0.05,1,Oily Clarity,Old Money Luxe
CUST-1282,31,Female,97457.05,Dubai,2024-03-12,Makeup,55.68,0.1,2,Mature Luminosity,French Riviera
CUST-1979,39,Male,93988.66,Dubai,2024-06-17,Haircare,72.53,0.0,1,Combination Balance,Minimalist Chic
CUST-1941,46,Female,66684.07,Dubai,2023-08-05,Bath & Body,144.58,0.05,4,Mature Luminosity,French Riviera
CUST-1541,28,Male,93296.77,Dubai,2023-01-27,Haircare,136.75,0.0,2,Sensitive Glow,Minimalist Chic
CUST-1571,35,Non-Binary,104034.97,Dubai,2024-03-26,Bath & Body,79.44,0.1,2,Sensitive Glow,French Riviera
CUST-1591,21,Non-Binary,68897.99,Milan,2024-05-22,Makeup,118.03,0.1,3,Oily Clarity,French Riviera
CUST-1982,30,Female,90551.75,New York,2023-07-26,Fragrance,186.45,0.1,4,Combination Balance,French Riviera
CUST-1249,18,Female,36810.74,Dubai,2024-03-25,Fragrance,86.71,0.05,3,Oily Clarity,Streetwear Glam
CUST-1706,30,Female,41149.54,Los Angeles,2024-06-23,Makeup,92.34,0.05,4,Combination Balance,Old Money Luxe
CUST-1589,38,Female,97130.79,Milan,2023-06-04,Skincare,90.38,0.0,2,Combination Balance,Streetwear Glam
CUST-1525,33,Female,88957.29,Milan,2023-12-09,Haircare,111.98,0.0,1,Sensitive Glow,Minimalist Chic
CUST-2103,42,Female,108536.9,New York,2023-07-12,Fragrance,82.88,0.05,4,Combination Balance,Minimalist Chic
CUST-1223,27,Female,65057.4,Dubai,2024-03-05,Fragrance,211.0,0.05,1,Sensitive Glow,Minimalist Chic
CUST-1103,47,Female,96349.4,Milan,2023-06-05,Fragrance,140.74,0.2,3,Sensitive Glow,Minimalist Chic
CUST-1107,36,Female,47420.43,Paris,2024-03-13,Haircare,104.37,0.05,2,Combination Balance,Streetwear Glam
CUST-1205,18,Female,102822.64,Milan,2024-03-14,Makeup,79.63,0.05,4,Dry / Dehydrated,Quiet Luxury
CUST-1323,30,Male,46734.62,Tokyo,2023-06-04,Haircare,151.14,0.15,3,Oily Clarity,Minimalist Chic
CUST-1588,40,Female,59210.56,New York,2023-07-26,Bath & Body,132.66,0.2,4,Dry / Dehydrated,Old Money Luxe
CUST-2175,40,Male,70439.48,London,2023-09-25,Fragrance,95.77,0.0,3,Dry / Dehydrated,Minimalist Chic
CUST-1855,29,Male,56335.54,Los Angeles,2024-04-29,Makeup,111.16,0.0,2,Dry / Dehydrated,Streetwear Glam
CUST-2014,18,Female,64715.25,London,2023-03-01,Bath & Body,95.8,0.05,1,Dry / Dehydrated,Old Money Luxe
CUST-1611,18,Male,42502.64,Dubai,2024-04-30,Fragrance,162.55,0.0,4,Dry / Dehydrated,French Riviera
CUST-1582,47,Male,48004.02,Tokyo,2024-03-21,Fragrance,63.7,0.0,4,Mature Luminosity,Streetwear Glam
CUST-1274,35,Male,74058.5,Los Angeles,2023-03-30,Fragrance,197.29,0.0,2,Oily Clarity,French Riviera
CUST-1394,24,Female,103236.84,Los Angeles,2024-05-17,Skincare,154.08,0.15,3,Combination Balance,Minimalist Chic
CUST-1939,20,Male,62515.39,Milan,2023-02-07,Bath & Body,205.13,0.0,4,Sensitive Glow,Old Money Luxe
CUST-1690,31,Male,98786.23,Los Angeles,2023-07-06,Bath & Body,101.67,0.0,3,Mature Luminosity,Minimalist Chic
CUST-1359,29,Male,67504.05,Dubai,2023-11-06,Haircare,215.21,0.0,3,Oily Clarity,Quiet Luxury
CUST-1671,48,Female,22583.11,Paris,2023-07-10,Haircare,163.19,0.05,2,Dry / Dehydrated,Minimalist Chic
CUST-1287,26,Female,54068.44,Tokyo,2024-02-26,Bath & Body,89.61,0.1,2,Sensitive Glow,Old Money Luxe
CUST-1534,26,Non-Binary,47378.43,Tokyo,2024-01-22,Makeup,131.03,0.0,3,Oily Clarity,French Riviera
CUST-1675,44,Male,53075.19,New York,2023-10-14,Fragrance,27.38,0.2,3,Mature Luminosity,Old Money Luxe
CUST-1535,40,Female,65983.8,Milan,2023-10-03,Bath & Body,146.95,0.0,1,Sensitive Glow,Old Money Luxe
CUST-1242,24,Female,53090.38,Tokyo,2023-04-19,Bath & Body,50.9,0.0,4,Sensitive Glow,Streetwear Glam
CUST-2029,34,Male,92531.39,Milan,2023-08-17,Bath & Body,129.08,0.1,1,Dry / Dehydrated,French Riviera
CUST-1752,25,Female,86442.16,Dubai,2023-01-13,Makeup,15.0,0.05,3,Sensitive Glow,Minimalist Chic
CUST-1979,27,Male,104291.56,London,2024-04-11,Haircare,101.73,0.0,1,Mature Luminosity,French Riviera
CUST-1851,32,Female,97168.31,Milan,2023-11-04,Fragrance,87.46,0.0,1,Oily Clarity,Quiet Luxury
CUST-1447,32,Male,55565.25,Los Angeles,2024-04-25,Makeup,154.67,0.0,4,Mature Luminosity,Old Money Luxe
CUST-2076,34,Male,87136.61,Tokyo,2023-09-30,Fragrance,57.31,0.0,3,Combination Balance,Old Money Luxe
CUST-2155,36,Female,103192.8,Paris,2024-01-25,Skincare,128.93,0.1,4,Mature Luminosity,Quiet Luxury
CUST-1414,43,Female,54539.9,Dubai,2023-05-19,Fragrance,78.3,0.0,3,Sensitive Glow,Minimalist Chic
CUST-1671,30,Female,44176.59,Los Angeles,2023-09-30,Fragrance,69.84,0.0,3,Oily Clarity,Old Money Luxe
CUST-1420,25,Female,52079.55,Milan,2023-08-06,Fragrance,189.13,0.05,2,Oily Clarity,Old Money Luxe
CUST-2045,48,Male,60995.34,Tokyo,2023-04-15,Skincare,18.88,0.05,1,Oily Clarity,Minimalist Chic
CUST-2051,45,Female,67406.01,Tokyo,2023-07-29,Haircare,84.75,0.0,4,Mature Luminosity,Old Money Luxe
CUST-2144,27,Non-Binary,83219.01,Tokyo,2024-05-06,Bath & Body,121.39,0.15,2,Dry / Dehydrated,Streetwear Glam
CUST-1521,39,Female,50326.87,Los Angeles,2023-09-07,Skincare,75.99,0.0,3,Sensitive Glow,Quiet Luxury
CUST-1149,19,Female,42159.62,Paris,2023-01-05,Haircare,162.69,0.0,4,Combination Balance,Old Money Luxe
CUST-2108,43,Female,72148.52,Paris,2023-05-20,Skincare,161.98,0.15,2,Oily Clarity,Old Money Luxe
CUST-1587,22,Male,103390.5,Tokyo,2024-01-13,Makeup,64.69,0.0,1,Sensitive Glow,Streetwear Glam
CUST-1766,34,Female,81376.33,Tokyo,2023-05-23,Haircare,117.17,0.0,1,Oily Clarity,Streetwear Glam
CUST-1164,18,Male,85376.63,Milan,2023-03-11,Fragrance,87.8,0.05,4,Sensitive Glow,French Riviera
CUST-1242,44,Male,53842.1,London,2023-07-11,Fragrance,147.17,0.1,2,Oily Clarity,Quiet Luxury
CUST-1260,33,Male,33627.81,Milan,2023-07-22,Makeup,72.0,0.0,3,Dry / Dehydrated,Old Money Luxe
CUST-1611,33,Male,52198.65,Tokyo,2023-07-16,Fragrance,68.6,0.2,1,Oily Clarity,Quiet Luxury
CUST-1776,31,Female,112909.85,Los Angeles,2023-04-18,Makeup,150.11,0.0,2,Sensitive Glow,Streetwear Glam
CUST-1708,34,Female,43955.99,London,2024-04-01,Bath & Body,136.71,0.1,2,Sensitive Glow,Old Money Luxe
CUST-1065,30,Female,57553.16,Los Angeles,2024-03-14,Haircare,157.86,0.0,3,Mature Luminosity,Old Money Luxe
CUST-1492,32,Female,79925.67,London,2023-07-28,Skincare,140.8,0.15,3,Dry / Dehydrated,Quiet Luxury
CUST-1068,24,Female,78521.07,Tokyo,2024-06-12,Fragrance,129.48,0.0,1,Dry / Dehydrated,Minimalist Chic
CUST-1090,34,Female,67732.23,Tokyo,2023-08-27,Haircare,154.85,0.05,2,Sensitive Glow,Quiet Luxury
CUST-1444,29,Female,112356.28,Los Angeles,2023-09-02,Skincare,141.82,0.1,3,Sensitive Glow,Quiet Luxury
CUST-1592,30,Female,56028.7,London,2024-03-23,Fragrance,152.02,0.0,2,Combination Balance,Quiet Luxury
CUST-1656,33,Female,88468.22,London,2024-01-19,Bath & Body,109.44,0.1,3,Sensitive Glow,Quiet Luxury
CUST-1452,47,Female,76742.56,Tokyo,2023-05-02,Bath & Body,123.81,0.05,4,Combination Balance,Old Money Luxe
CUST-2140,30,Male,85637.25,Dubai,2023-02-19,Makeup,179.86,0.0,3,Oily Clarity,Quiet Luxury
CUST-2015,21,Female,30326.36,Paris,2023-07-06,Bath & Body,177.87,0.0,3,Oily Clarity,Quiet Luxury
CUST-1652,44,Female,77476.73,Milan,2023-05-16,Haircare,44.13,0.1,3,Oily Clarity,Minimalist Chic
CUST-1614,35,Female,68601.74,Tokyo,2023-08-18,Makeup,188.52,0.0,2,Mature Luminosity,Streetwear Glam
CUST-1493,46,Female,56674.18,Los Angeles,2024-01-17,Makeup,210.9,0.1,3,Combination Balance,Minimalist Chic
CUST-1948,33,Female,106370.3,Paris,2023-01-06,Fragrance,108.39,0.0,3,Oily Clarity,Streetwear Glam
CUST-2141,43,Female,73585.29,Dubai,2023-07-21,Makeup,180.95,0.05,1,Oily Clarity,Minimalist Chic
CUST-1522,29,Female,72859.8,London,2024-05-18,Bath & Body,195.38,0.0,2,Dry / Dehydrated,Streetwear Glam
CUST-1759,25,Male,71762.07,Paris,2024-05-29,Fragrance,148.99,0.1,3,Sensitive Glow,Old Money Luxe
CUST-1549,30,Non-Binary,40893.81,Tokyo,2023-03-24,Fragrance,31.53,0.0,2,Mature Luminosity,Old Money Luxe
CUST-1149,25,Male,72382.17,London,2023-08-25,Fragrance,15.0,0.15,1,Mature Luminosity,Minimalist Chic
CUST-1981,45,Female,68245.58,London,2023-01-25,Bath & Body,167.14,0.0,3,Combination Balance,Old Money Luxe
CUST-1433,43,Female,46683.27,London,2024-02-09,Skincare,137.22,0.0,3,Oily Clarity,Minimalist Chic
CUST-1418,21,Male,52626.57,Tokyo,2023-02-23,Makeup,71.34,0.0,2,Mature Luminosity,French Riviera
CUST-1579,22,Female,71043.4,Tokyo,2023-09-19,Haircare,118.71,0.15,3,Mature Luminosity,French Riviera
CUST-1631,21,Male,54697.88,New York,2024-04-18,Bath & Body,71.46,0.05,2,Mature Luminosity,Streetwear Glam
CUST-1954,46,Female,49512.34,Paris,2023-01-12,Haircare,166.72,0.15,3,Combination Balance,Minimalist Chic
CUST-1759,27,Female,60825.31,New York,2023-06-24,Haircare,63.41,0.0,2,Dry / Dehydrated,Quiet Luxury
CUST-1453,23,Male,20000.0,Milan,2024-03-06,Makeup,101.26,0.0,4,Dry / Dehydrated,French Riviera
CUST-2133,34,Female,45348.27,Dubai,2023-10-08,Fragrance,150.42,0.0,4,Oily Clarity,French Riviera
CUST-1312,39,Female,46140.93,London,2023-01-30,Bath & Body,32.41,0.05,1,Sensitive Glow,Streetwear Glam
CUST-2166,22,Female,90206.15,Los Angeles,2024-01-02,Makeup,54.14,0.15,4,Oily Clarity,Quiet Luxury
CUST-1691,39,Female,63271.47,New York,2023-12-01,Haircare,48.59,0.0,3,Oily Clarity,Streetwear Glam
CUST-1344,41,Male,88053.56,Milan,2023-10-05,Bath & Body,64.82,0.1,1,Sensitive Glow,Minimalist Chic
CUST-2119,28,Female,65582.49,Tokyo,2023-05-15,Makeup,109.68,0.2,2,Mature Luminosity,Old Money Luxe
CUST-2073,27,Female,49133.56,Paris,2023-06-30,Skincare,122.18,0.05,3,Dry / Dehydrated,Old Money Luxe
CUST-1844,48,Male,32882.48,London,2023-05-24,Makeup,16.77,0.05,4,Dry / Dehydrated,Minimalist Chic
CUST-1018,31,Female,65432.03,London,2024-02-14,Fragrance,87.09,0.0,3,Oily Clarity,French Riviera
CUST-1123,28,Female,70099.83,Dubai,2023-11-17,Fragrance,36.87,0.0,4,Oily Clarity,Streetwear Glam
CUST-1032,38,Female,90946.2,Paris,2023-10-23,Fragrance,134.18,0.0,3,Mature Luminosity,Streetwear Glam
CUST-1024,56,Female,49843.27,Paris,2024-03-19,Fragrance,102.8,0.0,2,Combination Balance,Quiet Luxury
CUST-1587,43,Male,43279.85,Paris,2024-06-17,Fragrance,57.39,0.05,1,Oily Clarity,Minimalist Chic
CUST-1219,39,Female,58571.25,Paris,2024-04-18,Fragrance,137.12,0.2,4,Sensitive Glow,Minimalist Chic
CUST-1393,22,Female,69070.31,Dubai,2023-02-08,Fragrance,123.95,0.1,4,Combination Balance,French Riviera
CUST-1547,28,Female,111082.24,Los Angeles,2024-01-21,Haircare,15.0,0.0,3,Dry / Dehydrated,French Riviera
CUST-1831,33,Female,98447.89,Tokyo,2023-05-08,Fragrance,120.62,0.0,2,Sensitive Glow,Minimalist Chic
CUST-1614,60,Male,78327.67,Milan,2023-07-25,Skincare,113.39,0.2,2,Dry / Dehydrated,Old Money Luxe
CUST-1830,40,Male,62568.4,Tokyo,2023-05-03,Haircare,185.2,0.0,1,Mature Luminosity,Streetwear Glam
CUST-1114,50,Female,69421.01,Milan,2024-01-31,Skincare,147.18,0.0,3,Sensitive Glow,Old Money Luxe
CUST-2023,38,Female,123530.44,Los Angeles,2023-11-06,Haircare,76.08,0.0,1,Combination Balance,Quiet Luxury
CUST-1195,28,Male,55995.26,Dubai,2023-07-25,Skincare,134.36,0.0,4,Sensitive Glow,Minimalist Chic
CUST-2160,19,Female,56053.6,Tokyo,2023-10-18,Bath & Body,121.24,0.15,3,Dry / Dehydrated,Old Money Luxe
CUST-1574,28,Male,108304.73,Dubai,2024-05-22,Fragrance,131.33,0.0,2,Dry / Dehydrated,Minimalist Chic
CUST-1644,27,Female,20000.0,Paris,2023-07-12,Makeup,80.22,0.0,4,Mature Luminosity,Minimalist Chic
CUST-1815,30,Female,25316.5,Paris,2023-11-22,Bath & Body,107.13,0.0,4,Sensitive Glow,Quiet Luxury
CUST-1492,22,Female,110463.92,Dubai,2023-10-03,Haircare,162.14,0.0,4,Mature Luminosity,French Riviera
CUST-1786,44,Male,74997.02,Los Angeles,2023-06-20,Makeup,174.17,0.1,1,Dry / Dehydrated,Quiet Luxury
CUST-1708,52,Female,49631.01,Paris,2023-01-26,Skincare,101.93,0.0,2,Oily Clarity,Minimalist Chic
CUST-1155,36,Female,98035.35,New York,2024-03-10,Fragrance,82.3,0.05,4,Mature Luminosity,Quiet Luxury
CUST-1812,18,Female,81449.4,Los Angeles,2023-10-02,Bath & Body,175.19,0.0,3,Dry / Dehydrated,French Riviera
CUST-1922,36,Female,54057.26,Tokyo,2023-08-20,Makeup,66.03,0.05,1,Combination Balance,Quiet Luxury
CUST-1768,25,Female,104061.46,Tokyo,2023-09-26,Makeup,122.35,0.1,4,Mature Luminosity,Streetwear Glam
CUST-1175,38,Male,49340.77,Los Angeles,2024-04-24,Fragrance,181.5,0.05,3,Combination Balance,Minimalist Chic
CUST-1150,18,Male,45538.99,Paris,2023-02-23,Bath & Body,130.9,0.2,2,Sensitive Glow,Streetwear Glam
CUST-1315,22,Female,74971.33,Milan,2024-02-18,Haircare,83.9,0.0,2,Combination Balance,French Riviera
CUST-1218,30,Male,101509.9,Paris,2024-02-26,Skincare,195.67,0.0,2,Combination Balance,Streetwear Glam
CUST-1737,46,Female,114542.47,Los Angeles,2023-06-18,Bath & Body,90.82,0.0,1,Dry / Dehydrated,Minimalist Chic
CUST-1178,33,Female,32267.26,London,2024-03-02,Haircare,78.07,0.05,4,Oily Clarity,Quiet Luxury
CUST-2136,26,Female,55767.25,Dubai,2023-10-19,Haircare,106.93,0.0,4,Dry / Dehydrated,Old Money Luxe
CUST-1183,33,Female,55207.27,New York,2023-12-21,Fragrance,109.79,0.0,4,Dry / Dehydrated,Quiet Luxury
CUST-1664,40,Female,124313.55,Los Angeles,2023-02-08,Haircare,50.7,0.0,4,Dry / Dehydrated,French Riviera
CUST-1847,25,Female,49783.44,Tokyo,2023-09-14,Skincare,50.4,0.0,1,Mature Luminosity,Minimalist Chic
CUST-2171,21,Female,113541.82,Dubai,2023-04-11,Makeup,41.03,0.1,3,Oily Clarity,Minimalist Chic
CUST-1284,37,Female,107034.81,New York,2023-06-10,Bath & Body,162.04,0.0,1,Combination Balance,Streetwear Glam
CUST-1298,28,Female,104747.28,Paris,2023-10-01,Makeup,39.98,0.0,4,Oily Clarity,French Riviera
CUST-1862,29,Female,95186.12,New York,2024-06-06,Haircare,105.33,0.0,2,Dry / Dehydrated,French Riviera
CUST-1515,18,Male,30599.71,London,2024-03-25,Haircare,173.2,0.1,2,Mature Luminosity,Quiet Luxury
CUST-1400,44,Male,89342.18,Tokyo,2024-02-16,Skincare,43.92,0.2,2,Sensitive Glow,French Riviera
CUST-1013,49,Female,74626.58,Tokyo,2024-02-20,Bath & Body,103.26,0.0,2,Mature Luminosity,Streetwear Glam
CUST-1674,25,Male,97877.37,Tokyo,2023-05-03,Bath & Body,127.86,0.0,3,Oily Clarity,Quiet Luxury
CUST-1278,44,Female,62070.42,New York,2024-01-31,Bath & Body,92.59,0.0,2,Mature Luminosity,Minimalist Chic
CUST-1981,18,Female,126324.3,New York,2024-03-26,Makeup,174.44,0.0,4,Oily Clarity,French Riviera
CUST-1596,28,Female,117393.07,Milan,2023-11-30,Haircare,214.86,0.15,4,Mature Luminosity,Minimalist Chic
CUST-1667,53,Non-Binary,89909.93,Tokyo,2023-12-11,Bath & Body,95.6,0.0,4,Oily Clarity,French Riviera
CUST-1233,40,Female,76306.46,Dubai,2023-06-20,Makeup,66.97,0.0,1,Mature Luminosity,Quiet Luxury
CUST-1368,41,Female,44876.61,Milan,2024-04-12,Fragrance,177.38,0.0,4,Dry / Dehydrated,Streetwear Glam
CUST-1429,24,Female,88225.41,Tokyo,2023-09-26,Bath & Body,122.85,0.0,1,Dry / Dehydrated,Streetwear Glam
CUST-2022,33,Female,61806.54,London,2024-05-09,Bath & Body,140.2,0.0,3,Sensitive Glow,French Riviera
CUST-1315,18,Female,111661.39,Milan,2023-11-05,Haircare,183.52,0.1,3,Oily Clarity,Old Money Luxe
CUST-1919,55,Female,70530.62,Dubai,2023-03-17,Haircare,153.83,0.0,3,Mature Luminosity,Streetwear Glam
CUST-2094,46,Female,117801.01,Dubai,2023-09-10,Haircare,32.62,0.1,3,Mature Luminosity,Old Money Luxe
CUST-1736,26,Female,126941.93,Milan,2024-06-11,Fragrance,171.81,0.05,2,Mature Luminosity,Old Money Luxe
CUST-1223,47,Female,31749.16,Los Angeles,2023-03-06,Makeup,214.16,0.0,1,Combination Balance,Minimalist Chic
CUST-1090,42,Female,52066.27,Dubai,2024-04-07,Haircare,156.78,0.15,2,Combination Balance,Streetwear Glam
CUST-1216,48,Female,139247.68,Paris,2023-03-29,Skincare,52.09,0.05,2,Combination Balance,Minimalist Chic
CUST-2045,31,Female,70991.0,Milan,2023-09-02,Fragrance,136.54,0.0,1,Mature Luminosity,Quiet Luxury
CUST-2178,46,Female,91423.68,London,2023-06-26,Haircare,161.4,0.05,1,Combination Balance,Streetwear Glam
CUST-1948,26,Female,35803.51,Los Angeles,2023-10-24,Fragrance,137.34,0.0,2,Mature Luminosity,Minimalist Chic
CUST-1706,57,Female,99848.24,Paris,2023-06-17,Haircare,74.59,0.0,2,Dry / Dehydrated,French Riviera
CUST-1851,25,Female,77823.7,Paris,2023-06-02,Skincare,75.53,0.0,1,Sensitive Glow,French Riviera
CUST-1638,28,Female,80726.87,New York,2023-08-09,Haircare,173.72,0.15,2,Sensitive Glow,Quiet Luxury
CUST-1989,47,Male,64031.35,New York,2024-03-14,Haircare,127.22,0.0,2,Dry / Dehydrated,Streetwear Glam
CUST-1926,40,Female,125295.65,New York,2023-02-17,Skincare,51.54,0.05,2,Combination Balance,Old Money Luxe
CUST-1235,41,Female,93734.15,Paris,2023-11-25,Bath & Body,150.49,0.0,1,Dry / Dehydrated,Minimalist Chic
CUST-1499,48,Female,99960.57,Dubai,2024-01-23,Makeup,104.54,0.0,2,Mature Luminosity,Minimalist Chic
CUST-1677,38,Female,26781.75,Dubai,2024-06-08,Haircare,169.47,0.1,3,Oily Clarity,Minimalist Chic
CUST-1829,44,Female,54159.1,Milan,2024-05-10,Makeup,153.72,0.0,3,Sensitive Glow,Streetwear Glam
CUST-1810,18,Female,48534.74,Paris,2024-05-01,Fragrance,220.6,0.15,3,Sensitive Glow,Streetwear Glam
CUST-1879,33,Female,36491.56,Tokyo,2023-03-30,Skincare,50.31,0.15,3,Sensitive Glow,Minimalist Chic
CUST-1570,27,Female,71136.53,Los Angeles,2023-04-09,Skincare,216.31,0.1,3,Mature Luminosity,Old Money Luxe
CUST-2099,21,Female,107256.53,London,2024-04-11,Bath & Body,158.21,0.0,3,Combination Balance,Minimalist Chic
CUST-1937,36,Female,88343.65,Paris,2024-06-02,Bath & Body,175.94,0.0,3,Oily Clarity,Quiet Luxury
CUST-1641,24,Female,78862.1,Dubai,2024-05-14,Haircare,125.52,0.0,3,Mature Luminosity,Streetwear Glam
CUST-1233,39,Female,77101.46,New York,2023-08-03,Bath & Body,135.63,0.0,2,Oily Clarity,Quiet Luxury
CUST-1353,36,Male,65141.82,Los Angeles,2024-06-21,Bath & Body,112.41,0.05,3,Mature Luminosity,Quiet Luxury
CUST-1173,28,Female,70640.09,Milan,2023-08-10,Makeup,78.41,0.05,3,Combination Balance,Old Money Luxe
CUST-1488,30,Male,65186.44,New York,2023-07-10,Skincare,154.61,0.1,3,Sensitive Glow,French Riviera
CUST-1289,44,Female,112166.59,Dubai,2024-04-08,Haircare,49.86,0.15,1,Oily Clarity,Quiet Luxury
CUST-1282,42,Male,47011.35,Dubai,2024-04-28,Haircare,100.32,0.1,1,Oily Clarity,Minimalist Chic
CUST-1996,29,Female,26619.24,Milan,2024-02-19,Fragrance,81.74,0.1,1,Sensitive Glow,Quiet Luxury
CUST-1341,18,Female,55476.12,Tokyo,2024-05-12,Bath & Body,98.81,0.05,2,Sensitive Glow,Minimalist Chic
CUST-1644,32,Female,79682.39,Los Angeles,2023-12-27,Haircare,50.73,0.0,3,Mature Luminosity,Old Money Luxe
CUST-1735,39,Female,76503.42,Paris,2023-01-01,Haircare,137.38,0.2,4,Sensitive Glow,Minimalist Chic
CUST-1786,33,Female,33145.36,Dubai,2023-01-14,Fragrance,101.52,0.0,3,Oily Clarity,Streetwear Glam
CUST-2007,28,Non-Binary,70463.77,Tokyo,2023-04-04,Haircare,114.68,0.05,4,Oily Clarity,Minimalist Chic
CUST-1169,45,Female,65451.69,Dubai,2023-09-30,Skincare,145.51,0.05,1,Sensitive Glow,French Riviera
CUST-1066,27,Female,105492.77,New York,2023-11-21,Makeup,159.8,0.0,1,Mature Luminosity,French Riviera
CUST-1344,24,Female,141203.6,Los Angeles,2024-03-14,Haircare,154.78,0.0,2,Mature Luminosity,Streetwear Glam
CUST-2125,60,Male,89869.46,Dubai,2023-04-07,Skincare,138.41,0.1,3,Mature Luminosity,Old Money Luxe
CUST-1548,21,Female,55144.58,Los Angeles,2023-04-15,Fragrance,126.38,0.1,2,Combination Balance,Quiet Luxury
CUST-1085,29,Female,94066.74,Los Angeles,2023-01-13,Haircare,79.26,0.0,1,Mature Luminosity,Minimalist Chic
CUST-1870,48,Female,66693.56,Paris,2023-07-01,Makeup,168.04,0.15,2,Combination Balance,Old Money Luxe
CUST-1921,37,Female,69689.28,New York,2023-05-26,Bath & Body,195.21,0.2,4,Dry / Dehydrated,Streetwear Glam
CUST-1240,23,Non-Binary,95582.0,Los Angeles,2024-04-18,Makeup,131.29,0.15,3,Sensitive Glow,Quiet Luxury
CUST-1718,32,Female,91617.57,Los Angeles,2024-02-15,Fragrance,92.35,0.0,4,Oily Clarity,Minimalist Chic
CUST-1285,21,Female,55253.81,Los Angeles,2023-10-13,Makeup,131.77,0.0,3,Sensitive Glow,Old Money Luxe
CUST-2167,18,Female,81598.2,New York,2023-04-22,Fragrance,204.58,0.1,2,Combination Balance,Quiet Luxury
CUST-2103,41,Female,86484.76,London,2024-04-26,Bath & Body,131.65,0.0,1,Combination Balance,French Riviera
CUST-2172,36,Male,87125.03,New York,2023-11-17,Fragrance,96.61,0.05,1,Dry / Dehydrated,Minimalist Chic
CUST-1842,37,Non-Binary,64689.65,Paris,2023-03-06,Bath & Body,132.86,0.0,4,Sensitive Glow,Minimalist Chic
CUST-1511,29,Male,66460.3,London,2023-11-23,Bath & Body,120.09,0.1,3,Sensitive Glow,Streetwear Glam
CUST-2002,28,Female,114498.5,London,2024-04-29,Fragrance,202.1,0.0,1,Combination Balance,Streetwear Glam
CUST-1768,39,Male,49734.47,Tokyo,2024-05-15,Skincare,208.05,0.05,3,Dry / Dehydrated,Streetwear Glam
CUST-2055,25,Female,91609.69,Milan,2023-08-07,Bath & Body,86.03,0.2,1,Combination Balance,Streetwear Glam
CUST-1999,23,Male,85086.72,New York,2023-11-30,Fragrance,92.53,0.0,3,Dry / Dehydrated,Old Money Luxe
CUST-1938,38,Female,107512.35,Milan,2024-05-29,Bath & Body,80.81,0.05,3,Dry / Dehydrated,Quiet Luxury
CUST-1814,53,Male,86776.83,London,2023-09-27,Haircare,130.92,0.1,1,Sensitive Glow,Streetwear Glam
CUST-1549,33,Female,91807.53,New York,2023-07-28,Bath & Body,146.87,0.05,4,Combination Balance,Quiet Luxury
CUST-2183,41,Female,76809.09,London,2023-02-25,Fragrance,130.73,0.05,4,Oily Clarity,French Riviera
CUST-1099,48,Female,79039.11,Paris,2023-05-10,Skincare,75.58,0.0,2,Oily Clarity,Old Money Luxe
CUST-1254,38,Female,20000.0,Los Angeles,2024-05-26,Makeup,145.68,0.0,4,Oily Clarity,Streetwear Glam
CUST-1001,28,Female,71217.52,Tokyo,2023-12-10,Makeup,50.21,0.0,1,Sensitive Glow,French Riviera
CUST-1325,37,Female,61595.7,Los Angeles,2023-12-18,Bath & Body,106.8,0.15,2,Dry / Dehydrated,French Riviera
CUST-1512,28,Female,56788.46,Paris,2023-10-01,Bath & Body,135.98,0.15,4,Sensitive Glow,Old Money Luxe
CUST-1811,48,Female,95164.55,Milan,2024-03-08,Bath & Body,39.43,0.0,2,Sensitive Glow,Streetwear Glam
CUST-1186,32,Female,70613.78,Milan,2023-03-20,Skincare,203.58,0.0,1,Dry / Dehydrated,Minimalist Chic
CUST-1976,49,Female,85207.61,Paris,2023-06-03,Makeup,104.47,0.0,2,Mature Luminosity,Minimalist Chic
CUST-2063,31,Female,88407.27,Milan,2023-06-26,Haircare,15.0,0.15,1,Dry / Dehydrated,Old Money Luxe
CUST-1703,30,Female,96638.96,Los Angeles,2023-11-04,Skincare,152.88,0.1,4,Oily Clarity,Minimalist Chic
CUST-1978,18,Male,101228.14,Paris,2024-06-20,Makeup,91.67,0.1,1,Oily Clarity,Old Money Luxe
CUST-1209,32,Female,61141.55,Paris,2023-05-14,Bath & Body,217.0,0.1,4,Combination Balance,French Riviera
CUST-1280,37,Female,56580.75,Tokyo,2023-05-01,Makeup,49.24,0.0,2,Sensitive Glow,Old Money Luxe
CUST-2086,34,Female,52896.04,Dubai,2023-10-09,Skincare,15.0,0.15,4,Mature Luminosity,Minimalist Chic
CUST-1901,25,Female,72492.26,New York,2023-09-11,Makeup,118.48,0.0,1,Sensitive Glow,Streetwear Glam
CUST-1906,30,Female,91261.5,Los Angeles,2023-09-25,Makeup,141.7,0.15,3,Dry / Dehydrated,Old Money Luxe
CUST-1286,29,Female,102358.49,Los Angeles,2023-07-11,Skincare,140.11,0.05,1,Mature Luminosity,Streetwear Glam
CUST-1719,30,Female,35859.39,Tokyo,2023-01-19,Bath & Body,171.3,0.0,4,Sensitive Glow,Minimalist Chic
CUST-1567,37,Female,85704.66,Milan,2023-10-20,Skincare,106.0,0.0,3,Sensitive Glow,Quiet Luxury
CUST-1583,19,Female,64198.91,Los Angeles,2023-05-29,Skincare,83.63,0.05,4,Combination Balance,Minimalist Chic
CUST-2060,36,Male,79891.85,Dubai,2023-12-30,Fragrance,76.06,0.0,2,Sensitive Glow,Streetwear Glam
CUST-1605,42,Female,107857.38,Milan,2024-05-30,Skincare,126.58,0.0,3,Sensitive Glow,Streetwear Glam
CUST-1790,42,Female,100296.18,Paris,2023-03-22,Makeup,129.23,0.0,4,Oily Clarity,Quiet Luxury
CUST-1145,40,Female,61317.91,Dubai,2023-01-02,Skincare,69.58,0.0,1,Combination Balance,French Riviera
CUST-1270,34,Female,22947.53,Tokyo,2024-04-04,Fragrance,147.66,0.0,1,Oily Clarity,French Riviera
CUST-2118,26,Female,85723.01,Milan,2023-11-02,Makeup,150.54,0.1,4,Oily Clarity,Old Money Luxe
CUST-1034,29,Female,96540.87,Dubai,2023-03-27,Skincare,170.45,0.1,1,Dry / Dehydrated,French Riviera
CUST-1441,22,Female,116084.45,Paris,2023-04-30,Skincare,138.03,0.0,2,Oily Clarity,Quiet Luxury
CUST-1586,55,Non-Binary,84427.3,Milan,2023-12-18,Fragrance,115.0,0.0,4,Oily Clarity,Streetwear Glam
CUST-1823,18,Male,66950.19,Paris,2024-06-27,Fragrance,94.61,0.1,2,Mature Luminosity,Quiet Luxury
CUST-1312,46,Non-Binary,70814.39,New York,2024-03-30,Skincare,47.9,0.0,3,Combination Balance,Old Money Luxe
CUST-2047,18,Female,62979.16,London,2024-03-10,Makeup,154.81,0.0,2,Mature Luminosity,French Riviera
CUST-1800,18,Female,94589.74,Dubai,2023-12-09,Skincare,86.07,0.0,2,Combination Balance,Streetwear Glam
CUST-1488,28,Male,82013.31,Paris,2023-02-11,Makeup,170.8,0.1,4,Dry / Dehydrated,Streetwear Glam
CUST-1237,20,Female,20000.0,Tokyo,2024-06-29,Fragrance,79.53,0.0,4,Mature Luminosity,Old Money Luxe
CUST-1633,41,Female,96840.71,Milan,2023-07-01,Makeup,118.48,0.05,2,Dry / Dehydrated,Old Money Luxe
CUST-1281,41,Female,64622.49,Milan,2023-04-18,Skincare,155.04,0.0,3,Sensitive Glow,Streetwear Glam
CUST-1710,60,Non-Binary,109251.09,Dubai,2023-10-09,Fragrance,38.36,0.0,1,Combination Balance,Minimalist Chic
CUST-1761,29,Male,72726.8,London,2024-05-31,Bath & Body,158.71,0.0,1,Dry / Dehydrated,Old Money Luxe
CUST-1686,38,Female,50615.49,Los Angeles,2023-12-28,Haircare,166.8,0.0,3,Combination Balance,Quiet Luxury
CUST-1130,22,Female,116964.4,New York,2023-01-11,Fragrance,165.49,0.0,2,Dry / Dehydrated,Streetwear Glam
CUST-1932,18,Female,34472.01,Dubai,2024-04-05,Bath & Body,103.71,0.0,3,Dry / Dehydrated,Streetwear Glam
CUST-2160,38,Female,57545.01,London,2023-10-27,Bath & Body,203.93,0.0,1,Sensitive Glow,French Riviera
CUST-1210,18,Female,76987.62,Dubai,2023-10-11,Skincare,123.27,0.0,4,Sensitive Glow,Quiet Luxury
CUST-1005,21,Male,110512.61,Paris,2023-04-15,Skincare,114.33,0.0,4,Sensitive Glow,Old Money Luxe
CUST-1966,34,Male,91234.12,New York,2023-07-01,Haircare,160.56,0.0,3,Sensitive Glow,Minimalist Chic
CUST-1072,45,Female,97154.78,Dubai,2024-06-04,Haircare,116.87,0.1,3,Sensitive Glow,French Riviera
CUST-1508,34,Male,58093.97,Tokyo,2024-02-29,Bath & Body,65.28,0.1,4,Combination Balance,Old Money Luxe
CUST-2170,23,Female,50051.12,New York,2024-01-03,Skincare,75.88,0.05,1,Mature Luminosity,Old Money Luxe
CUST-1367,18,Non-Binary,80577.19,London,2024-03-21,Fragrance,172.81,0.05,2,Dry / Dehydrated,Streetwear Glam
CUST-1141,48,Female,57977.93,Tokyo,2023-09-04,Bath & Body,126.81,0.0,4,Combination Balance,French Riviera
CUST-1176,18,Male,116551.92,Dubai,2024-01-15,Haircare,122.64,0.0,3,Dry / Dehydrated,French Riviera
CUST-1410,49,Female,82426.39,New York,2024-02-24,Fragrance,154.67,0.0,2,Combination Balance,Quiet Luxury
CUST-1496,31,Male,94775.75,Tokyo,2023-11-07,Bath & Body,140.57,0.2,4,Mature Luminosity,Streetwear Glam
CUST-1400,38,Female,84480.39,Milan,2024-06-11,Fragrance,92.62,0.0,3,Sensitive Glow,Minimalist Chic
CUST-1013,27,Female,68283.86,Tokyo,2023-02-14,Skincare,28.18,0.15,2,Sensitive Glow,Quiet Luxury
CUST-1709,28,Female,56973.75,Milan,2023-04-27,Skincare,112.36,0.0,4,Combination Balance,Old Money Luxe
CUST-1770,47,Female,70615.54,Los Angeles,2023-10-24,Bath & Body,144.58,0.2,2,Dry / Dehydrated,Minimalist Chic
CUST-2085,31,Female,99391.96,London,2023-02-18,Haircare,71.39,0.0,1,Oily Clarity,Old Money Luxe
CUST-1291,41,Female,63031.04,Milan,2023-10-23,Bath & Body,137.97,0.0,1,Dry / Dehydrated,Old Money Luxe
CUST-1474,30,Female,98412.6,Los Angeles,2023-03-12,Fragrance,34.59,0.0,2,Oily Clarity,French Riviera
CUST-1938,58,Female,91929.54,Milan,2024-01-07,Skincare,129.13,0.2,3,Mature Luminosity,Old Money Luxe
CUST-2035,34,Female,47744.79,London,2023-08-25,Haircare,70.72,0.0,1,Dry / Dehydrated,Quiet Luxury
CUST-2162,22,Female,55155.34,Paris,2023-08-25,Haircare,127.47,0.0,3,Sensitive Glow,Minimalist Chic
CUST-1597,23,Female,46848.65,New York,2023-07-17,Bath & Body,107.18,0.2,3,Oily Clarity,French Riviera
CUST-1651,26,Female,96173.66,Tokyo,2023-10-02,Bath & Body,127.33,0.0,2,Sensitive Glow,Old Money Luxe
CUST-1415,32,Male,88958.41,London,2024-04-10,Fragrance,212.83,0.1,3,Dry / Dehydrated,Minimalist Chic
CUST-1216,27,Female,124708.35,London,2024-01-23,Haircare,234.02,0.0,1,Oily Clarity,French Riviera
CUST-1832,31,Non-Binary,104462.82,Paris,2023-05-26,Fragrance,51.33,0.05,2,Combination Balance,Minimalist Chic
CUST-1925,37,Female,53930.08,New York,2023-10-06,Haircare,139.31,0.15,3,Combination Balance,Old Money Luxe
CUST-1185,23,Female,27244.7,London,2023-07-30,Bath & Body,115.76,0.1,2,Mature Luminosity,Old Money Luxe
CUST-1440,47,Female,52489.27,Los Angeles,2023-02-16,Bath & Body,149.61,0.1,2,Sensitive Glow,Old Money Luxe
CUST-1508,27,Female,63259.88,New York,2024-06-13,Haircare,180.86,0.0,4,Mature Luminosity,Old Money Luxe
CUST-1612,32,Female,65999.21,New York,2023-06-11,Makeup,146.21,0.0,3,Dry / Dehydrated,Streetwear Glam
CUST-1926,31,Female,52805.76,Dubai,2023-06-28,Fragrance,169.88,0.0,3,Sensitive Glow,Old Money Luxe
CUST-1946,29,Non-Binary,56240.97,Paris,2024-02-13,Makeup,57.69,0.15,4,Dry / Dehydrated,Old Money Luxe
CUST-1126,28,Male,66238.86,Los Angeles,2023-03-09,Makeup,91.25,0.0,3,Sensitive Glow,Minimalist Chic
CUST-1820,28,Male,85315.77,New York,2023-05-13,Skincare,89.88,0.0,2,Mature Luminosity,Quiet Luxury
CUST-1530,47,Female,76918.36,Los Angeles,2023-11-14,Skincare,230.54,0.1,3,Dry / Dehydrated,Old Money Luxe
CUST-1404,35,Female,66146.18,Milan,2024-05-12,Haircare,172.03,0.0,2,Sensitive Glow,Old Money Luxe
CUST-1679,23,Female,92081.51,Paris,2023-03-15,Skincare,113.05,0.0,2,Oily Clarity,Old Money Luxe
CUST-1344,44,Female,74267.47,Dubai,2024-01-11,Haircare,81.61,0.0,1,Oily Clarity,Streetwear Glam
CUST-1060,34,Male,62811.2,Tokyo,2023-10-04,Haircare,165.46,0.1,1,Sensitive Glow,French Riviera
CUST-1439,24,Female,59249.38,London,2024-04-23,Bath & Body,156.6,0.0,2,Combination Balance,Streetwear Glam
CUST-1304,23,Female,71447.21,Paris,2023-06-29,Fragrance,65.33,0.0,1,Mature Luminosity,Quiet Luxury
CUST-1503,36,Female,80594.68,Milan,2024-03-14,Bath & Body,110.1,0.0,3,Oily Clarity,Streetwear Glam
CUST-2127,43,Male,137471.68,Tokyo,2023-06-22,Skincare,15.0,0.0,4,Dry / Dehydrated,French Riviera
CUST-1784,22,Female,78262.89,London,2023-07-03,Haircare,34.57,0.1,1,Sensitive Glow,Quiet Luxury
CUST-1510,27,Female,118684.41,Milan,2024-03-22,Fragrance,117.62,0.0,2,Dry / Dehydrated,Streetwear Glam
CUST-1735,27,Female,46156.68,Tokyo,2024-01-30,Fragrance,77.74,0.0,3,Oily Clarity,French Riviera
CUST-2158,41,Female,37554.66,Dubai,2024-01-04,Bath & Body,150.23,0.05,3,Oily Clarity,French Riviera
CUST-1368,29,Male,121474.44,Paris,2023-05-13,Bath & Body,169.11,0.0,3,Mature Luminosity,Minimalist Chic
CUST-1060,25,Female,80581.77,Los Angeles,2023-10-27,Bath & Body,32.89,0.05,2,Dry / Dehydrated,Streetwear Glam
CUST-2084,26,Male,20000.0,New York,2023-04-02,Fragrance,222.1,0.0,3,Sensitive Glow,Minimalist Chic
CUST-1205,36,Male,102701.07,London,2023-08-12,Makeup,99.69,0.0,3,Combination Balance,Quiet Luxury
CUST-1114,25,Female,83108.51,Los Angeles,2023-06-28,Makeup,93.36,0.0,1,Mature Luminosity,Streetwear Glam
CUST-1726,46,Female,70459.09,Los Angeles,2024-02-15,Makeup,202.86,0.2,3,Sensitive Glow,Minimalist Chic
CUST-1651,43,Female,31514.95,Los Angeles,2023-04-21,Bath & Body,67.38,0.0,4,Mature Luminosity,Old Money Luxe
CUST-1720,23,Female,83714.88,Dubai,2023-07-29,Fragrance,113.74,0.0,3,Sensitive Glow,Quiet Luxury
CUST-1385,40,Female,105088.41,Los Angeles,2023-07-07,Haircare,137.16,0.15,2,Mature Luminosity,French Riviera
CUST-1359,38,Male,71010.87,Tokyo,2023-08-06,Skincare,151.99,0.2,1,Dry / Dehydrated,Old Money Luxe
CUST-1476,29,Female,106385.09,Dubai,2023-09-18,Makeup,167.29,0.0,4,Dry / Dehydrated,Quiet Luxury
CUST-1978,28,Female,77720.09,Paris,2023-07-27,Bath & Body,170.07,0.15,4,Mature Luminosity,Minimalist Chic
CUST-1267,34,Female,80667.11,New York,2023-12-24,Makeup,91.92,0.1,2,Combination Balance,Old Money Luxe
CUST-1044,28,Male,87503.58,London,2024-03-23,Fragrance,52.15,0.0,3,Sensitive Glow,Old Money Luxe
CUST-2077,34,Female,136605.31,Los Angeles,2023-09-28,Bath & Body,136.34,0.05,1,Dry / Dehydrated,French Riviera
CUST-1810,40,Female,98069.63,Dubai,2024-02-11,Skincare,107.95,0.0,3,Combination Balance,French Riviera
CUST-1660,34,Female,76806.55,London,2023-01-14,Makeup,66.73,0.0,3,Oily Clarity,Streetwear Glam
CUST-1649,18,Non-Binary,83525.96,London,2023-08-09,Fragrance,38.44,0.1,4,Mature Luminosity,French Riviera
CUST-1457,27,Female,60499.59,Milan,2024-06-20,Fragrance,62.18,0.0,2,Sensitive Glow,Streetwear Glam
CUST-1628,25,Male,79907.23,Milan,2023-11-10,Bath & Body,15.0,0.0,2,Sensitive Glow,Minimalist Chic
CUST-1003,33,Female,92679.65,Milan,2024-02-08,Fragrance,168.96,0.1,4,Oily Clarity,Quiet Luxury
CUST-1066,40,Male,40790.92,London,2023-04-15,Fragrance,129.97,0.0,2,Combination Balance,Quiet Luxury
CUST-1452,31,Female,53871.15,Milan,2024-03-24,Fragrance,147.67,0.0,4,Dry / Dehydrated,Streetwear Glam
CUST-1288,25,Female,58985.28,New York,2023-04-25,Skincare,79.01,0.15,3,Sensitive Glow,French Riviera
CUST-1654,40,Male,71033.16,London,2024-06-21,Skincare,182.62,0.0,1,Combination Balance,Streetwear Glam
CUST-1023,18,Female,88600.95,New York,2023-01-01,Makeup,215.58,0.0,1,Sensitive Glow,Old Money Luxe
CUST-1717,36,Female,95862.32,New York,2023-11-21,Skincare,28.07,0.05,3,Dry / Dehydrated,Old Money Luxe
CUST-1790,35,Female,52554.25,Tokyo,2023-03-07,Haircare,95.61,0.05,2,Sensitive Glow,Streetwear Glam
CUST-2009,42,Female,100847.27,Tokyo,2023-12-02,Bath & Body,193.35,0.0,2,Mature Luminosity,Streetwear Glam
CUST-1207,29,Female,47807.95,Los Angeles,2023-02-28,Haircare,67.42,0.0,2,Mature Luminosity,Minimalist Chic
CUST-1333,26,Female,63231.91,Tokyo,2023-10-24,Skincare,102.5,0.15,2,Dry / Dehydrated,French Riviera
CUST-1041,29,Male,94156.07,New York,2024-01-24,Bath & Body,67.99,0.0,3,Dry / Dehydrated,Old Money Luxe
CUST-1700,51,Male,78304.66,London,2023-04-10,Haircare,114.26,0.1,1,Sensitive Glow,Old Money Luxe
CUST-2120,27,Male,49882.57,Paris,2023-03-23,Bath & Body,171.53,0.05,4,Mature Luminosity,Quiet Luxury
CUST-1988,25,Female,70811.07,Milan,2023-09-12,Skincare,129.47,0.0,2,Oily Clarity,Minimalist Chic
CUST-1889,30,Female,56255.58,London,2023-08-24,Skincare,64.41,0.0,2,Dry / Dehydrated,French Riviera
CUST-1420,39,Female,76840.41,London,2023-07-23,Haircare,113.12,0.05,2,Mature Luminosity,Quiet Luxury
CUST-1543,25,Male,54707.97,Milan,2024-06-20,Bath & Body,109.97,0.0,4,Combination Balance,Minimalist Chic
CUST-1196,23,Female,85108.39,Paris,2023-05-10,Haircare,74.39,0.1,3,Mature Luminosity,Quiet Luxury
CUST-2005,30,Female,26642.33,London,2023-06-11,Skincare,127.94,0.2,3,Combination Balance,Old Money Luxe
CUST-1875,25,Female,70075.23,Paris,2024-05-29,Bath & Body,89.46,0.05,1,Mature Luminosity,Streetwear Glam
CUST-1408,29,Female,107281.85,Paris,2024-04-28,Skincare,141.09,0.15,1,Sensitive Glow,Minimalist Chic
CUST-1597,45,Female,45903.56,Paris,2023-10-05,Haircare,211.58,0.0,4,Dry / Dehydrated,French Riviera
CUST-1814,18,Female,58615.56,Tokyo,2023-11-25,Haircare,140.92,0.15,3,Combination Balance,Old Money Luxe
CUST-2114,20,Female,98491.86,Tokyo,2023-11-24,Makeup,182.15,0.0,4,Combination Balance,Streetwear Glam
CUST-1756,33,Female,87975.9,London,2023-06-16,Haircare,170.91,0.0,1,Dry / Dehydrated,French Riviera
CUST-1900,18,Female,46122.77,Tokyo,2023-10-09,Bath & Body,99.0,0.0,2,Sensitive Glow,French Riviera
CUST-2155,25,Female,76506.44,Paris,2024-02-26,Makeup,105.61,0.15,1,Dry / Dehydrated,Old Money Luxe
CUST-1704,33,Female,94856.42,Los Angeles,2023-07-05,Fragrance,193.34,0.0,2,Oily Clarity,Quiet Luxury
CUST-1465,35,Male,71660.06,Dubai,2024-03-30,Skincare,230.78,0.05,3,Oily Clarity,Quiet Luxury
CUST-1857,37,Female,73171.01,Dubai,2023-09-08,Haircare,158.08,0.0,3,Mature Luminosity,Minimalist Chic
CUST-1975,43,Female,72378.94,New York,2024-03-07,Skincare,105.26,0.0,3,Oily Clarity,Old Money Luxe
CUST-2028,22,Female,61175.01,Dubai,2023-05-13,Fragrance,204.7,0.0,4,Mature Luminosity,Quiet Luxury
CUST-1301,30,Non-Binary,28843.17,Paris,2023-06-22,Haircare,76.21,0.05,1,Sensitive Glow,Minimalist Chic
CUST-1433,30,Female,79490.71,Los Angeles,2023-06-23,Makeup,44.69,0.2,2,Sensitive Glow,Old Money Luxe
CUST-1867,27,Male,78002.97,Paris,2023-08-03,Haircare,80.0,0.1,3,Sensitive Glow,Minimalist Chic
CUST-1528,29,Non-Binary,68162.64,New York,2023-11-30,Skincare,173.2,0.2,2,Dry / Dehydrated,Streetwear Glam
CUST-2139,39,Female,81577.02,Tokyo,2023-12-28,Fragrance,71.89,0.0,3,Combination Balance,French Riviera
CUST-2064,35,Female,61213.57,Tokyo,2024-01-14,Skincare,121.21,0.0,1,Mature Luminosity,Quiet Luxury
CUST-2070,25,Female,89813.26,Los Angeles,2023-03-10,Haircare,140.48,0.0,3,Dry / Dehydrated,Streetwear Glam
CUST-1306,35,Female,78160.32,London,2023-06-23,Fragrance,61.12,0.05,2,Mature Luminosity,Quiet Luxury
CUST-1205,39,Female,77794.98,Paris,2023-12-07,Fragrance,170.36,0.0,1,Dry / Dehydrated,French Riviera
CUST-2096,37,Female,55252.89,New York,2023-01-26,Haircare,119.9,0.05,2,Combination Balance,Streetwear Glam
CUST-1994,36,Female,50952.88,Dubai,2024-01-06,Fragrance,126.74,0.05,1,Oily Clarity,Old Money Luxe
CUST-1352,30,Female,86865.84,New York,2024-01-22,Haircare,193.36,0.0,1,Sensitive Glow,Quiet Luxury
CUST-1822,38,Female,85044.72,Paris,2023-11-28,Haircare,222.93,0.1,4,Combination Balance,Minimalist Chic
CUST-1100,34,Female,77863.59,Milan,2024-05-12,Haircare,129.04,0.0,4,Combination Balance,French Riviera
CUST-1041,36,Female,77754.13,New York,2023-08-02,Bath & Body,134.49,0.0,1,Combination Balance,French Riviera
CUST-2006,37,Female,92738.4,Los Angeles,2023-03-31,Skincare,150.89,0.0,4,Sensitive Glow,Minimalist Chic
CUST-1615,27,Female,30419.46,Milan,2024-03-08,Haircare,113.83,0.15,3,Combination Balance,French Riviera
CUST-1853,21,Female,72149.6,Dubai,2024-02-02,Skincare,50.95,0.0,2,Sensitive Glow,Streetwear Glam
CUST-1432,45,Female,84497.3,Los Angeles,2024-05-02,Haircare,174.16,0.0,1,Oily Clarity,Quiet Luxury
CUST-1765,26,Female,72466.88,Los Angeles,2023-11-22,Skincare,15.37,0.05,3,Mature Luminosity,Minimalist Chic
CUST-1134,18,Male,70743.54,New York,2024-02-04,Fragrance,106.72,0.15,3,Oily Clarity,Minimalist Chic
CUST-2073,28,Female,27702.4,Dubai,2023-01-16,Skincare,100.72,0.0,4,Sensitive Glow,Minimalist Chic
CUST-1411,24,Female,23901.58,Los Angeles,2023-05-14,Skincare,115.04,0.0,1,Sensitive Glow,Old Money Luxe
CUST-1934,35,Female,56524.28,Paris,2023-09-16,Bath & Body,152.62,0.1,1,Sensitive Glow,French Riviera
CUST-1754,42,Female,50962.55,Los Angeles,2023-07-01,Haircare,66.69,0.1,2,Mature Luminosity,Streetwear Glam
CUST-1253,55,Female,67994.02,Milan,2023-09-30,Skincare,183.23,0.0,1,Sensitive Glow,French Riviera
CUST-2001,27,Female,66753.99,Dubai,2023-10-15,Haircare,131.02,0.1,3,Sensitive Glow,Streetwear Glam
CUST-2129,22,Female,20000.0,New York,2023-03-27,Bath & Body,98.81,0.0,2,Sensitive Glow,French Riviera
CUST-1185,32,Female,112245.07,New York,2024-04-07,Skincare,79.48,0.0,1,Oily Clarity,Old Money Luxe
CUST-1333,27,Male,59892.04,Los Angeles,2024-01-23,Fragrance,70.59,0.05,4,Sensitive Glow,Minimalist Chic
CUST-1461,18,Female,133827.31,Milan,2023-04-28,Makeup,136.07,0.0,2,Combination Balance,Streetwear Glam
CUST-2051,27,Female,50681.48,Paris,2024-02-16,Skincare,145.71,0.1,4,Oily Clarity,Minimalist Chic
CUST-1354,38,Female,55348.37,Dubai,2023-05-21,Skincare,160.82,0.0,3,Sensitive Glow,French Riviera
CUST-1625,31,Male,72997.44,Milan,2023-04-11,Bath & Body,84.84,0.0,3,Oily Clarity,Streetwear Glam
CUST-1714,28,Female,28270.86,Tokyo,2023-08-02,Bath & Body,78.38,0.0,2,Sensitive Glow,Streetwear Glam
CUST-1618,18,Female,79613.63,Milan,2024-02-11,Fragrance,169.23,0.0,3,Mature Luminosity,Streetwear Glam
CUST-2197,22,Female,74942.98,Paris,2024-01-06,Skincare,50.29,0.0,2,Mature Luminosity,French Riviera
CUST-2149,26,Female,65181.57,Milan,2023-10-17,Fragrance,108.28,0.0,2,Mature Luminosity,French Riviera
CUST-1611,32,Non-Binary,99290.24,Milan,2023-07-25,Skincare,163.32,0.15,3,Oily Clarity,Old Money Luxe
CUST-1688,24,Female,74872.39,New York,2024-04-19,Bath & Body,87.13,0.0,4,Combination Balance,French Riviera
CUST-1611,29,Male,62270.81,London,2023-01-07,Makeup,254.64,0.0,1,Mature Luminosity,Minimalist Chic
CUST-1116,40,Female,62586.71,Los Angeles,2023-02-22,Fragrance,62.33,0.0,2,Oily Clarity,French Riviera
CUST-1286,45,Female,28474.0,Milan,2023-09-07,Skincare,125.63,0.0,2,Oily Clarity,French Riviera
CUST-1531,40,Male,108777.85,Tokyo,2024-03-30,Haircare,184.64,0.15,3,Oily Clarity,Old Money Luxe
CUST-2194,48,Female,82631.08,Milan,2024-02-07,Fragrance,149.37,0.0,2,Sensitive Glow,French Riviera
CUST-1455,46,Male,50590.51,Milan,2023-05-27,Fragrance,59.68,0.0,4,Oily Clarity,French Riviera
CUST-2038,41,Female,86783.81,New York,2023-04-15,Makeup,101.63,0.15,3,Mature Luminosity,Minimalist Chic
CUST-1601,29,Female,65365.75,Paris,2023-08-10,Haircare,164.04,0.15,3,Sensitive Glow,French Riviera
CUST-2144,26,Female,124766.9,Los Angeles,2023-08-24,Makeup,148.88,0.05,2,Combination Balance,Old Money Luxe
CUST-1455,45,Female,76030.93,New York,2023-10-16,Makeup,190.51,0.0,4,Combination Balance,Streetwear Glam
CUST-1678,23,Female,76822.04,New York,2024-03-12,Bath & Body,173.1,0.2,3,Mature Luminosity,French Riviera
CUST-1949,23,Non-Binary,48075.61,Los Angeles,2023-06-01,Skincare,171.79,0.05,2,Oily Clarity,Old Money Luxe
CUST-2195,32,Female,70659.45,Dubai,2024-06-29,Fragrance,131.76,0.05,4,Dry / Dehydrated,Streetwear Glam
CUST-1398,19,Female,62232.53,Dubai,2024-01-09,Skincare,177.04,0.05,4,Oily Clarity,Quiet Luxury
CUST-1611,34,Female,71319.87,Tokyo,2023-04-25,Skincare,148.24,0.05,2,Sensitive Glow,Minimalist Chic
CUST-1410,48,Female,22516.09,New York,2024-01-04,Haircare,154.16,0.0,2,Mature Luminosity,Streetwear Glam
CUST-1293,39,Female,84585.91,New York,2023-12-26,Makeup,47.12,0.0,2,Dry / Dehydrated,Streetwear Glam
CUST-1681,24,Female,83730.42,Milan,2023-06-29,Makeup,131.45,0.05,3,Combination Balance,Old Money Luxe
CUST-1009,28,Female,105695.09,Tokyo,2023-04-03,Bath & Body,111.34,0.2,1,Sensitive Glow,Minimalist Chic
CUST-2180,28,Non-Binary,85381.4,Los Angeles,2023-08-20,Makeup,93.57,0.0,2,Oily Clarity,Old Money Luxe
CUST-1265,29,Non-Binary,88140.32,Dubai,2023-05-21,Haircare,143.86,0.15,2,Oily Clarity,Streetwear Glam
CUST-1878,28,Female,94708.58,Tokyo,2024-04-07,Haircare,88.15,0.05,4,Dry / Dehydrated,Old Money Luxe
CUST-2093,34,Female,93469.91,London,2023-11-29,Bath & Body,141.46,0.05,1,Dry / Dehydrated,French Riviera
CUST-2087,19,Female,90086.33,London,2024-01-24,Skincare,125.49,0.0,2,Dry / Dehydrated,Minimalist Chic
CUST-1463,42,Female,109060.05,Milan,2023-04-19,Bath & Body,135.5,0.05,2,Combination Balance,Minimalist Chic
CUST-1210,37,Female,68365.37,Tokyo,2023-10-16,Fragrance,180.39,0.05,4,Mature Luminosity,French Riviera
CUST-1342,18,Female,74449.13,Paris,2023-09-11,Skincare,176.09,0.05,3,Combination Balance,French Riviera
CUST-1933,30,Female,66856.74,Milan,2024-03-19,Fragrance,157.03,0.0,1,Mature Luminosity,Quiet Luxury
CUST-1691,19,Male,64026.65,Tokyo,2023-08-12,Makeup,24.9,0.15,2,Combination Balance,Streetwear Glam
CUST-1735,19,Female,98335.46,Los Angeles,2023-07-29,Makeup,31.95,0.0,1,Sensitive Glow,Streetwear Glam
CUST-1039,31,Female,112534.75,London,2024-05-15,Makeup,148.59,0.0,1,Sensitive Glow,Minimalist Chic
CUST-1044,24,Male,118559.4,Dubai,2023-08-09,Fragrance,222.72,0.0,3,Sensitive Glow,Old Money Luxe
CUST-1750,41,Female,133116.83,Milan,2023-02-03,Skincare,119.15,0.0,2,Oily Clarity,French Riviera
CUST-2095,37,Female,138309.69,Dubai,2023-07-31,Skincare,118.96,0.0,1,Mature Luminosity,Old Money Luxe
CUST-1221,40,Female,46956.22,Milan,2023-09-24,Skincare,81.66,0.15,4,Dry / Dehydrated,Old Money Luxe
CUST-1853,32,Female,75812.5,Tokyo,2023-07-23,Haircare,160.28,0.0,2,Dry / Dehydrated,Quiet Luxury
CUST-1517,27,Female,138484.54,Tokyo,2023-10-22,Makeup,118.01,0.2,4,Sensitive Glow,Old Money Luxe
CUST-1616,18,Female,68109.03,Tokyo,2023-05-09,Skincare,112.92,0.1,3,Mature Luminosity,French Riviera
CUST-1280,41,Female,71549.42,Tokyo,2023-04-04,Skincare,65.74,0.05,1,Mature Luminosity,Quiet Luxury
CUST-1241,29,Female,77257.92,New York,2024-03-16,Skincare,106.77,0.0,4,Dry / Dehydrated,Streetwear Glam
CUST-1406,38,Female,69503.91,Dubai,2023-05-08,Makeup,137.67,0.0,3,Combination Balance,Quiet Luxury
CUST-1413,29,Female,55196.84,New York,2023-07-15,Haircare,153.7,0.05,2,Combination Balance,Minimalist Chic
CUST-1080,26,Female,88410.35,Dubai,2024-06-21,Haircare,171.69,0.05,2,Sensitive Glow,Streetwear Glam
CUST-1677,27,Female,94951.5,London,2023-11-20,Skincare,61.17,0.15,3,Dry / Dehydrated,Old Money Luxe
CUST-1226,31,Female,31130.28,Los Angeles,2023-01-10,Fragrance,125.98,0.05,2,Oily Clarity,Minimalist Chic
CUST-1184,23,Female,81825.27,Los Angeles,2024-04-10,Fragrance,16.27,0.05,4,Dry / Dehydrated,Old Money Luxe
CUST-1524,36,Female,31239.81,Milan,2024-05-17,Makeup,131.72,0.05,2,Oily Clarity,French Riviera
CUST-1540,41,Female,87272.28,Tokyo,2024-04-29,Skincare,96.12,0.0,2,Dry / Dehydrated,Minimalist Chic
CUST-1080,35,Female,115521.0,Los Angeles,2023-05-24,Bath & Body,57.13,0.05,2,Combination Balance,French Riviera
CUST-1872,30,Male,70943.22,Milan,2024-04-17,Skincare,91.16,0.15,3,Dry / Dehydrated,Old Money Luxe
CUST-1019,18,Female,77105.03,Los Angeles,2024-02-15,Makeup,183.07,0.0,1,Sensitive Glow,French Riviera
CUST-1732,22,Female,88733.19,Tokyo,2024-04-06,Fragrance,74.56,0.05,1,Combination Balance,Old Money Luxe
CUST-1763,35,Female,80066.96,Los Angeles,2023-07-22,Bath & Body,215.0,0.15,4,Sensitive Glow,Old Money Luxe
CUST-1820,18,Female,32749.74,Tokyo,2023-08-04,Haircare,111.16,0.1,4,Combination Balance,Streetwear Glam
CUST-1979,26,Male,78544.46,Los Angeles,2023-05-05,Haircare,137.74,0.05,1,Sensitive Glow,Old Money Luxe
CUST-1271,52,Female,59171.27,Milan,2023-09-03,Skincare,71.26,0.05,2,Sensitive Glow,Old Money Luxe
CUST-1852,28,Male,70416.64,Dubai,2023-05-21,Haircare,182.69,0.0,4,Mature Luminosity,Streetwear Glam
CUST-1371,24,Female,40054.86,Dubai,2023-09-10,Haircare,180.13,0.15,3,Combination Balance,Quiet Luxury
CUST-1059,47,Female,67258.5,Los Angeles,2023-07-22,Makeup,118.66,0.15,3,Oily Clarity,Streetwear Glam
CUST-1231,46,Female,95484.33,Tokyo,2024-01-07,Haircare,141.19,0.0,2,Dry / Dehydrated,Old Money Luxe
CUST-1535,50,Female,35829.79,Milan,2024-01-30,Bath & Body,60.59,0.0,1,Dry / Dehydrated,Quiet Luxury
CUST-2180,32,Female,103339.33,Milan,2024-04-15,Fragrance,94.08,0.0,1,Sensitive Glow,French Riviera
CUST-2063,44,Female,63326.44,Dubai,2023-01-24,Fragrance,164.02,0.15,3,Dry / Dehydrated,Streetwear Glam
CUST-1509,18,Male,123490.3,Tokyo,2024-06-21,Bath & Body,184.37,0.05,2,Oily Clarity,Minimalist Chic
CUST-2143,37,Female,65868.22,Dubai,2023-10-12,Skincare,262.04,0.0,2,Dry / Dehydrated,Minimalist Chic
CUST-2035,48,Female,91930.21,Los Angeles,2024-03-01,Haircare,66.02,0.1,4,Oily Clarity,Minimalist Chic
CUST-1153,19,Female,109084.41,Los Angeles,2023-11-04,Haircare,89.74,0.05,3,Combination Balance,Minimalist Chic
CUST-1677,41,Female,102278.73,New York,2023-12-22,Skincare,105.46,0.1,4,Mature Luminosity,Minimalist Chic
CUST-2127,31,Female,21744.16,Milan,2023-02-17,Haircare,47.5,0.0,3,Oily Clarity,Minimalist Chic
CUST-1161,28,Female,56025.73,Tokyo,2024-05-01,Haircare,71.06,0.1,1,Mature Luminosity,Streetwear Glam
CUST-1180,51,Male,39097.71,Los Angeles,2023-08-27,Haircare,106.99,0.0,1,Oily Clarity,French Riviera
CUST-1243,25,Female,50388.61,Tokyo,2024-02-06,Skincare,97.44,0.05,1,Dry / Dehydrated,Streetwear Glam
CUST-1844,20,Male,70435.2,Paris,2024-01-29,Fragrance,156.4,0.05,3,Mature Luminosity,Old Money Luxe
CUST-1186,38,Non-Binary,62056.06,Los Angeles,2024-05-20,Fragrance,130.89,0.2,1,Mature Luminosity,French Riviera
CUST-2041,26,Female,68626.33,Dubai,2023-08-13,Makeup,132.81,0.2,4,Oily Clarity,French Riviera
CUST-1744,43,Female,62186.65,Los Angeles,2024-03-17,Skincare,79.92,0.1,1,Sensitive Glow,Streetwear Glam
CUST-1679,36,Non-Binary,67363.25,Dubai,2023-07-27,Fragrance,82.76,0.15,2,Mature Luminosity,Streetwear Glam
CUST-1744,28,Female,32452.44,Milan,2024-06-05,Haircare,91.93,0.1,1,Dry / Dehydrated,Old Money Luxe
CUST-1454,29,Female,20000.0,Paris,2023-12-09,Bath & Body,20.06,0.1,2,Combination Balance,French Riviera
CUST-2121,32,Male,85198.92,Dubai,2023-09-23,Bath & Body,137.75,0.05,1,Dry / Dehydrated,Old Money Luxe
CUST-1336,18,Female,52376.3,Tokyo,2024-01-04,Makeup,29.65,0.2,4,Oily Clarity,Old Money Luxe
CUST-1520,29,Female,121448.21,Dubai,2023-05-03,Makeup,177.98,0.0,1,Sensitive Glow,Old Money Luxe
CUST-1804,34,Male,106525.35,London,2023-10-20,Haircare,127.83,0.1,2,Sensitive Glow,French Riviera
CUST-1220,27,Female,93258.92,Los Angeles,2023-08-03,Haircare,122.97,0.05,2,Dry / Dehydrated,Quiet Luxury
CUST-1252,23,Male,94252.59,Los Angeles,2024-03-07,Haircare,121.42,0.0,1,Oily Clarity,Quiet Luxury
CUST-2032,24,Male,35642.57,London,2023-04-24,Haircare,69.97,0.15,1,Dry / Dehydrated,Quiet Luxury
CUST-1099,35,Female,57069.68,Dubai,2023-12-20,Haircare,153.31,0.05,2,Mature Luminosity,Streetwear Glam
CUST-2041,18,Female,41732.37,Los Angeles,2023-12-25,Makeup,15.0,0.05,2,Mature Luminosity,Minimalist Chic
CUST-1262,42,Male,38088.41,Paris,2023-12-11,Haircare,142.83,0.05,2,Mature Luminosity,Quiet Luxury
CUST-1659,29,Non-Binary,76556.5,Dubai,2023-05-24,Haircare,79.38,0.0,1,Oily Clarity,Quiet Luxury
CUST-1508,27,Female,34851.07,New York,2023-10-24,Haircare,76.83,0.0,3,Combination Balance,French Riviera
CUST-1927,44,Female,73496.98,Los Angeles,2023-04-15,Makeup,53.19,0.1,1,Sensitive Glow,Streetwear Glam
CUST-2049,32,Female,55113.82,New York,2023-10-12,Fragrance,116.92,0.05,1,Combination Balance,Quiet Luxury
CUST-1445,44,Male,70731.33,London,2023-04-14,Makeup,15.0,0.15,2,Mature Luminosity,French Riviera
CUST-1707,24,Female,30650.76,Milan,2023-01-03,Makeup,85.7,0.0,3,Sensitive Glow,Quiet Luxury
CUST-2111,25,Female,85464.32,Milan,2023-05-19,Bath & Body,137.98,0.0,1,Dry / Dehydrated,French Riviera
CUST-2151,19,Male,113080.67,Tokyo,2023-02-16,Fragrance,158.99,0.05,2,Mature Luminosity,Streetwear Glam
CUST-2093,43,Male,70598.81,New York,2023-07-24,Haircare,129.83,0.15,4,Dry / Dehydrated,Quiet Luxury
CUST-1218,18,Female,55113.06,Paris,2024-04-20,Haircare,154.48,0.05,3,Sensitive Glow,Old Money Luxe
CUST-1115,36,Female,73037.12,London,2023-09-02,Bath & Body,87.72,0.0,4,Sensitive Glow,French Riviera
CUST-1513,24,Female,101428.42,London,2023-12-18,Skincare,167.6,0.0,3,Combination Balance,Minimalist Chic
CUST-2108,55,Female,58312.12,Paris,2023-01-03,Bath & Body,157.73,0.15,4,Oily Clarity,Old Money Luxe
CUST-2150,35,Female,95605.75,Los Angeles,2023-11-03,Makeup,37.4,0.0,1,Mature Luminosity,Streetwear Glam
CUST-1486,25,Female,69564.59,Dubai,2024-04-07,Bath & Body,171.55,0.05,2,Dry / Dehydrated,Streetwear Glam
CUST-1793,36,Female,43107.93,Tokyo,2023-06-06,Bath & Body,113.57,0.05,3,Mature Luminosity,Old Money Luxe
CUST-1026,25,Female,87794.47,Milan,2023-01-20,Bath & Body,150.94,0.0,2,Sensitive Glow,Quiet Luxury
CUST-1907,18,Female,46416.32,Los Angeles,2023-09-29,Makeup,172.65,0.0,4,Combination Balance,Quiet Luxury
CUST-2119,31,Female,83616.74,Milan,2023-04-12,Fragrance,140.22,0.0,3,Sensitive Glow,Minimalist Chic
CUST-1602,29,Female,96968.09,Tokyo,2023-05-13,Makeup,210.92,0.1,1,Dry / Dehydrated,Minimalist Chic
CUST-1355,28,Male,44010.94,Milan,2023-03-17,Fragrance,44.86,0.05,1,Dry / Dehydrated,Streetwear Glam
CUST-1083,35,Female,46547.61,Tokyo,2024-01-28,Bath & Body,157.51,0.0,3,Mature Luminosity,French Riviera
CUST-1266,23,Female,56811.61,London,2024-02-21,Fragrance,111.57,0.1,4,Combination Balance,Old Money Luxe
CUST-1676,39,Female,41500.22,Tokyo,2024-05-06,Makeup,175.34,0.15,2,Dry / Dehydrated,Minimalist Chic
CUST-1660,30,Female,64629.38,Dubai,2023-11-16,Skincare,152.18,0.05,3,Mature Luminosity,French Riviera
CUST-2004,42,Female,92010.28,Los Angeles,2024-01-24,Fragrance,100.38,0.0,1,Mature Luminosity,French Riviera
CUST-1149,35,Female,31313.78,Los Angeles,2023-10-16,Bath & Body,107.6,0.0,4,Mature Luminosity,Minimalist Chic
CUST-1376,18,Female,105855.22,Dubai,2023-09-27,Skincare,103.49,0.0,4,Mature Luminosity,Minimalist Chic
CUST-1851,31,Female,25326.97,Dubai,2023-10-10,Fragrance,89.4,0.0,2,Oily Clarity,Old Money Luxe
CUST-1715,28,Male,75361.2,London,2023-12-12,Makeup,152.21,0.0,3,Combination Balance,French Riviera
CUST-1738,26,Female,104187.75,New York,2023-07-13,Makeup,83.8,0.0,4,Mature Luminosity,Quiet Luxury
CUST-1972,18,Female,98702.11,Dubai,2023-08-17,Skincare,131.22,0.0,4,Dry / Dehydrated,French Riviera
CUST-1912,37,Male,38911.07,London,2023-04-15,Fragrance,154.34,0.0,2,Mature Luminosity,Minimalist Chic
CUST-1081,29,Female,99257.91,Milan,2023-04-11,Bath & Body,140.94,0.0,3,Oily Clarity,Old Money Luxe
CUST-1790,34,Male,91488.29,New York,2023-06-17,Fragrance,208.33,0.15,1,Combination Balance,Old Money Luxe
CUST-2058,29,Female,99252.53,Los Angeles,2024-04-10,Bath & Body,81.17,0.0,2,Mature Luminosity,Quiet Luxury
CUST-1912,31,Female,124846.57,Tokyo,2023-03-27,Skincare,97.23,0.0,4,Combination Balance,Minimalist Chic
CUST-1656,35,Female,98811.95,Dubai,2023-12-17,Skincare,79.46,0.15,1,Dry / Dehydrated,Minimalist Chic
CUST-2101,35,Female,78785.08,Dubai,2024-05-24,Skincare,134.92,0.1,2,Dry / Dehydrated,Minimalist Chic
CUST-1436,45,Female,89546.85,Los Angeles,2024-01-17,Haircare,104.03,0.1,3,Dry / Dehydrated,Minimalist Chic
CUST-2101,37,Female,94012.65,Los Angeles,2023-07-29,Haircare,32.85,0.1,2,Dry / Dehydrated,Minimalist Chic
CUST-1048,42,Female,100305.61,Tokyo,2023-10-26,Bath & Body,35.91,0.0,1,Dry / Dehydrated,Old Money Luxe
CUST-1150,29,Male,109461.68,Paris,2023-06-05,Makeup,86.42,0.0,2,Combination Balance,Quiet Luxury
CUST-1144,18,Female,50813.61,Dubai,2023-11-19,Makeup,99.8,0.0,1,Combination Balance,Streetwear Glam
CUST-1794,24,Female,75962.46,Tokyo,2024-06-22,Haircare,15.0,0.05,3,Oily Clarity,French Riviera
CUST-1034,18,Female,75502.66,Tokyo,2023-09-28,Skincare,128.98,0.0,3,Mature Luminosity,Old Money Luxe
CUST-1129,45,Male,71276.32,Los Angeles,2023-11-30,Fragrance,145.43,0.0,2,Dry / Dehydrated,Old Money Luxe
CUST-1732,31,Male,28075.17,Dubai,2024-04-16,Skincare,196.99,0.0,3,Combination Balance,French Riviera
CUST-1177,28,Male,84823.34,New York,2023-09-01,Haircare,144.71,0.0,1,Oily Clarity,Streetwear Glam
CUST-1063,36,Female,76136.07,Tokyo,2023-08-09,Makeup,196.62,0.2,4,Mature Luminosity,Minimalist Chic
CUST-1279,18,Male,70942.94,Milan,2023-01-10,Haircare,118.73,0.0,4,Mature Luminosity,French Riviera
CUST-1295,28,Female,22855.19,New York,2023-01-02,Bath & Body,168.69,0.05,3,Dry / Dehydrated,Quiet Luxury
CUST-2136,34,Male,29917.07,London,2023-06-16,Skincare,133.36,0.0,3,Dry / Dehydrated,Old Money Luxe
CUST-2172,35,Male,64356.11,Dubai,2023-12-03,Haircare,142.52,0.0,2,Mature Luminosity,Quiet Luxury
CUST-1174,29,Female,34406.54,New York,2023-07-17,Makeup,101.5,0.0,2,Combination Balance,Minimalist Chic
CUST-1845,27,Female,44629.85,Milan,2023-10-15,Fragrance,15.0,0.0,4,Sensitive Glow,Minimalist Chic
CUST-1376,29,Female,73598.61,London,2023-03-01,Fragrance,100.87,0.15,2,Combination Balance,Minimalist Chic
CUST-1234,32,Male,100874.99,London,2024-03-06,Fragrance,134.0,0.15,1,Dry / Dehydrated,Quiet Luxury
CUST-1944,34,Female,82224.24,Milan,2023-09-14,Fragrance,115.03,0.05,1,Dry / Dehydrated,French Riviera
CUST-1137,18,Female,69767.08,New York,2024-03-19,Skincare,74.87,0.0,4,Sensitive Glow,Quiet Luxury
CUST-1997,35,Male,62033.33,New York,2023-10-20,Bath & Body,162.66,0.1,2,Sensitive Glow,Minimalist Chic
CUST-1204,18,Non-Binary,81438.33,New York,2023-03-21,Fragrance,90.67,0.2,2,Dry / Dehydrated,Minimalist Chic
CUST-1650,30,Female,90660.87,Tokyo,2024-01-17,Haircare,116.0,0.0,1,Combination Balance,Quiet Luxury
CUST-1626,28,Female,79586.16,Milan,2023-01-12,Fragrance,91.26,0.1,3,Sensitive Glow,Quiet Luxury
CUST-2160,25,Female,86301.7,New York,2023-12-07,Bath & Body,102.2,0.15,1,Oily Clarity,Minimalist Chic
CUST-1009,36,Female,127455.54,New York,2023-01-17,Makeup,113.1,0.05,3,Sensitive Glow,Streetwear Glam
CUST-1566,37,Female,66762.4,Los Angeles,2023-04-25,Bath & Body,35.07,0.0,3,Sensitive Glow,French Riviera
CUST-1982,34,Female,61724.08,Tokyo,2024-05-18,Haircare,147.76,0.1,3,Combination Balance,French Riviera
CUST-1997,23,Female,46509.07,Dubai,2023-06-15,Skincare,200.24,0.0,4,Sensitive Glow,Quiet Luxury
CUST-1167,32,Female,104122.66,Los Angeles,2024-03-02,Bath & Body,135.86,0.05,4,Sensitive Glow,Quiet Luxury
CUST-1402,25,Female,48776.16,New York,2023-10-02,Skincare,75.37,0.0,2,Dry / Dehydrated,Old Money Luxe
CUST-2038,32,Female,125004.8,Milan,2023-07-22,Skincare,147.68,0.05,2,Mature Luminosity,Quiet Luxury
CUST-1829,36,Female,107558.62,Los Angeles,2023-05-06,Fragrance,75.55,0.0,4,Sensitive Glow,Old Money Luxe
CUST-2129,48,Female,85244.94,New York,2023-01-23,Fragrance,106.86,0.0,3,Mature Luminosity,Streetwear Glam
CUST-1304,34,Female,141425.1,New York,2023-08-04,Haircare,126.91,0.05,3,Sensitive Glow,Quiet Luxury
CUST-1595,18,Female,121646.11,London,2023-02-21,Haircare,39.0,0.1,1,Mature Luminosity,Quiet Luxury
CUST-1185,28,Female,51963.72,Tokyo,2023-08-20,Bath & Body,91.73,0.0,2,Mature Luminosity,Old Money Luxe
CUST-1489,37,Female,47930.38,Los Angeles,2023-07-03,Fragrance,128.91,0.05,4,Sensitive Glow,Quiet Luxury
CUST-1287,20,Female,60017.07,Tokyo,2024-05-06,Makeup,93.13,0.0,3,Sensitive Glow,Quiet Luxury
CUST-2158,43,Male,76612.59,Milan,2024-02-21,Makeup,125.35,0.0,2,Oily Clarity,French Riviera
CUST-1082,33,Female,87202.38,London,2023-08-17,Haircare,208.38,0.0,1,Sensitive Glow,Old Money Luxe
CUST-1541,18,Female,109811.4,New York,2024-03-26,Makeup,153.61,0.15,3,Dry / Dehydrated,Minimalist Chic
CUST-2060,18,Female,56565.5,Los Angeles,2023-05-22,Bath & Body,78.29,0.0,2,Oily Clarity,Streetwear Glam
CUST-1931,42,Male,79169.54,Paris,2023-11-21,Skincare,136.95,0.05,1,Combination Balance,Old Money Luxe
CUST-2067,35,Female,75938.55,Milan,2024-04-16,Bath & Body,174.59,0.0,1,Combination Balance,Quiet Luxury
CUST-2114,30,Female,101503.6,Dubai,2023-09-05,Makeup,75.31,0.0,3,Oily Clarity,Streetwear Glam
CUST-1748,28,Non-Binary,106440.48,Dubai,2024-05-07,Skincare,140.3,0.0,2,Mature Luminosity,French Riviera
CUST-1770,42,Female,80236.55,London,2023-05-12,Fragrance,100.07,0.05,4,Oily Clarity,French Riviera
CUST-1706,36,Male,91103.09,Tokyo,2024-05-26,Haircare,124.1,0.0,2,Mature Luminosity,Old Money Luxe
CUST-2027,34,Female,52568.63,London,2023-04-25,Haircare,91.67,0.0,2,Sensitive Glow,Minimalist Chic
CUST-1157,40,Female,83120.15,Dubai,2024-01-22,Bath & Body,125.58,0.15,1,Sensitive Glow,Minimalist Chic
CUST-1382,39,Female,63062.38,London,2023-07-22,Bath & Body,38.14,0.0,1,Mature Luminosity,Old Money Luxe
CUST-1471,26,Female,61222.76,Tokyo,2024-06-04,Bath & Body,119.55,0.0,4,Dry / Dehydrated,Streetwear Glam
CUST-1980,35,Female,86216.81,Tokyo,2023-03-30,Makeup,196.42,0.2,1,Mature Luminosity,Minimalist Chic
CUST-1841,26,Female,88272.36,Paris,2024-03-15,Makeup,162.91,0.15,2,Dry / Dehydrated,Minimalist Chic
CUST-2174,54,Female,60141.25,Dubai,2024-04-16,Makeup,53.0,0.05,2,Sensitive Glow,Quiet Luxury
CUST-1080,29,Female,38827.47,Dubai,2023-09-25,Makeup,182.94,0.0,1,Dry / Dehydrated,Minimalist Chic
CUST-1528,26,Female,94400.4,London,2024-06-28,Fragrance,97.75,0.2,4,Oily Clarity,Quiet Luxury
CUST-2154,34,Female,116332.74,Milan,2023-04-07,Skincare,151.15,0.15,4,Combination Balance,Old Money Luxe
CUST-1443,32,Female,49090.88,Tokyo,2023-02-02,Fragrance,78.47,0.1,3,Oily Clarity,Streetwear Glam
CUST-1349,49,Female,85873.53,London,2023-12-05,Haircare,100.3,0.1,2,Mature Luminosity,Minimalist Chic
CUST-2193,18,Male,59690.98,Los Angeles,2023-04-05,Makeup,75.11,0.0,2,Mature Luminosity,Quiet Luxury
CUST-1541,42,Male,103816.2,London,2024-05-09,Bath & Body,59.13,0.0,4,Oily Clarity,Quiet Luxury
CUST-1140,25,Female,49322.06,London,2023-12-11,Haircare,48.23,0.0,4,Oily Clarity,Minimalist Chic
CUST-1222,26,Female,59221.54,Paris,2024-01-12,Makeup,133.65,0.1,1,Mature Luminosity,Quiet Luxury
CUST-1859,21,Female,66010.74,Los Angeles,2023-01-17,Makeup,73.72,0.05,1,Mature Luminosity,Old Money Luxe
CUST-1363,29,Female,98626.83,Tokyo,2023-08-17,Fragrance,126.84,0.2,1,Mature Luminosity,Old Money Luxe
CUST-2088,33,Female,124077.15,Dubai,2023-06-27,Skincare,89.2,0.05,4,Dry / Dehydrated,Streetwear Glam
CUST-1266,21,Female,95505.81,Dubai,2023-04-05,Fragrance,160.87,0.1,1,Dry / Dehydrated,Streetwear Glam
CUST-2069,28,Female,77733.51,Tokyo,2023-09-19,Bath & Body,184.79,0.05,1,Dry / Dehydrated,Quiet Luxury
CUST-1878,37,Female,109429.52,London,2023-11-29,Haircare,171.0,0.15,3,Oily Clarity,French Riviera
CUST-2179,41,Male,78990.21,Paris,2023-12-19,Haircare,208.3,0.05,3,Sensitive Glow,French Riviera
CUST-1977,59,Non-Binary,76233.2,Los Angeles,2023-07-14,Makeup,156.12,0.05,4,Dry / Dehydrated,French Riviera
CUST-2113,39,Female,95648.85,Tokyo,2023-05-27,Bath & Body,63.74,0.1,2,Sensitive Glow,Old Money Luxe
CUST-1014,21,Male,49686.35,Dubai,2023-03-31,Fragrance,131.18,0.0,1,Dry / Dehydrated,Quiet Luxury
CUST-1014,41,Male,49818.49,Tokyo,2024-04-22,Makeup,210.44,0.1,3,Combination Balance,Streetwear Glam
CUST-1741,37,Female,42579.15,Paris,2023-06-14,Makeup,87.14,0.0,4,Oily Clarity,Quiet Luxury
CUST-1519,24,Female,85821.11,New York,2023-10-23,Fragrance,94.97,0.0,1,Oily Clarity,Quiet Luxury
CUST-1748,33,Female,93654.34,Dubai,2023-07-02,Bath & Body,125.84,0.0,3,Oily Clarity,Minimalist Chic
CUST-1846,26,Female,86985.17,Dubai,2024-04-13,Fragrance,114.37,0.0,3,Oily Clarity,Minimalist Chic
CUST-1758,36,Female,89188.5,Dubai,2024-04-29,Fragrance,200.68,0.0,4,Oily Clarity,French Riviera
CUST-1628,22,Female,22760.74,Dubai,2024-02-21,Bath & Body,185.84,0.15,2,Oily Clarity,Minimalist Chic
CUST-1243,29,Female,81109.76,Milan,2024-06-10,Makeup,124.49,0.05,2,Oily Clarity,Minimalist Chic
CUST-1205,38,Female,78029.82,London,2023-10-30,Fragrance,193.63,0.1,1,Oily Clarity,French Riviera
CUST-2127,33,Female,103657.03,Dubai,2024-05-17,Skincare,115.19,0.0,1,Sensitive Glow,Streetwear Glam
CUST-1010,45,Female,92555.19,Los Angeles,2023-10-08,Skincare,156.27,0.05,4,Sensitive Glow,Streetwear Glam
CUST-1891,30,Female,49877.57,Paris,2023-03-27,Skincare,68.1,0.0,2,Combination Balance,Minimalist Chic
CUST-1759,22,Female,114975.87,Paris,2023-03-11,Fragrance,152.84,0.0,4,Dry / Dehydrated,Streetwear Glam
CUST-1820,33,Male,50379.06,Dubai,2023-01-24,Fragrance,148.42,0.0,3,Combination Balance,Quiet Luxury
CUST-1117,19,Female,103561.94,Los Angeles,2024-01-12,Makeup,122.11,0.1,2,Oily Clarity,Streetwear Glam
CUST-1021,18,Female,65268.73,London,2023-02-28,Fragrance,239.07,0.0,3,Combination Balance,Minimalist Chic
CUST-1068,18,Female,97250.25,Los Angeles,2023-03-17,Fragrance,54.27,0.1,1,Mature Luminosity,Quiet Luxury
CUST-1474,18,Male,92779.81,Dubai,2023-04-24,Makeup,23.88,0.0,4,Dry / Dehydrated,French Riviera
CUST-1489,32,Male,61573.51,Milan,2024-02-05,Skincare,64.49,0.15,4,Sensitive Glow,Old Money Luxe
CUST-1565,38,Female,38702.91,Los Angeles,2023-09-13,Haircare,95.52,0.1,3,Combination Balance,Streetwear Glam
CUST-1830,21,Male,74592.07,Dubai,2023-08-22,Makeup,169.07,0.0,3,Mature Luminosity,Old Money Luxe
CUST-1140,38,Female,62238.94,Paris,2024-01-16,Fragrance,101.14,0.0,2,Combination Balance,Quiet Luxury
CUST-2193,18,Female,42089.27,New York,2023-05-15,Bath & Body,105.85,0.2,1,Combination Balance,Minimalist Chic
CUST-1398,19,Female,93186.28,Tokyo,2023-04-20,Haircare,160.36,0.0,1,Mature Luminosity,Old Money Luxe
CUST-1534,18,Female,66440.61,London,2023-01-17,Haircare,51.96,0.1,2,Mature Luminosity,Old Money Luxe
CUST-2144,18,Female,68513.74,Paris,2023-05-26,Fragrance,262.54,0.1,3,Combination Balance,French Riviera
CUST-1239,21,Female,67244.47,Los Angeles,2023-10-11,Fragrance,191.08,0.0,2,Combination Balance,Quiet Luxury
CUST-2177,32,Male,73795.08,New York,2023-11-03,Haircare,131.53,0.0,3,Oily Clarity,Quiet Luxury
CUST-1990,30,Male,115310.97,Los Angeles,2023-10-30,Makeup,115.61,0.0,3,Combination Balance,Streetwear Glam
CUST-1943,29,Male,105073.23,Dubai,2023-01-01,Skincare,163.78,0.0,3,Oily Clarity,Old Money Luxe
CUST-1528,28,Female,113017.16,Paris,2024-01-31,Haircare,228.98,0.0,3,Sensitive Glow,Minimalist Chic
CUST-1646,27,Non-Binary,73746.77,Tokyo,2024-04-25,Bath & Body,113.7,0.0,3,Mature Luminosity,Quiet Luxury
CUST-1019,22,Female,104405.76,Milan,2024-04-08,Bath & Body,70.84,0.0,1,Sensitive Glow,French Riviera
CUST-1190,30,Female,123962.46,Tokyo,2024-05-11,Bath & Body,161.9,0.0,1,Dry / Dehydrated,Quiet Luxury
CUST-1365,38,Male,102792.46,Tokyo,2023-09-12,Bath & Body,68.78,0.0,3,Combination Balance,Minimalist Chic
CUST-2174,27,Male,94920.82,New York,2024-02-27,Makeup,81.27,0.05,4,Sensitive Glow,Streetwear Glam
CUST-1408,27,Female,77113.17,London,2023-09-16,Makeup,165.51,0.2,3,Combination Balance,Minimalist Chic
CUST-1469,30,Male,44770.03,London,2023-10-24,Makeup,122.84,0.15,1,Mature Luminosity,French Riviera
CUST-1319,22,Female,91024.02,Los Angeles,2023-11-16,Skincare,153.26,0.0,4,Dry / Dehydrated,Old Money Luxe
CUST-2008,21,Male,68964.24,Dubai,2023-04-05,Skincare,193.34,0.1,1,Mature Luminosity,Old Money Luxe
CUST-1987,24,Female,52350.87,New York,2024-03-10,Fragrance,83.86,0.0,4,Combination Balance,Streetwear Glam
CUST-2176,28,Female,98970.41,Los Angeles,2023-09-06,Bath & Body,176.38,0.0,2,Oily Clarity,Minimalist Chic
CUST-2046,34,Female,59036.89,New York,2023-08-24,Haircare,128.05,0.1,4,Sensitive Glow,Quiet Luxury
CUST-1262,27,Female,71197.73,Paris,2024-05-06,Fragrance,197.29,0.05,2,Oily Clarity,Streetwear Glam
CUST-2107,44,Male,74807.78,Paris,2023-06-11,Fragrance,100.61,0.0,2,Combination Balance,Streetwear Glam
CUST-1357,45,Male,78470.8,Tokyo,2024-04-10,Skincare,42.63,0.1,4,Mature Luminosity,Streetwear Glam
CUST-1646,35,Female,81849.47,Milan,2024-06-05,Skincare,140.69,0.0,2,Dry / Dehydrated,Minimalist Chic
CUST-1777,37,Female,73433.32,Dubai,2024-05-13,Skincare,87.46,0.15,2,Combination Balance,French Riviera
CUST-1531,34,Female,60593.45,London,2023-05-16,Fragrance,168.67,0.0,2,Combination Balance,Minimalist Chic
CUST-1551,38,Female,144499.09,Tokyo,2024-05-30,Fragrance,68.1,0.05,4,Combination Balance,French Riviera
CUST-1376,31,Male,66432.34,Tokyo,2023-03-16,Haircare,90.02,0.05,2,Sensitive Glow,Streetwear Glam
CUST-1762,18,Female,97458.99,New York,2023-02-11,Haircare,176.24,0.1,2,Combination Balance,Streetwear Glam
CUST-1368,23,Female,64329.9,Dubai,2023-04-07,Makeup,107.05,0.05,4,Mature Luminosity,Minimalist Chic
CUST-1204,30,Female,64327.35,Milan,2023-07-27,Bath & Body,147.67,0.0,1,Sensitive Glow,Quiet Luxury
CUST-1885,21,Female,79505.43,Los Angeles,2023-09-11,Haircare,149.5,0.0,4,Sensitive Glow,Minimalist Chic
CUST-1306,29,Female,93483.65,Tokyo,2024-03-30,Skincare,89.64,0.1,1,Sensitive Glow,Streetwear Glam
CUST-2023,18,Non-Binary,67013.99,London,2024-03-02,Fragrance,193.91,0.0,2,Mature Luminosity,French Riviera
CUST-1996,42,Female,23317.13,New York,2024-02-07,Bath & Body,109.44,0.1,1,Mature Luminosity,Quiet Luxury
CUST-1097,18,Female,81511.79,Tokyo,2024-02-18,Skincare,76.05,0.05,1,Sensitive Glow,Old Money Luxe
CUST-1441,34,Female,93440.65,Los Angeles,2024-03-21,Bath & Body,84.71,0.05,1,Oily Clarity,Old Money Luxe
CUST-1921,27,Female,79549.75,Milan,2023-07-27,Bath & Body,141.97,0.05,2,Combination Balance,French Riviera
CUST-1737,31,Female,99151.02,Dubai,2024-01-13,Fragrance,187.87,0.0,1,Combination Balance,French Riviera
CUST-1040,42,Female,57469.32,Tokyo,2024-01-11,Skincare,54.72,0.05,4,Combination Balance,Quiet Luxury
CUST-1407,25,Female,102445.14,Dubai,2023-02-28,Fragrance,119.93,0.0,2,Mature Luminosity,Minimalist Chic
CUST-1582,29,Non-Binary,49586.89,New York,2024-02-07,Bath & Body,15.0,0.0,3,Mature Luminosity,Streetwear Glam
CUST-1915,28,Female,46899.35,Paris,2023-01-08,Haircare,148.16,0.0,3,Mature Luminosity,French Riviera
CUST-1949,27,Female,93030.66,Milan,2023-01-10,Makeup,47.88,0.0,4,Sensitive Glow,French Riviera
CUST-1863,33,Female,85263.93,Milan,2024-04-08,Fragrance,81.63,0.0,2,Mature Luminosity,Streetwear Glam
CUST-1146,49,Male,93807.55,Paris,2023-01-18,Makeup,211.04,0.0,1,Combination Balance,Minimalist Chic
CUST-1642,38,Female,110229.46,New York,2023-11-15,Bath & Body,95.63,0.0,1,Combination Balance,Quiet Luxury
CUST-1809,34,Female,81241.53,New York,2023-04-22,Haircare,134.41,0.0,2,Combination Balance,Quiet Luxury
CUST-2066,36,Female,62531.84,Tokyo,2024-06-20,Haircare,86.5,0.0,2,Sensitive Glow,Minimalist Chic
CUST-1047,34,Female,50101.3,London,2023-09-13,Makeup,48.33,0.0,1,Combination Balance,Old Money Luxe
CUST-1431,33,Female,120521.8,London,2023-03-27,Haircare,141.56,0.1,4,Dry / Dehydrated,Old Money Luxe
CUST-1130,41,Female,104547.25,Tokyo,2023-10-20,Fragrance,116.68,0.0,1,Dry / Dehydrated,Old Money Luxe
CUST-1813,28,Female,72234.09,Dubai,2024-05-22,Skincare,96.74,0.1,4,Dry / Dehydrated,French Riviera
CUST-1318,25,Female,55964.25,Paris,2023-06-08,Haircare,108.57,0.0,1,Combination Balance,Minimalist Chic
CUST-1506,30,Female,97359.85,Milan,2023-10-31,Bath & Body,36.67,0.05,1,Oily Clarity,Minimalist Chic
CUST-1268,20,Male,74600.51,Dubai,2023-04-05,Makeup,135.72,0.0,4,Dry / Dehydrated,Old Money Luxe
CUST-1730,40,Female,45444.54,Los Angeles,2023-01-19,Bath & Body,140.05,0.0,3,Oily Clarity,Streetwear Glam
CUST-2107,43,Female,82076.33,New York,2023-03-26,Fragrance,103.03,0.0,3,Oily Clarity,Minimalist Chic
CUST-2104,31,Non-Binary,63772.31,London,2023-05-20,Fragrance,130.11,0.0,1,Mature Luminosity,Streetwear Glam
CUST-2155,32,Male,78334.99,Tokyo,2023-09-14,Fragrance,216.09,0.0,1,Mature Luminosity,French Riviera
CUST-1711,18,Female,62084.65,Tokyo,2023-12-09,Fragrance,68.84,0.0,3,Sensitive Glow,Old Money Luxe
CUST-1904,18,Female,114162.73,New York,2023-12-13,Bath & Body,156.97,0.1,4,Oily Clarity,French Riviera
CUST-1318,27,Female,61730.85,New York,2023-04-04,Skincare,67.33,0.05,1,Dry / Dehydrated,Quiet Luxury
CUST-1279,44,Female,100526.22,New York,2024-02-02,Bath & Body,164.66,0.0,2,Oily Clarity,Quiet Luxury
CUST-1017,33,Female,25168.27,Milan,2024-04-03,Haircare,185.03,0.0,4,Oily Clarity,French Riviera
CUST-1018,45,Female,122240.25,Los Angeles,2024-02-02,Haircare,150.9,0.0,1,Combination Balance,Quiet Luxury
CUST-1473,35,Non-Binary,74022.92,Los Angeles,2023-08-23,Skincare,183.42,0.1,4,Mature Luminosity,French Riviera
CUST-1386,53,Male,20000.0,Tokyo,2023-12-14,Fragrance,192.9,0.05,1,Oily Clarity,Streetwear Glam
CUST-1511,41,Male,57264.38,London,2024-04-10,Haircare,115.85,0.0,3,Oily Clarity,Minimalist Chic
CUST-1538,20,Female,65305.96,Paris,2023-02-14,Haircare,140.07,0.0,2,Sensitive Glow,Quiet Luxury
CUST-1556,18,Female,122233.07,New York,2023-10-08,Fragrance,154.49,0.1,1,Combination Balance,Streetwear Glam
CUST-1385,18,Female,100443.25,Los Angeles,2023-06-19,Skincare,162.19,0.0,2,Sensitive Glow,Minimalist Chic
CUST-1593,25,Male,64720.15,Paris,2024-01-26,Haircare,169.57,0.1,2,Mature Luminosity,Streetwear Glam
CUST-1557,18,Female,82936.32,Milan,2023-05-11,Fragrance,103.29,0.0,1,Oily Clarity,Minimalist Chic
CUST-1656,39,Female,131337.26,Paris,2023-07-05,Makeup,96.82,0.15,2,Dry / Dehydrated,Quiet Luxury
CUST-1045,24,Female,65159.71,London,2023-02-01,Skincare,139.12,0.0,4,Combination Balance,French Riviera
CUST-1256,18,Non-Binary,67139.63,Milan,2023-07-26,Haircare,40.22,0.0,3,Dry / Dehydrated,Minimalist Chic
CUST-1184,37,Female,46588.75,London,2023-05-22,Skincare,57.89,0.05,2,Oily Clarity,Minimalist Chic
CUST-1700,28,Male,81431.34,Tokyo,2023-06-26,Bath & Body,102.78,0.05,4,Oily Clarity,French Riviera
CUST-1949,38,Female,72859.8,Milan,2023-01-08,Skincare,138.85,0.0,1,Combination Balance,Old Money Luxe
CUST-1299,22,Female,102284.83,Paris,2023-09-02,Bath & Body,159.12,0.05,2,Oily Clarity,Old Money Luxe
CUST-2112,40,Female,20000.0,Tokyo,2023-08-20,Makeup,84.0,0.0,1,Sensitive Glow,French Riviera
CUST-1781,22,Female,81415.04,Los Angeles,2023-10-30,Skincare,220.66,0.1,3,Dry / Dehydrated,Minimalist Chic
CUST-1788,22,Female,74359.83,Los Angeles,2023-11-23,Haircare,32.43,0.0,1,Sensitive Glow,Old Money Luxe
CUST-1407,24,Male,64872.68,Tokyo,2023-10-04,Skincare,155.03,0.0,4,Mature Luminosity,Minimalist Chic
CUST-1968,53,Female,101508.48,Tokyo,2024-01-08,Bath & Body,130.71,0.05,2,Combination Balance,Minimalist Chic
CUST-1086,37,Female,71868.15,Milan,2023-03-10,Fragrance,170.21,0.15,3,Mature Luminosity,Old Money Luxe
CUST-1518,26,Female,20000.0,Tokyo,2023-04-29,Bath & Body,80.08,0.0,4,Sensitive Glow,French Riviera
CUST-1106,18,Female,105411.49,Los Angeles,2024-05-30,Makeup,15.0,0.0,1,Dry / Dehydrated,Minimalist Chic
CUST-1889,35,Female,77253.06,New York,2023-07-04,Skincare,109.04,0.0,1,Sensitive Glow,French Riviera
CUST-2197,23,Female,61082.64,Paris,2023-03-17,Haircare,78.07,0.2,2,Sensitive Glow,Old Money Luxe
CUST-1086,29,Female,79824.15,Dubai,2023-02-21,Haircare,133.9,0.0,4,Mature Luminosity,Minimalist Chic
CUST-1760,42,Male,60738.15,Los Angeles,2024-04-08,Skincare,110.63,0.0,2,Sensitive Glow,Minimalist Chic
CUST-2023,46,Female,87105.52,Paris,2023-04-30,Fragrance,100.93,0.15,1,Combination Balance,Old Money Luxe
CUST-1122,35,Male,63668.02,New York,2023-09-12,Makeup,108.84,0.0,1,Mature Luminosity,Old Money Luxe
CUST-1257,18,Female,37688.44,Tokyo,2023-10-26,Makeup,69.93,0.15,1,Combination Balance,Quiet Luxury
CUST-1711,22,Female,43057.72,Los Angeles,2023-05-11,Haircare,169.4,0.0,2,Sensitive Glow,Old Money Luxe
CUST-1773,30,Male,37347.78,New York,2023-01-15,Makeup,173.53,0.1,1,Combination Balance,Old Money Luxe
CUST-1993,31,Female,95493.49,Milan,2023-11-27,Haircare,110.23,0.1,3,Mature Luminosity,French Riviera
CUST-2111,34,Female,21168.1,Milan,2023-01-30,Haircare,72.41,0.1,3,Sensitive Glow,Quiet Luxury
CUST-1382,50,Female,20000.0,Dubai,2023-11-26,Bath & Body,61.59,0.05,1,Combination Balance,Streetwear Glam
CUST-1563,40,Male,70896.26,Los Angeles,2023-04-06,Fragrance,180.1,0.0,2,Mature Luminosity,Minimalist Chic
CUST-1141,32,Female,64444.75,Dubai,2023-08-22,Makeup,155.32,0.05,3,Oily Clarity,French Riviera
CUST-1539,31,Female,63652.71,Dubai,2024-04-19,Bath & Body,164.5,0.1,2,Oily Clarity,Old Money Luxe
CUST-2036,25,Female,104204.21,Tokyo,2023-05-12,Makeup,138.61,0.0,1,Dry / Dehydrated,Quiet Luxury
CUST-1745,18,Female,116821.71,Los Angeles,2023-05-29,Fragrance,76.8,0.1,4,Sensitive Glow,French Riviera
CUST-1129,30,Female,39396.94,Milan,2023-09-10,Fragrance,97.18,0.05,2,Oily Clarity,Minimalist Chic
CUST-2073,29,Female,96438.6,Milan,2023-07-06,Haircare,118.98,0.2,3,Mature Luminosity,Minimalist Chic
CUST-1579,38,Male,72686.25,New York,2023-09-23,Haircare,121.5,0.0,2,Combination Balance,Old Money Luxe
CUST-1197,26,Female,76261.33,Dubai,2023-05-27,Skincare,119.94,0.05,1,Dry / Dehydrated,Minimalist Chic
CUST-1365,19,Female,84649.25,Los Angeles,2024-04-11,Skincare,61.17,0.0,4,Sensitive Glow,Old Money Luxe
CUST-1994,31,Female,71983.68,London,2023-05-10,Skincare,104.99,0.05,4,Dry / Dehydrated,Quiet Luxury
CUST-1795,18,Female,136030.54,Milan,2023-11-28,Haircare,141.86,0.2,4,Mature Luminosity,Quiet Luxury
CUST-1524,20,Female,56128.35,Paris,2023-03-27,Bath & Body,121.61,0.1,3,Sensitive Glow,Quiet Luxury
CUST-1145,18,Female,96254.66,Paris,2023-04-27,Makeup,151.06,0.0,2,Oily Clarity,Old Money Luxe
CUST-1958,43,Female,101302.67,Los Angeles,2023-05-01,Skincare,126.59,0.1,3,Combination Balance,Quiet Luxury
CUST-1851,32,Female,90712.95,Los Angeles,2023-07-19,Bath & Body,62.82,0.0,3,Dry / Dehydrated,Quiet Luxury
CUST-1544,36,Male,75230.04,Dubai,2024-06-03,Skincare,111.99,0.0,3,Dry / Dehydrated,French Riviera
CUST-1159,18,Female,55047.32,London,2023-04-25,Fragrance,95.04,0.0,3,Dry / Dehydrated,Old Money Luxe
CUST-1473,45,Female,90357.96,Dubai,2024-05-16,Haircare,158.2,0.1,4,Sensitive Glow,Minimalist Chic
CUST-2077,31,Male,63949.07,Milan,2024-02-13,Makeup,172.91,0.0,2,Mature Luminosity,Minimalist Chic
CUST-2143,26,Female,83191.37,Milan,2024-02-09,Fragrance,89.22,0.0,3,Oily Clarity,Old Money Luxe
CUST-2180,39,Male,68334.67,New York,2024-04-23,Haircare,71.01,0.0,1,Oily Clarity,Old Money Luxe
CUST-1341,18,Female,108483.16,Los Angeles,2023-04-26,Makeup,85.67,0.0,4,Mature Luminosity,Streetwear Glam
CUST-2033,43,Female,94920.12,New York,2024-02-23,Makeup,215.25,0.0,1,Mature Luminosity,Quiet Luxury
CUST-1907,28,Female,55374.75,New York,2023-06-29,Bath & Body,120.54,0.05,4,Mature Luminosity,French Riviera
CUST-1761,37,Female,75007.62,Tokyo,2023-04-03,Haircare,98.23,0.0,2,Combination Balance,Quiet Luxury
CUST-1492,18,Male,72581.9,Dubai,2023-01-14,Fragrance,128.48,0.1,4,Sensitive Glow,Streetwear Glam
CUST-2126,20,Male,64259.13,Milan,2023-06-21,Bath & Body,54.94,0.1,2,Combination Balance,Streetwear Glam
CUST-1916,38,Female,116158.23,Tokyo,2024-06-19,Skincare,170.39,0.0,1,Dry / Dehydrated,French Riviera
CUST-1033,18,Non-Binary,65805.39,Dubai,2023-07-17,Makeup,155.13,0.05,1,Combination Balance,Old Money Luxe
CUST-1615,25,Male,78149.9,London,2024-01-08,Makeup,153.47,0.0,1,Combination Balance,Old Money Luxe
CUST-1565,43,Male,59534.06,Dubai,2024-04-22,Fragrance,179.34,0.0,4,Mature Luminosity,Quiet Luxury
CUST-2170,32,Female,41016.9,London,2023-09-22,Skincare,122.09,0.0,1,Dry / Dehydrated,Streetwear Glam
CUST-1728,24,Male,78068.2,London,2023-02-15,Makeup,119.27,0.0,3,Combination Balance,French Riviera
CUST-2192,47,Female,26209.93,London,2023-04-24,Makeup,54.23,0.15,1,Combination Balance,French Riviera
CUST-1188,45,Female,68077.77,Dubai,2023-11-30,Haircare,86.41,0.0,1,Mature Luminosity,Minimalist Chic
CUST-1158,27,Female,73469.27,Milan,2024-01-25,Bath & Body,169.76,0.05,2,Oily Clarity,Minimalist Chic
CUST-1999,26,Female,59228.86,Los Angeles,2024-04-19,Fragrance,105.11,0.0,2,Dry / Dehydrated,Quiet Luxury
CUST-1615,29,Non-Binary,74912.36,Paris,2023-01-21,Fragrance,99.25,0.05,3,Oily Clarity,Old Money Luxe
CUST-1114,23,Male,92868.64,Los Angeles,2024-03-09,Bath & Body,108.31,0.1,4,Combination Balance,Streetwear Glam
CUST-1853,46,Female,108510.16,Los Angeles,2023-12-26,Skincare,163.52,0.2,2,Sensitive Glow,Quiet Luxury
CUST-1023,52,Female,68786.37,Milan,2023-08-29,Haircare,131.55,0.2,4,Dry / Dehydrated,French Riviera
CUST-2073,36,Female,99773.98,Paris,2024-05-05,Bath & Body,210.23,0.0,2,Mature Luminosity,Quiet Luxury
CUST-1306,32,Female,59709.96,New York,2023-11-02,Fragrance,94.64,0.05,4,Sensitive Glow,Minimalist Chic
CUST-1103,18,Female,51690.72,Milan,2023-12-09,Haircare,15.0,0.15,2,Oily Clarity,Quiet Luxury
CUST-2178,24,Female,83820.84,Dubai,2024-05-20,Skincare,142.81,0.15,4,Sensitive Glow,Streetwear Glam
CUST-1593,39,Female,61122.27,Los Angeles,2023-08-14,Haircare,120.61,0.0,4,Sensitive Glow,Minimalist Chic
CUST-1688,31,Female,83210.82,Paris,2024-06-10,Haircare,172.86,0.15,4,Mature Luminosity,Old Money Luxe
CUST-2122,29,Female,74315.39,Tokyo,2024-05-10,Bath & Body,217.66,0.05,3,Dry / Dehydrated,Streetwear Glam
CUST-2027,38,Female,36167.92,Tokyo,2023-10-16,Makeup,153.3,0.0,4,Sensitive Glow,Streetwear Glam
CUST-2145,44,Female,51580.12,London,2024-01-11,Haircare,51.4,0.1,1,Oily Clarity,Quiet Luxury
CUST-1401,43,Female,68500.4,Dubai,2024-03-10,Fragrance,121.42,0.05,2,Mature Luminosity,Minimalist Chic
CUST-1496,35,Male,106086.73,Paris,2023-11-15,Bath & Body,81.03,0.0,3,Oily Clarity,French Riviera
CUST-2179,25,Female,76326.48,Paris,2024-06-29,Skincare,163.26,0.1,1,Oily Clarity,Streetwear Glam
CUST-1748,18,Female,94646.47,New York,2024-03-29,Makeup,221.92,0.15,2,Combination Balance,French Riviera
CUST-1049,26,Female,43549.5,Los Angeles,2023-03-09,Bath & Body,163.96,0.15,3,Sensitive Glow,French Riviera
CUST-1905,18,Female,83844.27,Dubai,2023-06-27,Makeup,71.03,0.2,1,Oily Clarity,Old Money Luxe
CUST-1478,33,Female,84209.64,London,2024-04-08,Bath & Body,41.94,0.0,2,Sensitive Glow,Old Money Luxe
CUST-1230,41,Female,110427.37,Milan,2023-01-26,Skincare,28.15,0.0,1,Sensitive Glow,Quiet Luxury
CUST-1302,18,Female,79251.19,Los Angeles,2024-04-06,Bath & Body,118.83,0.15,4,Dry / Dehydrated,French Riviera
CUST-1227,22,Non-Binary,40814.03,New York,2023-02-22,Haircare,126.28,0.0,3,Oily Clarity,Old Money Luxe
CUST-1679,34,Male,96849.31,London,2024-05-16,Fragrance,164.59,0.0,2,Sensitive Glow,Minimalist Chic
CUST-2119,35,Female,86893.8,Dubai,2023-10-17,Bath & Body,149.48,0.0,3,Mature Luminosity,Streetwear Glam
CUST-1289,18,Male,94681.82,Milan,2023-12-24,Skincare,166.56,0.0,3,Oily Clarity,Quiet Luxury
CUST-2078,43,Female,55623.88,Paris,2024-03-19,Bath & Body,77.28,0.0,1,Sensitive Glow,Old Money Luxe
CUST-1581,27,Female,45286.61,London,2024-01-29,Fragrance,219.44,0.0,2,Combination Balance,Old Money Luxe
CUST-1952,42,Female,75963.88,Milan,2023-06-11,Skincare,95.82,0.15,4,Dry / Dehydrated,Streetwear Glam
CUST-1555,29,Female,59039.69,Milan,2024-05-28,Bath & Body,173.05,0.1,2,Dry / Dehydrated,Old Money Luxe
CUST-1599,28,Male,109060.12,Los Angeles,2023-11-17,Haircare,33.02,0.1,4,Sensitive Glow,Streetwear Glam
CUST-2041,31,Female,24086.44,Milan,2023-10-30,Skincare,185.04,0.05,3,Combination Balance,Streetwear Glam
CUST-2088,52,Male,64341.83,Paris,2024-01-03,Makeup,108.3,0.2,2,Sensitive Glow,Quiet Luxury
CUST-1937,40,Female,78491.29,Dubai,2024-03-05,Skincare,123.25,0.0,1,Dry / Dehydrated,Minimalist Chic
CUST-2084,34,Female,112239.99,New York,2023-12-26,Bath & Body,56.48,0.0,2,Oily Clarity,Streetwear Glam
CUST-1321,43,Female,118491.63,Paris,2024-03-21,Bath & Body,124.26,0.0,3,Combination Balance,French Riviera
CUST-1619,43,Female,20000.0,London,2023-03-09,Fragrance,109.79,0.0,1,Combination Balance,Old Money Luxe
CUST-1527,63,Female,115982.6,Tokyo,2024-03-29,Skincare,173.94,0.0,1,Mature Luminosity,French Riviera
CUST-1461,25,Female,107159.55,London,2024-04-28,Bath & Body,107.15,0.0,1,Oily Clarity,Minimalist Chic
CUST-1179,34,Female,70297.43,Milan,2023-11-03,Haircare,102.37,0.0,2,Mature Luminosity,Quiet Luxury
CUST-1465,27,Male,64405.03,Tokyo,2024-06-08,Makeup,146.95,0.0,4,Mature Luminosity,Minimalist Chic
CUST-1873,22,Female,92979.22,New York,2024-02-02,Fragrance,210.99,0.15,3,Combination Balance,Streetwear Glam
CUST-2110,18,Male,83124.61,London,2024-04-04,Makeup,145.04,0.15,3,Sensitive Glow,Quiet Luxury
CUST-2108,23,Female,109997.79,Milan,2023-10-15,Makeup,132.97,0.0,3,Sensitive Glow,French Riviera
CUST-2072,26,Female,27253.21,London,2023-12-21,Haircare,158.56,0.05,2,Sensitive Glow,Quiet Luxury
CUST-1323,25,Female,96543.12,New York,2023-01-11,Skincare,92.15,0.0,3,Mature Luminosity,Quiet Luxury
CUST-1242,46,Male,57402.09,London,2024-04-16,Bath & Body,67.26,0.15,4,Sensitive Glow,Old Money Luxe
CUST-1652,31,Female,124172.92,Tokyo,2023-12-08,Haircare,118.04,0.0,1,Combination Balance,Streetwear Glam
CUST-1560,31,Female,122300.29,London,2024-06-09,Makeup,118.88,0.0,1,Dry / Dehydrated,Minimalist Chic
CUST-1378,40,Female,78056.08,Paris,2024-03-06,Fragrance,99.05,0.0,4,Mature Luminosity,French Riviera
CUST-2161,24,Male,106797.72,Dubai,2024-04-07,Makeup,161.43,0.0,2,Mature Luminosity,Minimalist Chic
CUST-1472,24,Female,93246.45,Milan,2023-11-16,Skincare,153.82,0.05,1,Combination Balance,Old Money Luxe
CUST-1976,38,Female,47947.89,London,2023-05-12,Fragrance,81.35,0.0,4,Mature Luminosity,Streetwear Glam
CUST-1765,39,Female,64448.2,London,2024-04-28,Haircare,121.82,0.0,1,Oily Clarity,Streetwear Glam
CUST-1281,27,Male,81123.93,London,2023-09-12,Makeup,143.73,0.05,4,Sensitive Glow,Old Money Luxe
CUST-1836,39,Female,148576.21,Los Angeles,2024-04-08,Skincare,156.22,0.05,1,Combination Balance,Streetwear Glam
CUST-1455,29,Male,63401.3,Milan,2023-04-06,Makeup,180.54,0.05,1,Sensitive Glow,Old Money Luxe
CUST-1362,31,Male,101098.67,Tokyo,2023-10-20,Fragrance,119.11,0.0,4,Oily Clarity,French Riviera
CUST-1937,22,Female,110486.39,London,2023-01-08,Haircare,74.23,0.1,1,Oily Clarity,Old Money Luxe
CUST-1779,33,Female,53090.16,Milan,2023-01-05,Bath & Body,154.02,0.15,2,Oily Clarity,Quiet Luxury
CUST-2171,24,Female,91591.16,Dubai,2024-02-21,Fragrance,172.98,0.05,4,Mature Luminosity,Old Money Luxe
CUST-2066,26,Female,55357.49,Paris,2024-03-19,Haircare,194.92,0.0,4,Oily Clarity,Old Money Luxe
CUST-1503,28,Non-Binary,27270.06,Dubai,2023-05-11,Fragrance,143.52,0.1,4,Oily Clarity,Old Money Luxe
CUST-2142,51,Female,84361.03,Tokyo,2024-04-03,Fragrance,165.06,0.15,4,Dry / Dehydrated,Minimalist Chic
CUST-1596,29,Female,82853.24,Tokyo,2023-01-25,Haircare,104.2,0.15,1,Combination Balance,French Riviera
CUST-1944,35,Female,59509.09,London,2023-03-07,Haircare,75.93,0.05,3,Combination Balance,Quiet Luxury
CUST-1111,35,Male,109138.16,Milan,2023-07-23,Fragrance,88.49,0.0,1,Sensitive Glow,Streetwear Glam
CUST-1925,37,Female,95405.55,Paris,2023-02-18,Fragrance,67.07,0.0,2,Dry / Dehydrated,Minimalist Chic
CUST-2198,26,Female,78193.36,Milan,2023-08-01,Fragrance,128.35,0.05,2,Sensitive Glow,Streetwear Glam
CUST-1846,34,Male,55730.31,New York,2024-05-30,Haircare,191.72,0.0,3,Dry / Dehydrated,Minimalist Chic
CUST-1929,37,Female,30835.03,Dubai,2023-11-05,Makeup,76.75,0.0,2,Oily Clarity,Old Money Luxe
CUST-1512,26,Female,81355.15,New York,2024-06-24,Makeup,93.97,0.0,1,Dry / Dehydrated,Old Money Luxe
CUST-1233,44,Male,91307.37,Milan,2024-04-26,Haircare,129.68,0.0,4,Combination Balance,Old Money Luxe
CUST-2072,29,Female,89154.67,Milan,2023-10-03,Haircare,113.8,0.1,3,Mature Luminosity,Quiet Luxury
CUST-1327,27,Male,86883.37,Tokyo,2023-12-08,Fragrance,66.83,0.0,1,Oily Clarity,Old Money Luxe
CUST-1349,42,Female,54471.01,New York,2023-10-06,Fragrance,146.88,0.0,2,Sensitive Glow,Minimalist Chic
CUST-1296,32,Non-Binary,70712.02,London,2023-06-17,Skincare,66.07,0.0,1,Oily Clarity,French Riviera
CUST-1633,33,Female,25621.54,Milan,2024-02-13,Haircare,77.75,0.0,2,Combination Balance,Minimalist Chic
CUST-1240,34,Male,60480.0,London,2024-06-04,Makeup,20.89,0.0,1,Dry / Dehydrated,Quiet Luxury
CUST-1518,18,Female,50823.16,Paris,2024-06-17,Haircare,169.24,0.1,4,Oily Clarity,Streetwear Glam
CUST-2113,40,Female,33135.59,Los Angeles,2023-10-28,Skincare,61.14,0.0,2,Mature Luminosity,Streetwear Glam
CUST-1487,48,Female,51647.3,London,2023-06-12,Fragrance,143.5,0.0,4,Oily Clarity,Streetwear Glam
CUST-1839,33,Female,20000.0,Tokyo,2023-01-06,Skincare,50.21,0.1,1,Mature Luminosity,Quiet Luxury
CUST-1013,41,Male,121665.63,London,2023-10-22,Fragrance,199.93,0.0,3,Combination Balance,Quiet Luxury
CUST-2141,24,Female,80687.02,Los Angeles,2024-03-09,Makeup,151.48,0.0,2,Dry / Dehydrated,Minimalist Chic
CUST-1303,32,Female,58588.31,Paris,2023-03-23,Bath & Body,126.55,0.2,4,Dry / Dehydrated,Minimalist Chic
CUST-1066,20,Female,86713.5,Milan,2024-05-04,Fragrance,209.15,0.05,2,Mature Luminosity,French Riviera
CUST-1678,29,Female,53027.32,Paris,2023-06-05,Skincare,50.72,0.0,4,Dry / Dehydrated,Streetwear Glam
CUST-1365,45,Female,54295.11,London,2023-11-25,Bath & Body,84.05,0.0,3,Mature Luminosity,Quiet Luxury
CUST-2172,24,Female,57732.3,Los Angeles,2024-04-24,Fragrance,128.26,0.0,4,Sensitive Glow,Streetwear Glam
CUST-2185,26,Female,85976.46,New York,2024-06-14,Skincare,114.18,0.0,2,Dry / Dehydrated,French Riviera
CUST-1661,26,Female,109758.33,New York,2024-04-12,Haircare,185.79,0.1,2,Dry / Dehydrated,Streetwear Glam
CUST-2127,39,Female,116993.68,Paris,2024-04-18,Bath & Body,137.11,0.0,4,Oily Clarity,Minimalist Chic
CUST-1249,51,Female,74757.53,Milan,2024-06-06,Bath & Body,169.58,0.1,2,Combination Balance,Quiet Luxury
CUST-1847,38,Female,49653.7,Dubai,2023-01-10,Makeup,186.64,0.0,2,Sensitive Glow,Quiet Luxury
CUST-1119,22,Female,72152.98,Paris,2023-08-01,Fragrance,147.26,0.0,3,Mature Luminosity,Old Money Luxe
CUST-1990,24,Female,71747.36,Milan,2023-03-15,Fragrance,15.0,0.1,1,Combination Balance,Streetwear Glam
CUST-1648,39,Female,93472.24,New York,2024-01-01,Fragrance,75.16,0.1,3,Mature Luminosity,Quiet Luxury
CUST-1724,46,Male,77567.87,London,2023-01-08,Fragrance,117.2,0.0,3,Mature Luminosity,Streetwear Glam
CUST-2064,18,Female,84272.72,Milan,2023-12-23,Haircare,108.34,0.0,1,Oily Clarity,Minimalist Chic
CUST-1476,33,Female,80715.1,Milan,2023-05-01,Bath & Body,107.51,0.0,4,Sensitive Glow,Old Money Luxe
CUST-1242,18,Female,35675.27,Paris,2023-12-03,Haircare,67.37,0.05,2,Dry / Dehydrated,Minimalist Chic
CUST-1849,21,Female,65910.95,Tokyo,2024-04-02,Skincare,87.97,0.05,3,Combination Balance,French Riviera
CUST-2147,35,Female,65614.81,Los Angeles,2023-10-23,Makeup,117.56,0.0,1,Dry / Dehydrated,Minimalist Chic
CUST-1576,28,Female,51138.57,New York,2023-08-09,Skincare,174.87,0.05,3,Combination Balance,French Riviera
CUST-2037,38,Female,54943.2,Dubai,2023-04-27,Bath & Body,94.77,0.0,2,Dry / Dehydrated,Old Money Luxe
CUST-1682,39,Male,68797.62,New York,2023-08-21,Haircare,86.87,0.15,3,Mature Luminosity,Quiet Luxury
CUST-1059,18,Female,115087.0,Los Angeles,2024-03-29,Makeup,30.59,0.0,3,Sensitive Glow,French Riviera
CUST-1692,21,Female,65959.3,Milan,2023-03-12,Haircare,191.78,0.15,2,Oily Clarity,Old Money Luxe
CUST-1278,18,Female,104746.9,Tokyo,2023-10-03,Makeup,73.22,0.0,2,Oily Clarity,Quiet Luxury
CUST-1686,31,Female,88646.26,Tokyo,2023-08-29,Haircare,43.6,0.0,4,Dry / Dehydrated,Quiet Luxury
CUST-1613,26,Female,43023.84,Dubai,2023-01-03,Bath & Body,176.49,0.1,2,Mature Luminosity,Quiet Luxury
CUST-1038,21,Male,76512.27,London,2023-02-21,Fragrance,54.4,0.0,4,Combination Balance,French Riviera
CUST-1135,27,Female,75115.82,London,2023-08-26,Bath & Body,164.1,0.2,4,Dry / Dehydrated,French Riviera
CUST-1768,18,Female,80856.1,Milan,2023-06-27,Fragrance,98.92,0.0,1,Sensitive Glow,Quiet Luxury
CUST-1797,38,Female,57467.76,London,2023-10-27,Fragrance,76.21,0.0,3,Dry / Dehydrated,French Riviera
CUST-1644,49,Male,67091.61,Milan,2024-06-21,Skincare,87.94,0.2,4,Combination Balance,Streetwear Glam
CUST-1177,36,Female,69947.46,Tokyo,2023-10-02,Makeup,202.64,0.1,2,Combination Balance,Streetwear Glam
CUST-1619,42,Female,39777.02,London,2023-07-01,Fragrance,142.24,0.0,2,Combination Balance,Minimalist Chic
CUST-1229,40,Female,89758.57,New York,2023-08-15,Skincare,129.75,0.1,2,Sensitive Glow,Old Money Luxe
CUST-1908,34,Male,76028.38,Dubai,2023-07-20,Skincare,108.03,0.0,1,Oily Clarity,Quiet Luxury
CUST-1315,30,Female,97075.92,London,2023-09-24,Bath & Body,183.47,0.1,3,Oily Clarity,Quiet Luxury
CUST-1635,30,Male,31654.66,Los Angeles,2023-05-27,Bath & Body,91.99,0.0,4,Sensitive Glow,Old Money Luxe
CUST-2057,39,Female,32681.68,Milan,2023-07-28,Makeup,125.01,0.0,4,Sensitive Glow,Old Money Luxe
CUST-1940,31,Male,61445.08,Tokyo,2023-09-30,Fragrance,182.16,0.0,1,Dry / Dehydrated,Old Money Luxe
CUST-1636,45,Female,86790.05,Paris,2024-06-25,Fragrance,193.32,0.0,1,Dry / Dehydrated,French Riviera
CUST-1956,23,Female,65055.95,Paris,2024-04-06,Skincare,157.67,0.2,2,Mature Luminosity,French Riviera
CUST-1046,24,Female,30936.93,Dubai,2024-05-12,Bath & Body,88.03,0.0,1,Sensitive Glow,French Riviera
CUST-1410,40,Female,56878.47,London,2023-03-31,Bath & Body,122.7,0.05,3,Combination Balance,Quiet Luxury
CUST-1653,33,Female,107506.22,Los Angeles,2023-09-03,Haircare,49.92,0.1,2,Dry / Dehydrated,French Riviera
CUST-1305,46,Female,74243.42,London,2023-02-25,Bath & Body,249.94,0.1,4,Dry / Dehydrated,Old Money Luxe
CUST-2146,18,Female,93225.9,Dubai,2023-09-26,Skincare,196.96,0.15,4,Sensitive Glow,Quiet Luxury
CUST-1717,40,Male,52212.25,Dubai,2024-05-15,Bath & Body,137.13,0.2,4,Combination Balance,Minimalist Chic
CUST-1580,34,Female,89477.13,Dubai,2023-03-12,Makeup,146.64,0.0,3,Sensitive Glow,Old Money Luxe
CUST-1637,49,Male,80006.55,Dubai,2024-05-19,Bath & Body,117.52,0.0,3,Mature Luminosity,Streetwear Glam
CUST-1103,42,Female,41487.78,London,2023-04-17,Skincare,104.01,0.15,4,Oily Clarity,Old Money Luxe
CUST-1216,18,Female,78064.02,Tokyo,2024-04-03,Skincare,142.6,0.0,1,Dry / Dehydrated,Streetwear Glam
CUST-1802,18,Female,22412.5,London,2023-11-21,Fragrance,194.74,0.05,3,Mature Luminosity,Streetwear Glam
CUST-1728,23,Female,110524.63,New York,2023-03-02,Bath & Body,78.71,0.05,4,Sensitive Glow,Quiet Luxury
CUST-1160,26,Female,94545.53,Los Angeles,2024-06-23,Haircare,153.0,0.2,1,Mature Luminosity,Minimalist Chic
CUST-1190,26,Male,113417.16,Los Angeles,2023-11-06,Haircare,15.0,0.15,4,Dry / Dehydrated,Streetwear Glam
CUST-1635,24,Female,28574.46,Milan,2024-03-31,Haircare,177.05,0.0,4,Oily Clarity,Minimalist Chic
CUST-1458,39,Female,73054.46,London,2023-10-31,Fragrance,106.2,0.0,2,Combination Balance,French Riviera
CUST-1802,28,Female,81993.7,London,2023-08-15,Bath & Body,169.3,0.05,2,Combination Balance,Streetwear Glam
CUST-1998,45,Female,101661.63,Paris,2023-05-08,Skincare,84.28,0.05,3,Oily Clarity,Old Money Luxe
CUST-1719,42,Male,71801.23,Tokyo,2023-03-21,Haircare,145.43,0.1,1,Sensitive Glow,French Riviera
CUST-1713,19,Male,99200.63,Dubai,2024-01-21,Fragrance,79.43,0.0,4,Sensitive Glow,Quiet Luxury
CUST-1210,20,Female,76377.95,Tokyo,2024-01-11,Skincare,158.99,0.0,2,Combination Balance,Quiet Luxury
CUST-1145,40,Female,95256.5,Los Angeles,2023-03-07,Bath & Body,62.23,0.05,1,Mature Luminosity,Streetwear Glam
CUST-1820,39,Female,108502.11,Dubai,2023-11-13,Haircare,81.21,0.05,2,Sensitive Glow,Quiet Luxury
CUST-1499,39,Female,27915.95,Dubai,2024-04-15,Makeup,152.7,0.0,2,Oily Clarity,Streetwear Glam
CUST-1135,36,Female,120133.59,New York,2023-05-27,Makeup,163.45,0.0,1,Mature Luminosity,Streetwear Glam
CUST-1891,30,Female,37121.67,Dubai,2023-12-16,Bath & Body,60.75,0.0,3,Mature Luminosity,Minimalist Chic
CUST-1354,43,Male,97750.35,Milan,2024-04-29,Skincare,118.33,0.1,2,Mature Luminosity,Streetwear Glam
CUST-1234,43,Female,96359.42,Dubai,2023-01-22,Fragrance,140.52,0.0,4,Oily Clarity,French Riviera
CUST-2136,30,Female,69697.76,Paris,2023-04-30,Haircare,147.11,0.05,3,Sensitive Glow,French Riviera
CUST-1831,28,Female,68992.48,Paris,2024-03-19,Fragrance,82.55,0.0,4,Dry / Dehydrated,Quiet Luxury
CUST-1776,26,Female,57772.21,New York,2023-08-07,Haircare,143.38,0.15,3,Dry / Dehydrated,Old Money Luxe
CUST-1445,32,Female,30923.64,Los Angeles,2023-08-08,Makeup,123.45,0.15,2,Mature Luminosity,Old Money Luxe
CUST-1300,34,Female,101464.72,Milan,2023-07-08,Makeup,82.99,0.15,2,Oily Clarity,Quiet Luxury
CUST-1596,26,Non-Binary,131804.54,Tokyo,2023-01-04,Fragrance,105.08,0.0,3,Mature Luminosity,Streetwear Glam
CUST-1400,23,Male,83692.27,London,2023-06-01,Bath & Body,153.53,0.0,4,Combination Balance,Quiet Luxury
CUST-1623,21,Female,61474.38,Tokyo,2023-03-13,Bath & Body,206.81,0.0,2,Dry / Dehydrated,Quiet Luxury
CUST-1016,34,Female,35355.57,Dubai,2024-05-17,Fragrance,105.41,0.15,4,Oily Clarity,Minimalist Chic
CUST-1602,37,Male,103847.35,Paris,2023-08-13,Bath & Body,76.97,0.0,3,Mature Luminosity,Old Money Luxe
CUST-1001,25,Male,98522.52,Milan,2023-03-22,Fragrance,158.6,0.0,2,Combination Balance,Old Money Luxe
CUST-1577,24,Female,93381.73,Los Angeles,2023-10-10,Skincare,92.04,0.0,1,Sensitive Glow,Streetwear Glam
CUST-1807,27,Male,108469.45,Milan,2024-04-28,Bath & Body,31.99,0.1,1,Oily Clarity,Streetwear Glam
CUST-1781,32,Female,83023.25,Tokyo,2023-08-10,Fragrance,70.61,0.0,1,Sensitive Glow,Minimalist Chic
CUST-1972,39,Female,52164.37,London,2024-03-29,Makeup,119.11,0.0,2,Mature Luminosity,Streetwear Glam
CUST-1737,23,Male,123749.89,Los Angeles,2024-04-28,Haircare,110.91,0.0,1,Sensitive Glow,French Riviera
CUST-1257,30,Female,102833.31,London,2024-06-02,Skincare,141.29,0.05,3,Dry / Dehydrated,Old Money Luxe
CUST-1294,39,Female,73554.31,Milan,2024-06-22,Haircare,202.2,0.1,4,Oily Clarity,Minimalist Chic
CUST-1173,18,Male,73264.42,London,2024-03-07,Haircare,180.66,0.0,1,Oily Clarity,Quiet Luxury
CUST-1871,28,Female,108621.35,Dubai,2024-04-10,Makeup,83.35,0.15,1,Oily Clarity,Quiet Luxury
CUST-1868,24,Female,93881.07,Dubai,2023-03-20,Haircare,110.15,0.0,4,Oily Clarity,French Riviera
CUST-1462,18,Female,71575.26,London,2023-04-04,Haircare,62.9,0.05,2,Mature Luminosity,Old Money Luxe
CUST-2183,32,Female,123140.65,Tokyo,2023-02-08,Makeup,64.84,0.1,3,Mature Luminosity,French Riviera
CUST-1841,36,Female,67636.69,Dubai,2023-04-05,Fragrance,74.95,0.0,4,Combination Balance,Old Money Luxe
CUST-1077,27,Female,125080.17,Dubai,2023-06-30,Haircare,131.14,0.0,1,Combination Balance,Old Money Luxe
CUST-2188,20,Non-Binary,94262.53,Tokyo,2023-12-28,Skincare,155.53,0.0,3,Sensitive Glow,Quiet Luxury
CUST-1572,47,Female,108135.59,Tokyo,2024-02-26,Fragrance,161.95,0.0,4,Dry / Dehydrated,Quiet Luxury
CUST-1181,19,Female,75219.31,London,2023-01-02,Haircare,67.86,0.0,1,Dry / Dehydrated,Quiet Luxury
CUST-2187,42,Female,60064.04,New York,2023-10-20,Fragrance,148.33,0.0,4,Dry / Dehydrated,French Riviera
CUST-2095,25,Female,126383.53,Los Angeles,2024-03-03,Skincare,71.83,0.0,3,Oily Clarity,Streetwear Glam
CUST-2049,18,Female,22202.04,Tokyo,2023-06-08,Fragrance,123.9,0.1,1,Combination Balance,Streetwear Glam
CUST-1722,27,Female,81308.73,Los Angeles,2024-06-04,Bath & Body,146.08,0.1,2,Combination Balance,Minimalist Chic
CUST-1072,29,Female,76047.4,Milan,2023-12-22,Fragrance,251.83,0.15,3,Combination Balance,Quiet Luxury
CUST-1533,50,Female,78117.75,Paris,2024-03-17,Haircare,112.23,0.1,3,Mature Luminosity,Minimalist Chic
CUST-2173,27,Female,74041.9,Paris,2024-02-09,Bath & Body,160.94,0.05,2,Mature Luminosity,Old Money Luxe
CUST-1587,18,Female,37955.82,Tokyo,2023-08-05,Skincare,153.19,0.1,1,Sensitive Glow,Quiet Luxury
CUST-1157,30,Female,63684.12,Los Angeles,2023-11-29,Bath & Body,128.62,0.05,3,Combination Balance,Minimalist Chic
CUST-1575,42,Female,62762.09,New York,2023-09-28,Bath & Body,131.55,0.0,2,Dry / Dehydrated,Old Money Luxe
CUST-1357,46,Male,69936.93,Dubai,2023-11-13,Makeup,128.73,0.2,2,Oily Clarity,French Riviera
CUST-1359,30,Female,82030.29,New York,2024-05-11,Makeup,106.35,0.2,1,Oily Clarity,Minimalist Chic
CUST-2080,37,Non-Binary,77507.24,Los Angeles,2023-04-18,Skincare,109.3,0.05,2,Combination Balance,Old Money Luxe
CUST-1297,28,Female,109502.9,Dubai,2023-05-02,Makeup,88.17,0.0,2,Oily Clarity,Streetwear Glam
CUST-1784,39,Non-Binary,86627.05,London,2024-02-12,Haircare,28.66,0.0,4,Sensitive Glow,Minimalist Chic
CUST-2183,24,Female,98551.9,Milan,2023-06-13,Bath & Body,195.2,0.2,1,Dry / Dehydrated,French Riviera
CUST-1237,25,Male,62275.59,Paris,2023-10-14,Makeup,15.0,0.15,2,Oily Clarity,Streetwear Glam
CUST-1975,49,Female,93066.87,New York,2024-02-26,Haircare,82.34,0.1,2,Mature Luminosity,Minimalist Chic
CUST-1777,30,Female,63231.12,Milan,2023-04-02,Haircare,176.06,0.05,4,Oily Clarity,French Riviera
CUST-1297,18,Non-Binary,80665.91,Dubai,2023-06-06,Haircare,132.62,0.05,2,Dry / Dehydrated,French Riviera
CUST-1919,21,Female,85207.51,Tokyo,2024-06-16,Bath & Body,165.83,0.0,3,Mature Luminosity,Old Money Luxe
CUST-1199,29,Female,81235.86,Dubai,2023-07-20,Bath & Body,152.42,0.0,3,Oily Clarity,Quiet Luxury
CUST-1558,18,Male,91204.55,New York,2023-06-18,Bath & Body,117.87,0.1,3,Combination Balance,Old Money Luxe
CUST-1522,50,Female,46323.57,Milan,2023-12-17,Fragrance,45.07,0.05,3,Oily Clarity,Streetwear Glam
CUST-1495,48,Male,61290.98,Milan,2023-06-24,Fragrance,124.06,0.0,1,Sensitive Glow,Quiet Luxury
CUST-1691,22,Female,59659.93,Milan,2023-04-01,Makeup,15.0,0.0,4,Combination Balance,Quiet Luxury
CUST-1021,41,Female,71016.86,Milan,2023-02-07,Skincare,31.29,0.1,1,Dry / Dehydrated,Old Money Luxe
CUST-1842,38,Female,86622.0,Paris,2023-06-02,Fragrance,46.37,0.15,4,Dry / Dehydrated,Streetwear Glam
CUST-1719,23,Female,57525.58,London,2023-08-18,Bath & Body,193.28,0.0,4,Combination Balance,Minimalist Chic
CUST-1069,22,Female,64196.36,Paris,2024-06-20,Fragrance,75.05,0.05,2,Dry / Dehydrated,Old Money Luxe
CUST-1444,23,Female,35926.46,Dubai,2024-05-08,Skincare,156.26,0.15,2,Dry / Dehydrated,Old Money Luxe
CUST-1266,30,Female,73984.67,Tokyo,2023-06-16,Fragrance,155.82,0.05,1,Sensitive Glow,Old Money Luxe
CUST-1377,65,Female,83333.76,New York,2024-06-14,Bath & Body,127.39,0.0,4,Oily Clarity,Old Money Luxe
CUST-1928,43,Female,80727.37,New York,2023-12-12,Haircare,103.84,0.1,3,Combination Balance,French Riviera
CUST-1331,34,Female,74541.09,Los Angeles,2024-04-25,Skincare,87.61,0.0,3,Combination Balance,Old Money Luxe
CUST-1783,24,Female,94817.78,Tokyo,2024-01-04,Bath & Body,46.17,0.0,4,Dry / Dehydrated,French Riviera
CUST-1542,42,Female,82775.38,London,2023-05-30,Haircare,69.77,0.0,4,Dry / Dehydrated,Streetwear Glam
CUST-1410,42,Female,59229.48,Dubai,2023-03-04,Haircare,43.98,0.05,4,Sensitive Glow,Streetwear Glam
CUST-1222,18,Female,78791.43,London,2023-06-16,Fragrance,68.81,0.0,1,Oily Clarity,Minimalist Chic
CUST-1217,38,Female,27829.06,Tokyo,2023-01-27,Bath & Body,101.29,0.15,3,Dry / Dehydrated,Old Money Luxe
CUST-1149,36,Male,26466.58,Paris,2023-07-09,Fragrance,44.64,0.1,3,Combination Balance,Streetwear Glam
CUST-1038,40,Female,94952.28,Tokyo,2023-05-26,Makeup,48.79,0.0,3,Dry / Dehydrated,Old Money Luxe
CUST-1799,51,Female,50888.84,New York,2024-04-12,Makeup,117.44,0.05,4,Combination Balance,Streetwear Glam
CUST-2176,43,Female,42886.19,Paris,2024-05-25,Fragrance,114.81,0.0,3,Oily Clarity,Streetwear Glam
CUST-1893,55,Female,48166.55,Tokyo,2024-04-04,Skincare,115.39,0.05,4,Mature Luminosity,Minimalist Chic
CUST-1006,18,Female,94702.94,Tokyo,2024-01-28,Haircare,121.69,0.2,4,Dry / Dehydrated,Quiet Luxury
CUST-2096,39,Female,35476.61,New York,2023-05-22,Bath & Body,74.99,0.0,2,Combination Balance,Streetwear Glam
CUST-1113,26,Female,58695.4,Milan,2023-02-17,Skincare,101.11,0.05,4,Combination Balance,Quiet Luxury
CUST-1696,18,Female,63836.79,Paris,2023-02-21,Haircare,61.72,0.15,2,Combination Balance,Minimalist Chic
CUST-1361,26,Female,69477.49,Dubai,2023-06-28,Skincare,123.7,0.0,2,Oily Clarity,Minimalist Chic
CUST-1612,32,Female,73203.59,Milan,2023-10-13,Haircare,232.87,0.0,2,Dry / Dehydrated,French Riviera
CUST-1996,31,Female,52739.11,Paris,2023-02-01,Haircare,91.79,0.05,1,Sensitive Glow,Minimalist Chic
CUST-1073,26,Female,96938.69,London,2024-02-17,Skincare,137.58,0.1,4,Mature Luminosity,Minimalist Chic
CUST-2001,33,Male,72438.85,Tokyo,2024-01-07,Skincare,184.79,0.0,4,Mature Luminosity,French Riviera
CUST-2023,36,Female,63414.56,Dubai,2024-04-16,Haircare,66.74,0.0,4,Dry / Dehydrated,Old Money Luxe
CUST-1694,33,Male,82658.69,Paris,2023-11-08,Bath & Body,124.63,0.0,2,Dry / Dehydrated,Streetwear Glam
CUST-1242,44,Female,54299.32,London,2023-09-01,Fragrance,155.84,0.0,4,Oily Clarity,Quiet Luxury
CUST-1305,47,Non-Binary,66352.32,Milan,2024-05-27,Fragrance,78.13,0.05,1,Sensitive Glow,Old Money Luxe
CUST-1075,40,Female,86082.27,Milan,2023-09-06,Makeup,129.11,0.1,3,Oily Clarity,Old Money Luxe
CUST-1965,38,Female,70768.14,Dubai,2023-12-12,Skincare,187.62,0.0,2,Sensitive Glow,Minimalist Chic
CUST-1029,18,Female,77379.83,London,2023-07-21,Skincare,207.85,0.1,3,Combination Balance,Old Money Luxe
CUST-1934,26,Female,82378.52,Dubai,2023-07-18,Makeup,116.76,0.0,4,Mature Luminosity,Old Money Luxe
CUST-1217,32,Female,86198.27,Paris,2023-10-23,Haircare,136.23,0.05,3,Mature Luminosity,Quiet Luxury
CUST-1451,38,Female,74187.4,Paris,2023-03-03,Makeup,161.52,0.0,2,Oily Clarity,French Riviera
CUST-1823,22,Female,63333.33,New York,2023-12-13,Skincare,162.26,0.2,4,Mature Luminosity,Quiet Luxury
CUST-1281,33,Female,79873.88,New York,2024-05-30,Makeup,118.79,0.1,1,Dry / Dehydrated,Quiet Luxury
CUST-1355,37,Female,44280.6,New York,2023-03-03,Skincare,109.54,0.2,4,Dry / Dehydrated,French Riviera
CUST-1289,38,Female,130240.14,Los Angeles,2024-05-03,Haircare,80.67,0.05,3,Sensitive Glow,French Riviera
CUST-2133,35,Male,94465.68,London,2023-10-03,Haircare,63.89,0.0,1,Sensitive Glow,Quiet Luxury
CUST-1083,23,Male,114738.08,London,2023-05-24,Skincare,82.48,0.0,4,Mature Luminosity,Streetwear Glam
CUST-1323,18,Male,90092.83,Paris,2024-06-12,Haircare,190.08,0.0,3,Dry / Dehydrated,Old Money Luxe
CUST-1014,36,Female,60569.28,London,2023-07-17,Skincare,127.63,0.0,3,Mature Luminosity,French Riviera
CUST-1852,18,Male,71397.86,Milan,2023-02-11,Haircare,174.15,0.0,2,Sensitive Glow,Minimalist Chic
CUST-1293,51,Female,93929.42,Milan,2024-06-14,Bath & Body,140.85,0.0,2,Mature Luminosity,Streetwear Glam
CUST-1843,22,Female,72497.01,London,2023-07-11,Makeup,122.32,0.0,4,Mature Luminosity,Old Money Luxe
CUST-1368,37,Female,105225.25,Milan,2023-08-28,Haircare,31.01,0.0,3,Mature Luminosity,Old Money Luxe
CUST-1616,42,Female,40689.76,New York,2023-05-23,Haircare,104.72,0.0,2,Dry / Dehydrated,Quiet Luxury
CUST-1482,29,Male,44480.37,London,2024-04-03,Skincare,21.15,0.0,1,Mature Luminosity,Old Money Luxe
CUST-1741,31,Female,103313.89,Los Angeles,2023-01-21,Fragrance,192.32,0.0,3,Mature Luminosity,Minimalist Chic
CUST-1950,18,Male,84545.2,Los Angeles,2023-05-02,Makeup,193.43,0.05,2,Combination Balance,Old Money Luxe
CUST-1396,23,Female,105593.1,Paris,2023-03-11,Makeup,84.89,0.0,2,Oily Clarity,Streetwear Glam
CUST-1361,33,Female,89631.0,London,2024-02-26,Skincare,94.22,0.0,4,Dry / Dehydrated,French Riviera
CUST-1583,33,Female,57462.65,London,2024-03-14,Haircare,174.27,0.0,3,Combination Balance,French Riviera
CUST-1928,35,Female,91153.24,Paris,2023-11-03,Skincare,103.96,0.0,2,Dry / Dehydrated,Quiet Luxury
CUST-1360,18,Non-Binary,84756.96,London,2023-06-18,Skincare,83.29,0.05,4,Oily Clarity,Quiet Luxury
CUST-1237,32,Male,104471.09,Paris,2024-05-12,Makeup,98.25,0.0,1,Oily Clarity,Quiet Luxury
CUST-2187,28,Female,76890.67,New York,2024-06-10,Haircare,143.53,0.15,1,Sensitive Glow,French Riviera
CUST-1471,31,Female,104075.02,Los Angeles,2023-05-15,Skincare,99.94,0.0,4,Combination Balance,Minimalist Chic
CUST-1200,39,Male,20000.0,London,2023-09-18,Haircare,120.91,0.05,4,Sensitive Glow,Streetwear Glam
CUST-1451,49,Female,87017.03,Paris,2023-11-08,Haircare,132.49,0.05,2,Mature Luminosity,Streetwear Glam
CUST-1111,29,Female,75409.36,Tokyo,2023-07-29,Makeup,70.65,0.0,1,Sensitive Glow,Quiet Luxury
CUST-1931,33,Female,115859.58,London,2023-05-15,Haircare,90.13,0.05,1,Combination Balance,Minimalist Chic
CUST-1937,30,Female,68352.0,Milan,2024-04-27,Makeup,147.84,0.0,4,Combination Balance,French Riviera
CUST-1414,30,Female,90585.2,New York,2023-06-21,Makeup,110.24,0.05,4,Dry / Dehydrated,Quiet Luxury
CUST-1122,24,Male,43881.21,New York,2023-07-08,Makeup,153.95,0.1,2,Dry / Dehydrated,Streetwear Glam
CUST-1939,40,Female,86974.0,Tokyo,2024-05-26,Makeup,259.51,0.0,2,Combination Balance,Minimalist Chic
CUST-1604,18,Female,86444.06,Dubai,2024-04-30,Makeup,220.66,0.1,4,Mature Luminosity,Minimalist Chic
CUST-2183,36,Female,49871.34,Dubai,2024-05-25,Makeup,106.75,0.1,1,Dry / Dehydrated,Streetwear Glam
CUST-2068,19,Female,91747.53,Tokyo,2023-02-19,Makeup,232.83,0.0,4,Mature Luminosity,Streetwear Glam
CUST-1947,36,Female,74117.94,New York,2023-04-16,Skincare,15.0,0.0,3,Oily Clarity,Minimalist Chic
CUST-1507,26,Male,56096.48,New York,2024-06-03,Haircare,78.18,0.0,3,Mature Luminosity,Minimalist Chic
CUST-1305,36,Female,73150.9,Dubai,2024-02-20,Skincare,126.32,0.15,4,Oily Clarity,Old Money Luxe
CUST-1082,25,Female,55577.28,Tokyo,2023-01-11,Fragrance,63.31,0.2,3,Dry / Dehydrated,Streetwear Glam
CUST-2087,24,Female,92675.44,Tokyo,2023-08-16,Haircare,105.85,0.1,2,Dry / Dehydrated,Streetwear Glam
CUST-2014,42,Female,111492.48,London,2024-04-22,Skincare,88.55,0.15,3,Mature Luminosity,Old Money Luxe
CUST-1832,34,Female,46870.05,London,2024-04-11,Makeup,65.57,0.0,2,Combination Balance,French Riviera
CUST-1489,37,Female,103855.37,Milan,2023-09-07,Skincare,68.29,0.0,2,Dry / Dehydrated,Streetwear Glam
CUST-1624,43,Female,106842.63,London,2024-01-06,Haircare,172.71,0.0,1,Mature Luminosity,Quiet Luxury
CUST-1049,35,Female,85587.7,Tokyo,2023-12-03,Haircare,39.76,0.05,4,Sensitive Glow,Streetwear Glam
CUST-1378,28,Female,71602.72,Los Angeles,2023-05-26,Bath & Body,127.42,0.15,3,Oily Clarity,Old Money Luxe
CUST-1144,36,Female,125930.27,Tokyo,2024-05-01,Bath & Body,127.35,0.2,3,Mature Luminosity,Old Money Luxe
CUST-1607,34,Male,88906.05,Tokyo,2023-08-03,Bath & Body,112.0,0.2,2,Mature Luminosity,Quiet Luxury
CUST-2178,38,Female,74135.89,Los Angeles,2023-07-12,Makeup,165.29,0.0,2,Dry / Dehydrated,Quiet Luxury
CUST-1687,34,Female,61495.21,Milan,2023-01-12,Skincare,50.72,0.0,2,Mature Luminosity,French Riviera
CUST-1105,31,Male,78497.34,Paris,2023-06-15,Haircare,148.7,0.0,4,Combination Balance,Streetwear Glam
CUST-1083,36,Female,80449.28,New York,2023-11-17,Bath & Body,76.13,0.1,4,Sensitive Glow,Quiet Luxury
CUST-1137,46,Male,87558.5,Dubai,2024-06-28,Makeup,88.86,0.1,4,Sensitive Glow,French Riviera
CUST-1488,34,Male,49652.29,Dubai,2023-05-25,Skincare,15.0,0.0,2,Oily Clarity,Quiet Luxury
CUST-1429,18,Male,77950.4,Los Angeles,2023-10-04,Makeup,15.02,0.05,4,Combination Balance,French Riviera
CUST-1547,27,Male,71729.99,Dubai,2024-02-23,Haircare,134.64,0.0,1,Combination Balance,Old Money Luxe
CUST-1129,18,Female,111953.03,New York,2024-01-08,Bath & Body,45.88,0.1,4,Oily Clarity,Streetwear Glam
CUST-2026,18,Male,127551.12,Dubai,2023-05-22,Skincare,141.11,0.1,1,Oily Clarity,Quiet Luxury
CUST-2091,33,Female,26135.17,New York,2023-03-10,Haircare,104.48,0.1,4,Mature Luminosity,French Riviera
CUST-1134,35,Female,86749.34,London,2024-01-22,Haircare,187.31,0.0,3,Dry / Dehydrated,Old Money Luxe
CUST-1800,24,Female,76164.49,London,2023-05-20,Bath & Body,167.65,0.0,1,Dry / Dehydrated,Old Money Luxe
CUST-1337,48,Female,79620.99,New York,2024-06-16,Skincare,200.03,0.0,3,Sensitive Glow,Streetwear Glam
CUST-1308,28,Female,66416.62,Los Angeles,2023-12-08,Makeup,177.11,0.0,2,Mature Luminosity,Old Money Luxe
CUST-1600,30,Male,89733.2,Tokyo,2023-01-10,Fragrance,38.57,0.05,4,Sensitive Glow,Streetwear Glam
CUST-1710,28,Male,49320.68,Tokyo,2023-01-22,Haircare,137.48,0.0,3,Dry / Dehydrated,French Riviera
CUST-1387,27,Male,84776.42,Paris,2023-07-26,Skincare,97.65,0.0,4,Sensitive Glow,Quiet Luxury
CUST-1687,48,Female,96856.2,Tokyo,2023-06-17,Fragrance,128.63,0.0,2,Combination Balance,French Riviera
CUST-1995,18,Female,85492.88,Dubai,2023-12-10,Fragrance,128.74,0.0,1,Mature Luminosity,Streetwear Glam
CUST-1937,25,Female,93419.75,New York,2023-12-17,Fragrance,23.69,0.05,1,Sensitive Glow,French Riviera
CUST-1351,24,Female,61231.82,Los Angeles,2023-09-03,Bath & Body,67.86,0.05,3,Sensitive Glow,Streetwear Glam
CUST-1761,25,Female,46677.23,New York,2023-03-27,Skincare,82.4,0.05,2,Sensitive Glow,French Riviera
CUST-1582,39,Female,87803.61,Tokyo,2023-07-17,Makeup,93.24,0.05,4,Mature Luminosity,Minimalist Chic
CUST-2096,30,Female,95846.19,New York,2023-12-06,Makeup,155.21,0.0,2,Sensitive Glow,Minimalist Chic
CUST-1330,37,Female,91942.53,London,2024-06-11,Skincare,39.78,0.0,4,Dry / Dehydrated,French Riviera
CUST-2176,27,Non-Binary,94230.42,London,2023-06-25,Haircare,94.16,0.0,1,Combination Balance,French Riviera
CUST-1377,18,Female,24956.5,London,2023-06-05,Fragrance,112.48,0.1,2,Dry / Dehydrated,French Riviera
CUST-1704,25,Female,117795.17,London,2023-06-26,Bath & Body,87.72,0.15,1,Oily Clarity,Quiet Luxury
CUST-1332,34,Female,105620.9,Dubai,2024-04-27,Bath & Body,117.98,0.0,2,Dry / Dehydrated,Old Money Luxe
CUST-1828,27,Female,140814.52,Tokyo,2023-09-10,Makeup,123.0,0.0,4,Oily Clarity,French Riviera
CUST-1319,30,Female,82693.15,Paris,2023-09-02,Fragrance,173.34,0.2,1,Mature Luminosity,French Riviera
CUST-1605,18,Female,26581.41,Tokyo,2023-01-30,Bath & Body,170.76,0.1,4,Mature Luminosity,Minimalist Chic
CUST-2157,40,Female,36393.17,Milan,2023-03-18,Haircare,203.85,0.15,3,Combination Balance,Old Money Luxe
CUST-1980,27,Female,72085.72,Paris,2023-05-24,Makeup,130.71,0.0,2,Mature Luminosity,Old Money Luxe
CUST-1630,21,Female,50555.44,Paris,2023-04-24,Haircare,180.46,0.1,2,Mature Luminosity,Minimalist Chic
CUST-1913,35,Female,69424.36,New York,2023-02-19,Skincare,134.1,0.15,2,Combination Balance,Old Money Luxe
CUST-1399,38,Female,116155.77,Dubai,2023-11-16,Fragrance,147.9,0.1,3,Sensitive Glow,French Riviera
CUST-1400,18,Female,62314.45,Paris,2023-05-12,Skincare,164.35,0.0,2,Mature Luminosity,Streetwear Glam
CUST-1178,18,Female,97328.41,Dubai,2023-05-29,Haircare,133.11,0.2,2,Sensitive Glow,Streetwear Glam
CUST-1650,30,Male,52636.44,Dubai,2023-04-14,Fragrance,172.23,0.0,3,Mature Luminosity,Old Money Luxe
CUST-1739,40,Male,105683.06,Tokyo,2023-08-30,Makeup,137.2,0.1,1,Oily Clarity,French Riviera
CUST-1790,22,Female,97996.75,New York,2023-03-19,Skincare,190.16,0.0,1,Combination Balance,French Riviera
CUST-1719,26,Female,93652.35,New York,2023-01-18,Haircare,145.01,0.0,4,Mature Luminosity,Old Money Luxe
CUST-1441,34,Male,34120.06,Milan,2024-06-11,Haircare,42.25,0.0,2,Oily Clarity,Streetwear Glam
CUST-1591,36,Male,71511.45,London,2023-04-01,Haircare,132.84,0.0,1,Oily Clarity,Minimalist Chic
CUST-1176,29,Male,78414.79,London,2023-08-22,Makeup,131.48,0.05,3,Combination Balance,Streetwear Glam
CUST-2075,25,Female,108216.16,New York,2024-03-24,Skincare,160.87,0.0,4,Mature Luminosity,Streetwear Glam
CUST-1181,22,Female,93410.34,Paris,2024-04-12,Haircare,88.13,0.0,4,Combination Balance,Streetwear Glam
CUST-1358,29,Female,116666.58,Dubai,2024-01-29,Haircare,86.08,0.0,1,Mature Luminosity,Minimalist Chic
CUST-1408,25,Female,46937.89,London,2024-04-17,Haircare,168.64,0.0,4,Combination Balance,Quiet Luxury
CUST-2004,31,Male,77540.75,Paris,2023-08-03,Bath & Body,178.36,0.1,4,Mature Luminosity,French Riviera
CUST-2011,47,Male,47130.65,Dubai,2023-10-22,Haircare,179.14,0.05,1,Sensitive Glow,Old Money Luxe
CUST-1005,29,Female,99500.11,London,2023-11-25,Bath & Body,135.26,0.0,2,Combination Balance,Streetwear Glam
CUST-1254,43,Female,51372.28,Milan,2023-03-19,Bath & Body,107.41,0.0,4,Oily Clarity,Minimalist Chic
CUST-2007,18,Female,56631.42,Milan,2023-09-16,Makeup,110.28,0.1,1,Dry / Dehydrated,Old Money Luxe
CUST-1567,38,Female,106783.34,Tokyo,2024-03-27,Skincare,125.77,0.0,1,Mature Luminosity,French Riviera
CUST-2190,23,Female,22441.47,Tokyo,2023-08-05,Fragrance,171.88,0.0,1,Oily Clarity,French Riviera
CUST-1974,26,Female,70426.06,Milan,2023-02-06,Skincare,167.98,0.0,2,Combination Balance,Quiet Luxury
CUST-2178,28,Female,58105.25,Paris,2023-12-31,Bath & Body,125.81,0.05,3,Sensitive Glow,Quiet Luxury
CUST-1119,36,Female,60413.12,London,2023-02-01,Bath & Body,190.52,0.1,2,Oily Clarity,Minimalist Chic
CUST-1731,18,Female,96352.07,London,2023-03-18,Skincare,55.49,0.0,4,Combination Balance,French Riviera
CUST-1859,46,Male,70411.49,Milan,2023-06-05,Bath & Body,114.25,0.05,1,Dry / Dehydrated,French Riviera
CUST-1597,21,Female,91708.85,Dubai,2023-06-05,Skincare,207.56,0.0,1,Mature Luminosity,Minimalist Chic
CUST-1375,26,Female,84144.08,Los Angeles,2023-04-27,Skincare,178.16,0.0,2,Mature Luminosity,Minimalist Chic
CUST-2113,28,Female,46134.14,New York,2024-05-20,Bath & Body,66.72,0.1,1,Combination Balance,French Riviera
CUST-1742,18,Male,58001.59,Paris,2023-08-21,Fragrance,36.79,0.1,2,Mature Luminosity,French Riviera
CUST-1294,30,Female,60561.64,Paris,2023-10-30,Makeup,154.86,0.05,4,Mature Luminosity,French Riviera
CUST-1763,28,Female,63576.63,Los Angeles,2023-01-02,Haircare,71.64,0.0,3,Oily Clarity,French Riviera
CUST-1333,19,Male,33635.56,Paris,2024-02-25,Makeup,98.91,0.1,1,Sensitive Glow,Quiet Luxury
CUST-1452,20,Male,113309.51,Los Angeles,2024-05-18,Makeup,141.03,0.0,4,Mature Luminosity,Quiet Luxury
CUST-2076,29,Female,50905.99,Los Angeles,2023-10-08,Fragrance,248.85,0.1,2,Mature Luminosity,Old Money Luxe
CUST-1854,33,Female,72920.71,Tokyo,2023-07-27,Skincare,188.87,0.0,2,Dry / Dehydrated,Minimalist Chic
CUST-1035,49,Female,88439.85,Tokyo,2024-06-10,Bath & Body,113.57,0.1,1,Combination Balance,French Riviera
CUST-1284,44,Female,71855.94,Los Angeles,2023-04-15,Haircare,15.0,0.0,1,Mature Luminosity,Quiet Luxury
CUST-1700,30,Female,101257.99,London,2024-03-14,Bath & Body,89.45,0.0,4,Dry / Dehydrated,Old Money Luxe
CUST-1455,39,Female,54396.66,London,2023-07-30,Makeup,166.81,0.0,4,Sensitive Glow,French Riviera
CUST-1256,26,Female,85421.83,London,2023-06-05,Makeup,152.93,0.05,2,Dry / Dehydrated,Streetwear Glam
CUST-1228,34,Female,74115.18,Paris,2024-05-09,Skincare,114.16,0.1,2,Oily Clarity,Streetwear Glam
CUST-1087,40,Female,65164.43,London,2023-09-28,Skincare,239.15,0.2,2,Dry / Dehydrated,Quiet Luxury
CUST-1121,53,Female,81815.84,Tokyo,2023-01-30,Skincare,137.11,0.05,1,Combination Balance,Old Money Luxe
CUST-1135,20,Female,114188.81,New York,2023-08-31,Skincare,95.96,0.1,1,Dry / Dehydrated,Old Money Luxe
CUST-1420,43,Female,72621.3,Dubai,2024-03-01,Makeup,100.58,0.15,4,Sensitive Glow,French Riviera
CUST-1059,25,Female,101629.58,Paris,2023-04-05,Makeup,128.01,0.0,4,Combination Balance,Quiet Luxury
CUST-1712,20,Female,41923.71,New York,2024-02-16,Makeup,236.01,0.0,1,Mature Luminosity,Quiet Luxury
CUST-1495,38,Female,83663.18,Dubai,2024-04-20,Fragrance,69.58,0.05,2,Dry / Dehydrated,Old Money Luxe
CUST-2184,18,Female,79264.13,Los Angeles,2023-07-10,Skincare,118.26,0.1,4,Mature Luminosity,Minimalist Chic
CUST-1392,27,Female,67931.02,New York,2023-11-09,Makeup,63.96,0.0,3,Mature Luminosity,Old Money Luxe
CUST-1202,18,Female,56447.9,London,2024-05-15,Fragrance,127.0,0.0,4,Oily Clarity,French Riviera
CUST-1379,18,Female,51893.29,Tokyo,2024-02-24,Skincare,180.66,0.1,2,Sensitive Glow,French Riviera
CUST-1777,37,Male,52495.99,Tokyo,2023-01-14,Makeup,99.33,0.0,1,Mature Luminosity,Minimalist Chic
CUST-1834,33,Female,50854.12,Paris,2023-01-09,Bath & Body,86.31,0.15,3,Dry / Dehydrated,Streetwear Glam
CUST-1225,29,Female,96372.48,Dubai,2023-01-25,Makeup,90.25,0.0,4,Oily Clarity,French Riviera
CUST-1590,48,Female,65522.03,Dubai,2023-01-29,Skincare,92.78,0.15,4,Dry / Dehydrated,French Riviera
CUST-2011,23,Female,50518.69,Paris,2024-05-22,Haircare,119.44,0.0,3,Combination Balance,Streetwear Glam
CUST-1638,30,Female,70489.08,Milan,2023-04-07,Haircare,239.42,0.0,1,Sensitive Glow,Quiet Luxury
CUST-1834,46,Female,76422.28,New York,2024-05-20,Haircare,64.17,0.1,4,Sensitive Glow,Old Money Luxe
CUST-1974,59,Male,68711.2,Milan,2024-04-19,Bath & Body,23.72,0.0,3,Sensitive Glow,Old Money Luxe
CUST-2006,46,Female,82732.07,Milan,2024-04-13,Skincare,90.85,0.0,1,Oily Clarity,Streetwear Glam
CUST-2070,25,Male,96113.14,Milan,2023-09-14,Skincare,116.31,0.1,1,Dry / Dehydrated,Minimalist Chic
CUST-1808,39,Female,113488.6,Tokyo,2023-11-06,Fragrance,98.62,0.05,1,Dry / Dehydrated,Minimalist Chic
CUST-1132,32,Male,97292.51,New York,2023-11-24,Makeup,86.38,0.05,3,Combination Balance,Minimalist Chic
CUST-1827,35,Female,41409.39,Paris,2024-05-22,Makeup,157.06,0.0,3,Oily Clarity,Streetwear Glam
CUST-1570,24,Female,57249.61,Los Angeles,2023-01-23,Fragrance,126.5,0.15,4,Mature Luminosity,French Riviera
CUST-1819,21,Female,118125.96,New York,2023-08-17,Haircare,144.74,0.1,1,Mature Luminosity,Streetwear Glam
CUST-1992,34,Male,100809.73,Dubai,2023-12-22,Bath & Body,216.18,0.1,1,Sensitive Glow,Streetwear Glam
CUST-1221,22,Non-Binary,71863.49,Paris,2024-06-06,Bath & Body,53.14,0.15,3,Oily Clarity,Streetwear Glam
CUST-1472,29,Female,50068.38,Milan,2023-04-03,Makeup,96.81,0.0,4,Dry / Dehydrated,Old Money Luxe
CUST-1108,21,Non-Binary,83502.24,Los Angeles,2024-01-07,Skincare,91.01,0.0,4,Oily Clarity,Old Money Luxe
CUST-1366,42,Non-Binary,54837.19,Tokyo,2024-02-28,Fragrance,207.42,0.1,1,Combination Balance,Minimalist Chic
CUST-1620,18,Female,84438.64,Dubai,2024-04-19,Fragrance,193.23,0.0,4,Dry / Dehydrated,Old Money Luxe
CUST-2064,37,Female,88058.47,Los Angeles,2024-06-17,Haircare,71.41,0.15,3,Oily Clarity,Minimalist Chic
CUST-1601,19,Female,109786.45,Milan,2024-06-02,Haircare,109.39,0.1,2,Oily Clarity,Quiet Luxury
CUST-1535,27,Female,92316.05,Dubai,2023-10-23,Bath & Body,131.67,0.0,3,Mature Luminosity,Quiet Luxury
CUST-1036,23,Female,88016.72,Los Angeles,2024-04-07,Skincare,15.0,0.2,4,Oily Clarity,Old Money Luxe
CUST-1785,45,Male,24885.04,Tokyo,2023-08-05,Bath & Body,86.47,0.05,1,Oily Clarity,Streetwear Glam
CUST-1941,40,Female,139243.65,Paris,2023-09-17,Skincare,88.84,0.2,3,Sensitive Glow,Quiet Luxury
CUST-1620,41,Male,101424.31,Milan,2023-10-06,Makeup,101.38,0.0,2,Oily Clarity,Streetwear Glam
CUST-1275,49,Male,66923.11,New York,2023-07-05,Haircare,186.78,0.05,1,Oily Clarity,Old Money Luxe
CUST-2165,31,Female,69871.43,Milan,2024-04-07,Haircare,220.22,0.05,4,Mature Luminosity,Quiet Luxury
CUST-2171,23,Female,68951.79,Tokyo,2024-04-20,Haircare,40.57,0.0,3,Mature Luminosity,Minimalist Chic
CUST-2037,42,Male,106555.3,Paris,2024-03-10,Haircare,74.18,0.0,3,Combination Balance,Streetwear Glam
CUST-1773,32,Non-Binary,52834.38,Dubai,2023-07-23,Bath & Body,157.5,0.0,2,Combination Balance,French Riviera
CUST-1125,38,Male,83672.32,Paris,2023-02-17,Fragrance,71.79,0.0,1,Dry / Dehydrated,Minimalist Chic
CUST-1750,35,Female,95285.0,New York,2023-01-25,Fragrance,75.5,0.05,1,Dry / Dehydrated,French Riviera
CUST-1779,34,Female,63101.88,Paris,2023-10-01,Haircare,23.56,0.15,3,Combination Balance,French Riviera
CUST-1843,26,Female,55454.65,New York,2024-04-19,Skincare,126.07,0.0,2,Sensitive Glow,Minimalist Chic
CUST-1480,28,Female,108895.13,Milan,2024-04-25,Bath & Body,118.25,0.0,4,Mature Luminosity,Old Money Luxe
CUST-1134,22,Female,57676.58,Los Angeles,2023-07-24,Bath & Body,187.02,0.0,3,Dry / Dehydrated,French Riviera
CUST-1347,27,Female,97923.28,Paris,2023-12-13,Fragrance,132.83,0.0,4,Combination Balance,Old Money Luxe
CUST-1943,26,Female,81439.85,Milan,2024-03-03,Haircare,67.57,0.15,1,Mature Luminosity,Quiet Luxury
CUST-1862,29,Male,63933.31,New York,2024-06-20,Skincare,101.53,0.0,3,Oily Clarity,Quiet Luxury
CUST-1045,34,Female,77861.9,New York,2023-03-25,Haircare,114.57,0.0,1,Mature Luminosity,Streetwear Glam
CUST-1660,25,Female,64121.44,Dubai,2024-04-15,Skincare,120.48,0.0,1,Oily Clarity,Old Money Luxe
CUST-1421,30,Female,87981.51,New York,2023-05-05,Haircare,89.31,0.15,1,Mature Luminosity,French Riviera
CUST-1341,24,Male,115354.53,Dubai,2024-02-03,Bath & Body,121.52,0.0,4,Combination Balance,Streetwear Glam
CUST-1413,34,Female,76462.49,Tokyo,2023-06-20,Skincare,165.76,0.1,1,Mature Luminosity,Minimalist Chic
CUST-1588,26,Male,90530.84,New York,2023-04-17,Skincare,101.35,0.0,3,Combination Balance,Quiet Luxury
CUST-1823,37,Male,68785.26,Los Angeles,2023-12-15,Makeup,150.21,0.1,4,Mature Luminosity,Old Money Luxe
CUST-2184,52,Female,78151.75,Paris,2023-06-08,Fragrance,116.33,0.05,2,Combination Balance,French Riviera
CUST-1137,29,Non-Binary,98828.84,Dubai,2023-07-13,Fragrance,85.45,0.1,3,Oily Clarity,Streetwear Glam
CUST-1429,25,Female,127837.86,New York,2023-09-06,Skincare,193.86,0.2,3,Combination Balance,Quiet Luxury
CUST-1614,39,Female,82238.77,Tokyo,2023-05-18,Fragrance,79.75,0.05,2,Combination Balance,Minimalist Chic
CUST-1848,18,Female,81439.47,Tokyo,2024-06-21,Bath & Body,50.31,0.0,2,Mature Luminosity,Quiet Luxury
CUST-1928,27,Female,66023.91,Milan,2024-05-29,Fragrance,106.02,0.0,1,Sensitive Glow,Old Money Luxe
CUST-2057,27,Non-Binary,95728.73,Los Angeles,2023-08-15,Makeup,15.0,0.0,3,Mature Luminosity,Streetwear Glam
CUST-1436,21,Male,97555.51,Milan,2023-02-09,Haircare,182.39,0.0,1,Combination Balance,Quiet Luxury
CUST-1888,45,Female,128553.09,Dubai,2023-06-10,Skincare,63.83,0.1,4,Mature Luminosity,Minimalist Chic
CUST-1746,26,Female,98844.01,Tokyo,2023-08-22,Makeup,228.59,0.0,2,Sensitive Glow,Minimalist Chic
CUST-1614,20,Male,86044.02,Los Angeles,2024-06-13,Haircare,128.78,0.1,3,Oily Clarity,French Riviera
CUST-1131,30,Female,95503.59,Milan,2023-12-07,Makeup,96.61,0.1,1,Oily Clarity,French Riviera
CUST-1587,33,Non-Binary,84240.37,Milan,2023-08-07,Makeup,107.53,0.0,4,Combination Balance,Quiet Luxury
CUST-1483,35,Female,97223.92,Tokyo,2024-04-10,Makeup,92.48,0.0,3,Dry / Dehydrated,Minimalist Chic
CUST-1393,27,Male,125211.83,Paris,2023-08-13,Makeup,46.38,0.0,4,Combination Balance,Streetwear Glam
CUST-1994,39,Female,105535.59,Dubai,2023-03-08,Haircare,84.61,0.05,1,Oily Clarity,Old Money Luxe
CUST-1413,19,Female,130712.79,London,2023-11-16,Bath & Body,85.65,0.0,1,Sensitive Glow,Old Money Luxe
CUST-1529,38,Female,65600.41,Los Angeles,2023-05-15,Bath & Body,91.95,0.0,1,Mature Luminosity,Minimalist Chic
CUST-1086,41,Female,117057.1,Milan,2024-01-05,Haircare,110.81,0.0,2,Dry / Dehydrated,Old Money Luxe
CUST-1171,24,Female,36685.04,New York,2023-09-29,Fragrance,133.47,0.0,1,Combination Balance,Old Money Luxe
CUST-1833,35,Male,114704.35,New York,2024-01-11,Skincare,51.68,0.15,2,Oily Clarity,Minimalist Chic
CUST-1483,18,Non-Binary,106308.66,Paris,2023-05-09,Fragrance,176.82,0.0,3,Mature Luminosity,Old Money Luxe
CUST-2068,37,Female,66895.58,Milan,2023-05-09,Fragrance,15.0,0.0,3,Mature Luminosity,French Riviera
CUST-2016,44,Female,80440.7,Paris,2023-07-04,Makeup,240.92,0.0,3,Mature Luminosity,Old Money Luxe
CUST-1641,33,Female,90893.16,New York,2023-08-06,Fragrance,95.04,0.1,3,Oily Clarity,Minimalist Chic
CUST-1866,18,Non-Binary,42111.98,London,2023-03-22,Makeup,120.52,0.05,1,Dry / Dehydrated,Minimalist Chic
CUST-1438,33,Female,97296.94,New York,2024-05-29,Haircare,58.65,0.05,2,Oily Clarity,French Riviera
CUST-1114,25,Female,74349.66,Tokyo,2024-05-27,Fragrance,176.81,0.0,2,Combination Balance,Old Money Luxe
CUST-1648,22,Female,62617.15,Dubai,2024-01-18,Haircare,73.21,0.0,1,Oily Clarity,Minimalist Chic
CUST-1568,31,Female,33195.91,Los Angeles,2024-04-17,Makeup,108.52,0.15,1,Combination Balance,Streetwear Glam
CUST-1753,27,Female,70074.26,Los Angeles,2024-06-12,Bath & Body,124.57,0.05,1,Dry / Dehydrated,Quiet Luxury
CUST-1071,27,Male,82011.61,Los Angeles,2023-05-07,Skincare,87.37,0.0,1,Sensitive Glow,French Riviera
CUST-2131,34,Female,56838.72,Tokyo,2023-08-12,Bath & Body,61.75,0.0,2,Combination Balance,Old Money Luxe
CUST-2095,38,Female,93349.62,Los Angeles,2024-03-03,Makeup,29.09,0.2,3,Oily Clarity,Streetwear Glam
CUST-1016,18,Non-Binary,91883.08,Tokyo,2023-11-17,Bath & Body,200.84,0.0,1,Combination Balance,Old Money Luxe
CUST-1482,27,Female,89793.04,New York,2024-01-28,Makeup,178.09,0.05,2,Sensitive Glow,Streetwear Glam
CUST-1649,21,Male,105487.33,Los Angeles,2024-01-11,Haircare,192.68,0.05,3,Dry / Dehydrated,French Riviera
CUST-1164,25,Female,82097.78,Los Angeles,2023-06-16,Haircare,119.65,0.0,2,Oily Clarity,Streetwear Glam
CUST-1681,45,Female,86910.83,Milan,2024-05-23,Haircare,62.86,0.15,2,Dry / Dehydrated,Minimalist Chic
CUST-1534,18,Non-Binary,33144.32,Dubai,2023-08-07,Skincare,109.62,0.15,1,Combination Balance,Streetwear Glam
CUST-2121,29,Female,55075.33,Milan,2024-03-03,Bath & Body,126.2,0.0,3,Oily Clarity,Old Money Luxe
CUST-1106,38,Female,89676.44,Milan,2024-01-13,Makeup,120.33,0.0,1,Oily Clarity,Minimalist Chic
CUST-1006,20,Female,108625.47,Tokyo,2024-06-18,Makeup,176.57,0.0,3,Combination Balance,French Riviera
CUST-2179,20,Female,86367.61,Paris,2023-08-12,Skincare,116.69,0.0,4,Sensitive Glow,Minimalist Chic
CUST-2057,37,Female,34556.77,Milan,2023-02-21,Makeup,170.34,0.0,1,Mature Luminosity,Streetwear Glam
CUST-1654,45,Female,97675.45,Tokyo,2024-02-27,Haircare,145.84,0.0,2,Sensitive Glow,French Riviera
CUST-1355,31,Female,79004.83,Milan,2023-08-30,Fragrance,78.21,0.0,4,Combination Balance,French Riviera
CUST-1406,35,Female,64122.33,Paris,2024-06-26,Haircare,151.22,0.0,3,Combination Balance,Minimalist Chic
CUST-1805,37,Female,91274.14,Tokyo,2024-02-08,Fragrance,114.1,0.1,1,Sensitive Glow,Old Money Luxe
CUST-1047,20,Female,78268.58,Dubai,2023-04-15,Fragrance,92.95,0.0,4,Sensitive Glow,Old Money Luxe
CUST-1947,19,Female,81141.72,London,2023-02-08,Bath & Body,140.55,0.05,3,Sensitive Glow,Old Money Luxe
CUST-1821,39,Female,69128.42,Dubai,2023-05-09,Haircare,100.03,0.05,4,Mature Luminosity,French Riviera
CUST-1305,35,Male,93795.2,Paris,2024-04-04,Bath & Body,147.79,0.0,2,Sensitive Glow,Quiet Luxury
CUST-1240,32,Female,107532.58,Paris,2024-01-18,Fragrance,30.07,0.1,1,Oily Clarity,Streetwear Glam
CUST-2012,51,Female,132409.58,Paris,2024-02-07,Makeup,49.79,0.05,3,Sensitive Glow,Minimalist Chic
CUST-1545,41,Non-Binary,68290.72,New York,2023-10-26,Haircare,137.83,0.2,2,Oily Clarity,Minimalist Chic
CUST-1883,41,Male,102855.83,Los Angeles,2023-08-09,Makeup,211.67,0.15,4,Mature Luminosity,Minimalist Chic
CUST-1579,36,Female,33713.89,Milan,2023-09-24,Makeup,221.02,0.05,3,Oily Clarity,Minimalist Chic
CUST-1836,29,Female,73918.01,Los Angeles,2023-08-30,Makeup,67.42,0.0,4,Dry / Dehydrated,French Riviera
CUST-1536,18,Female,59727.22,London,2023-07-28,Fragrance,100.65,0.05,1,Oily Clarity,Minimalist Chic
CUST-1757,34,Female,46232.2,Dubai,2023-07-08,Haircare,62.67,0.1,2,Dry / Dehydrated,Old Money Luxe
CUST-1960,18,Male,24974.64,London,2023-08-30,Bath & Body,162.19,0.0,2,Oily Clarity,Minimalist Chic
CUST-1785,37,Male,104006.46,Milan,2023-11-28,Haircare,102.66,0.05,1,Mature Luminosity,French Riviera
CUST-1149,46,Female,100619.35,Paris,2023-05-27,Fragrance,178.43,0.0,2,Dry / Dehydrated,Old Money Luxe
CUST-1681,18,Female,26147.37,London,2024-06-17,Haircare,116.54,0.1,3,Combination Balance,Quiet Luxury
CUST-1093,25,Female,74272.2,Paris,2023-02-24,Bath & Body,103.28,0.0,2,Mature Luminosity,Quiet Luxury
CUST-1780,34,Female,104067.38,New York,2023-10-03,Haircare,129.32,0.05,2,Combination Balance,Minimalist Chic
CUST-2145,18,Non-Binary,88893.55,Paris,2024-03-02,Fragrance,222.7,0.1,4,Sensitive Glow,French Riviera
CUST-1347,19,Male,112481.91,Dubai,2023-06-30,Haircare,99.83,0.2,1,Combination Balance,Streetwear Glam
CUST-1270,40,Female,95726.63,Paris,2023-05-13,Bath & Body,134.15,0.0,2,Mature Luminosity,Streetwear Glam
CUST-1290,24,Female,46250.86,New York,2023-03-26,Skincare,113.85,0.05,2,Combination Balance,Old Money Luxe
CUST-1261,35,Female,104531.78,Tokyo,2023-07-02,Bath & Body,126.27,0.0,1,Combination Balance,Streetwear Glam
CUST-1579,47,Female,110147.69,New York,2024-06-20,Fragrance,85.23,0.1,1,Combination Balance,Quiet Luxury
CUST-1641,18,Female,94526.99,Tokyo,2023-01-26,Makeup,15.0,0.0,4,Combination Balance,Streetwear Glam
CUST-1309,42,Female,110350.73,Dubai,2023-03-28,Haircare,130.92,0.1,1,Dry / Dehydrated,Minimalist Chic
CUST-1304,41,Female,69220.93,Paris,2024-01-04,Makeup,160.68,0.1,2,Sensitive Glow,Old Money Luxe
CUST-1963,31,Female,76175.86,New York,2023-06-04,Makeup,132.09,0.0,1,Oily Clarity,Streetwear Glam
CUST-1237,22,Female,69704.22,Tokyo,2023-09-16,Skincare,83.01,0.1,2,Oily Clarity,French Riviera
CUST-2148,46,Female,101098.92,Tokyo,2023-06-19,Haircare,221.7,0.0,3,Oily Clarity,Old Money Luxe
CUST-1303,36,Female,80722.62,Paris,2023-04-22,Bath & Body,82.6,0.0,3,Dry / Dehydrated,Minimalist Chic
CUST-1581,38,Female,90162.46,London,2023-02-11,Makeup,97.05,0.05,4,Mature Luminosity,French Riviera
CUST-2153,53,Female,135009.96,Milan,2024-03-11,Fragrance,156.83,0.15,2,Sensitive Glow,Quiet Luxury
CUST-1008,40,Female,100700.54,Dubai,2024-02-12,Fragrance,120.74,0.1,1,Sensitive Glow,Streetwear Glam
CUST-1157,35,Female,91266.69,London,2023-09-03,Haircare,141.3,0.15,3,Dry / Dehydrated,French Riviera
CUST-1053,56,Female,61948.93,New York,2024-02-01,Skincare,109.16,0.0,4,Oily Clarity,French Riviera
CUST-1217,27,Female,83531.2,Los Angeles,2023-06-18,Bath & Body,103.77,0.0,1,Sensitive Glow,Old Money Luxe
CUST-1166,39,Female,47560.27,Tokyo,2023-06-09,Haircare,111.5,0.15,2,Oily Clarity,French Riviera
CUST-1011,29,Female,33706.22,New York,2023-06-16,Skincare,121.72,0.0,3,Mature Luminosity,Streetwear Glam
CUST-1665,25,Female,124809.14,Milan,2023-01-31,Fragrance,170.07,0.1,2,Sensitive Glow,Minimalist Chic
CUST-1099,27,Female,79344.23,Los Angeles,2024-06-07,Bath & Body,77.46,0.0,2,Combination Balance,Old Money Luxe
CUST-1144,27,Female,60455.1,Dubai,2023-08-27,Fragrance,111.57,0.15,2,Oily Clarity,Old Money Luxe
CUST-1816,21,Female,84017.23,New York,2024-01-15,Makeup,172.97,0.1,3,Sensitive Glow,Streetwear Glam
CUST-1182,50,Female,88834.11,Paris,2023-08-08,Makeup,103.37,0.0,4,Sensitive Glow,Streetwear Glam
CUST-1824,26,Female,32384.45,New York,2023-09-11,Makeup,115.84,0.1,2,Dry / Dehydrated,French Riviera
CUST-2005,30,Female,79232.2,Los Angeles,2023-10-30,Haircare,109.78,0.0,2,Combination Balance,Quiet Luxury
CUST-1268,46,Female,90463.91,New York,2023-10-12,Skincare,219.28,0.0,1,Combination Balance,Quiet Luxury
CUST-1409,29,Female,78109.62,Tokyo,2023-12-27,Haircare,78.59,0.15,4,Oily Clarity,Streetwear Glam
CUST-1549,33,Female,81546.52,Dubai,2024-06-19,Fragrance,181.71,0.0,3,Oily Clarity,Old Money Luxe
CUST-1865,20,Female,85838.54,Los Angeles,2023-03-26,Bath & Body,108.87,0.0,4,Mature Luminosity,Minimalist Chic
CUST-1889,18,Male,94990.09,Milan,2023-10-16,Haircare,179.6,0.05,1,Dry / Dehydrated,Old Money Luxe
CUST-2051,29,Female,85843.74,New York,2023-12-01,Haircare,130.78,0.0,1,Sensitive Glow,Minimalist Chic
CUST-2014,28,Female,69869.67,Dubai,2023-08-16,Fragrance,108.6,0.0,1,Dry / Dehydrated,French Riviera
CUST-1958,41,Male,67240.1,Tokyo,2023-06-14,Skincare,87.16,0.0,3,Oily Clarity,French Riviera
CUST-1304,21,Female,109386.49,London,2023-02-21,Bath & Body,149.77,0.05,4,Sensitive Glow,Quiet Luxury
CUST-1875,22,Male,40455.77,New York,2023-11-06,Fragrance,158.5,0.0,2,Dry / Dehydrated,Quiet Luxury
CUST-1156,47,Female,43926.67,Paris,2024-01-11,Fragrance,104.43,0.15,3,Dry / Dehydrated,Quiet Luxury
CUST-1870,34,Female,34352.7,Tokyo,2023-12-31,Skincare,118.44,0.0,2,Oily Clarity,Quiet Luxury
CUST-1518,35,Female,89072.77,New York,2023-01-27,Bath & Body,114.63,0.1,3,Mature Luminosity,Old Money Luxe
CUST-2031,49,Female,26030.66,Paris,2023-08-03,Skincare,127.42,0.0,4,Oily Clarity,Minimalist Chic
CUST-1373,28,Female,116169.8,Los Angeles,2024-06-26,Haircare,111.09,0.05,3,Dry / Dehydrated,Old Money Luxe
CUST-1852,33,Female,75066.25,Milan,2023-01-23,Bath & Body,59.18,0.0,4,Combination Balance,Quiet Luxury
CUST-1931,26,Female,94040.02,Los Angeles,2023-11-02,Haircare,97.6,0.2,2,Mature Luminosity,French Riviera
CUST-1699,23,Male,80362.42,Los Angeles,2023-07-25,Makeup,62.55,0.05,4,Sensitive Glow,Minimalist Chic
CUST-1160,50,Female,59626.4,Milan,2024-04-11,Fragrance,78.74,0.15,3,Combination Balance,Old Money Luxe
CUST-1888,30,Female,45910.53,Dubai,2023-01-30,Skincare,128.56,0.15,2,Dry / Dehydrated,Streetwear Glam
CUST-1238,31,Female,99593.39,Paris,2024-01-25,Makeup,108.35,0.05,3,Oily Clarity,Streetwear Glam
CUST-1829,37,Female,105302.27,Los Angeles,2023-11-05,Fragrance,45.34,0.0,4,Oily Clarity,French Riviera
CUST-1738,30,Male,113090.05,Milan,2023-09-04,Haircare,86.85,0.05,3,Combination Balance,Old Money Luxe
CUST-1256,32,Female,57568.91,London,2023-02-03,Skincare,250.08,0.15,1,Sensitive Glow,Old Money Luxe
CUST-1032,45,Female,93419.08,Milan,2024-01-21,Makeup,150.94,0.05,4,Dry / Dehydrated,Minimalist Chic
CUST-1985,28,Female,70054.08,Milan,2024-04-02,Makeup,90.24,0.0,1,Sensitive Glow,Streetwear Glam
CUST-2103,36,Female,72235.99,London,2024-01-15,Skincare,211.58,0.0,4,Combination Balance,Streetwear Glam
CUST-1303,19,Female,43538.05,Tokyo,2024-01-24,Haircare,138.6,0.0,1,Dry / Dehydrated,Old Money Luxe
CUST-1340,28,Male,84628.43,London,2024-01-03,Haircare,188.31,0.05,4,Oily Clarity,Streetwear Glam
CUST-1040,31,Non-Binary,104915.68,Los Angeles,2023-08-09,Haircare,195.81,0.0,3,Mature Luminosity,Minimalist Chic
CUST-1412,18,Male,65987.69,New York,2023-02-13,Fragrance,49.84,0.15,3,Oily Clarity,Old Money Luxe
CUST-1683,40,Female,20000.0,Paris,2023-04-29,Skincare,179.37,0.0,4,Oily Clarity,Streetwear Glam
CUST-2015,37,Female,106159.03,Milan,2024-03-13,Fragrance,56.27,0.1,3,Mature Luminosity,Quiet Luxury
CUST-1595,41,Female,76745.46,Paris,2023-01-15,Haircare,166.9,0.05,4,Oily Clarity,Streetwear Glam
CUST-2051,38,Female,88165.06,Dubai,2023-07-24,Fragrance,164.38,0.05,4,Oily Clarity,Minimalist Chic
CUST-1124,35,Female,101261.46,Dubai,2023-10-25,Skincare,87.9,0.1,4,Oily Clarity,Quiet Luxury
CUST-1646,18,Female,20000.0,Dubai,2023-10-20,Skincare,204.81,0.2,4,Combination Balance,Streetwear Glam
CUST-1969,48,Female,62004.15,Paris,2024-04-21,Haircare,53.38,0.05,2,Mature Luminosity,French Riviera
CUST-1918,38,Male,67054.24,Milan,2023-04-23,Haircare,127.58,0.0,3,Dry / Dehydrated,Minimalist Chic
CUST-1589,32,Female,41207.31,Milan,2023-11-09,Makeup,154.29,0.15,1,Oily Clarity,French Riviera
CUST-1897,29,Female,54928.37,London,2023-09-14,Fragrance,121.74,0.0,4,Sensitive Glow,Quiet Luxury
CUST-1694,39,Male,85018.43,Dubai,2023-04-26,Haircare,98.67,0.2,2,Sensitive Glow,French Riviera
CUST-1799,30,Male,59923.35,Tokyo,2024-04-17,Bath & Body,84.96,0.15,3,Oily Clarity,Minimalist Chic
CUST-1424,34,Female,42903.65,New York,2023-10-02,Skincare,186.87,0.0,1,Oily Clarity,Minimalist Chic
CUST-1354,39,Non-Binary,51565.09,London,2023-11-26,Makeup,78.61,0.05,3,Mature Luminosity,Streetwear Glam
CUST-1206,52,Female,98132.33,Los Angeles,2023-05-09,Haircare,99.94,0.0,2,Oily Clarity,French Riviera
CUST-1480,18,Female,48844.85,London,2024-04-29,Fragrance,60.64,0.0,3,Dry / Dehydrated,Old Money Luxe
CUST-1734,42,Female,86144.0,New York,2023-08-20,Bath & Body,215.37,0.2,4,Sensitive Glow,Minimalist Chic
CUST-2031,22,Female,48173.73,Paris,2023-05-08,Skincare,144.04,0.05,2,Combination Balance,Streetwear Glam
CUST-1233,30,Female,92846.94,Dubai,2023-10-19,Makeup,124.95,0.0,3,Dry / Dehydrated,Quiet Luxury
CUST-1458,26,Female,45325.34,Tokyo,2023-08-21,Bath & Body,105.41,0.0,4,Combination Balance,French Riviera
CUST-1095,48,Female,112227.28,Los Angeles,2024-05-19,Fragrance,161.58,0.05,1,Combination Balance,Minimalist Chic
CUST-2055,33,Male,97994.78,Dubai,2023-09-07,Skincare,65.21,0.0,3,Dry / Dehydrated,Streetwear Glam
CUST-1936,50,Female,71241.79,Los Angeles,2024-02-11,Skincare,130.0,0.05,1,Dry / Dehydrated,Quiet Luxury
CUST-1208,31,Female,48747.41,Los Angeles,2023-07-08,Fragrance,97.11,0.0,1,Dry / Dehydrated,Quiet Luxury
CUST-1215,27,Non-Binary,24957.35,London,2023-02-18,Skincare,87.44,0.0,3,Sensitive Glow,French Riviera
CUST-1321,22,Female,42225.73,Milan,2023-03-18,Bath & Body,198.43,0.15,3,Oily Clarity,Quiet Luxury
CUST-2020,30,Female,65511.26,Milan,2023-07-20,Skincare,117.8,0.1,4,Sensitive Glow,French Riviera
CUST-1685,23,Female,107736.41,Los Angeles,2023-12-21,Makeup,174.83,0.15,3,Dry / Dehydrated,Minimalist Chic
CUST-1899,22,Female,78098.95,Tokyo,2023-03-05,Skincare,207.9,0.0,2,Sensitive Glow,Streetwear Glam
CUST-1699,37,Female,40763.41,New York,2024-03-29,Fragrance,208.24,0.05,2,Sensitive Glow,Old Money Luxe
CUST-1544,26,Female,92310.81,New York,2024-05-24,Haircare,31.23,0.0,4,Combination Balance,Minimalist Chic
CUST-1310,18,Female,95528.49,Los Angeles,2024-04-27,Fragrance,273.06,0.0,4,Oily Clarity,Minimalist Chic
CUST-1282,30,Female,71334.21,Los Angeles,2023-09-02,Haircare,237.46,0.05,2,Oily Clarity,Streetwear Glam
CUST-1939,41,Male,97232.15,Los Angeles,2023-01-13,Fragrance,124.03,0.0,2,Combination Balance,Old Money Luxe
CUST-1906,41,Female,86893.73,London,2023-05-13,Skincare,163.74,0.0,2,Mature Luminosity,Old Money Luxe
CUST-1173,38,Female,88539.07,New York,2024-06-17,Bath & Body,123.14,0.0,2,Oily Clarity,Minimalist Chic
CUST-1888,26,Female,70082.68,Paris,2023-07-22,Haircare,27.2,0.2,2,Dry / Dehydrated,Minimalist Chic
CUST-2176,18,Female,78019.76,Paris,2023-09-01,Fragrance,82.5,0.05,1,Combination Balance,Streetwear Glam
CUST-1823,36,Non-Binary,58280.83,Milan,2023-08-06,Fragrance,172.07,0.0,3,Combination Balance,French Riviera
CUST-1704,18,Female,37733.39,Paris,2023-12-06,Bath & Body,131.14,0.05,2,Mature Luminosity,Quiet Luxury
CUST-1300,27,Female,63527.52,Milan,2024-02-05,Haircare,23.63,0.05,2,Oily Clarity,Minimalist Chic
CUST-2114,28,Female,63434.23,Dubai,2023-06-05,Fragrance,104.17,0.15,1,Oily Clarity,French Riviera
CUST-1828,37,Female,33374.92,Los Angeles,2024-06-25,Makeup,78.68,0.15,1,Combination Balance,Old Money Luxe
CUST-1075,21,Female,87168.54,Dubai,2024-04-01,Bath & Body,129.87,0.0,1,Oily Clarity,Minimalist Chic
CUST-2065,18,Female,48782.83,Dubai,2024-01-26,Bath & Body,219.68,0.0,2,Sensitive Glow,Old Money Luxe
CUST-2047,22,Female,26413.92,Dubai,2023-03-17,Bath & Body,84.69,0.0,2,Mature Luminosity,French Riviera
CUST-1327,19,Male,65891.13,Paris,2023-12-05,Skincare,90.85,0.0,3,Mature Luminosity,Quiet Luxury
CUST-1529,23,Female,82652.56,London,2024-06-27,Bath & Body,121.36,0.0,2,Oily Clarity,Quiet Luxury
CUST-1226,47,Female,93712.06,Milan,2023-12-12,Skincare,140.93,0.05,1,Combination Balance,French Riviera
CUST-2039,18,Female,90169.9,New York,2023-03-20,Skincare,149.14,0.1,1,Dry / Dehydrated,Old Money Luxe
CUST-1919,33,Female,35758.17,New York,2024-05-03,Fragrance,126.35,0.0,2,Dry / Dehydrated,Streetwear Glam
CUST-1694,22,Female,57356.11,London,2023-10-21,Fragrance,106.97,0.05,4,Mature Luminosity,Quiet Luxury
CUST-1478,35,Female,102682.95,New York,2023-11-14,Bath & Body,153.09,0.15,3,Combination Balance,Quiet Luxury
CUST-1286,53,Female,65208.23,Milan,2023-03-06,Haircare,25.87,0.0,4,Mature Luminosity,Minimalist Chic
CUST-1215,31,Female,73039.24,New York,2023-03-30,Fragrance,170.26,0.05,1,Mature Luminosity,Minimalist Chic
CUST-1739,31,Male,42033.95,Tokyo,2023-02-10,Skincare,61.17,0.05,3,Sensitive Glow,Streetwear Glam
CUST-1843,30,Female,106437.19,Paris,2024-04-21,Skincare,176.1,0.0,1,Dry / Dehydrated,Streetwear Glam
CUST-1266,45,Female,64130.13,Tokyo,2023-04-08,Makeup,160.78,0.0,1,Oily Clarity,Old Money Luxe
CUST-1756,31,Male,70060.14,Milan,2023-12-20,Fragrance,153.62,0.0,3,Oily Clarity,Quiet Luxury
CUST-2144,50,Female,76727.13,Dubai,2023-11-04,Haircare,15.0,0.15,1,Combination Balance,Quiet Luxury
CUST-2021,35,Female,54715.72,Milan,2024-03-04,Haircare,155.36,0.05,2,Oily Clarity,Streetwear Glam
CUST-1853,25,Female,38142.67,Los Angeles,2024-01-03,Makeup,68.21,0.05,1,Sensitive Glow,Quiet Luxury
CUST-1260,30,Male,109090.18,Tokyo,2023-06-26,Haircare,98.08,0.0,2,Sensitive Glow,Quiet Luxury
CUST-2083,38,Female,97641.15,Paris,2024-02-25,Makeup,127.62,0.2,1,Oily Clarity,Streetwear Glam
CUST-1066,52,Female,84869.26,Milan,2023-11-04,Makeup,119.41,0.0,1,Mature Luminosity,French Riviera
CUST-1243,23,Male,100211.76,Dubai,2023-06-10,Haircare,185.01,0.1,3,Dry / Dehydrated,Old Money Luxe
CUST-1756,35,Male,117993.94,Dubai,2023-12-01,Bath & Body,89.17,0.1,4,Dry / Dehydrated,Quiet Luxury
CUST-1313,44,Female,114424.71,Paris,2024-05-19,Bath & Body,166.3,0.0,4,Combination Balance,French Riviera
CUST-1621,35,Female,80993.37,New York,2024-03-28,Haircare,141.85,0.05,4,Dry / Dehydrated,Minimalist Chic
CUST-1291,30,Female,77170.29,Los Angeles,2024-05-15,Fragrance,208.87,0.1,1,Oily Clarity,Old Money Luxe
CUST-1624,37,Male,63321.48,New York,2023-08-24,Makeup,158.22,0.1,1,Sensitive Glow,Streetwear Glam
CUST-1004,35,Male,53606.44,Paris,2024-04-13,Fragrance,60.7,0.0,1,Combination Balance,Old Money Luxe
CUST-1091,30,Female,82143.5,Tokyo,2023-10-25,Haircare,145.12,0.0,3,Mature Luminosity,French Riviera
CUST-2158,35,Female,91270.57,Tokyo,2024-02-14,Bath & Body,186.86,0.1,3,Oily Clarity,Streetwear Glam
CUST-1271,36,Female,108818.98,Los Angeles,2023-08-20,Makeup,179.91,0.0,4,Mature Luminosity,Streetwear Glam
CUST-1921,29,Non-Binary,62863.97,Milan,2024-02-12,Haircare,64.53,0.1,3,Sensitive Glow,French Riviera
CUST-1182,44,Female,77644.26,Los Angeles,2024-02-19,Fragrance,103.41,0.0,1,Mature Luminosity,Streetwear Glam
CUST-1793,18,Female,66112.71,London,2023-06-05,Haircare,17.27,0.0,1,Combination Balance,Quiet Luxury
CUST-1093,42,Female,69794.87,Milan,2024-04-22,Haircare,80.61,0.1,4,Combination Balance,Old Money Luxe
CUST-1339,34,Female,47583.69,Milan,2023-03-04,Skincare,158.15,0.0,3,Mature Luminosity,French Riviera
CUST-2149,45,Female,63632.15,Milan,2023-11-20,Skincare,68.77,0.05,3,Mature Luminosity,Old Money Luxe
CUST-1394,40,Female,123656.09,Dubai,2023-04-28,Fragrance,151.67,0.15,4,Mature Luminosity,Old Money Luxe
CUST-2167,36,Female,66321.45,Dubai,2023-04-08,Makeup,97.48,0.0,1,Oily Clarity,Quiet Luxury
CUST-1038,27,Male,105450.57,Paris,2024-02-07,Fragrance,171.73,0.0,4,Sensitive Glow,Old Money Luxe
CUST-1563,21,Female,69523.41,Los Angeles,2023-08-02,Makeup,135.08,0.0,1,Sensitive Glow,Quiet Luxury
CUST-1909,29,Female,94381.05,Paris,2023-01-19,Fragrance,136.21,0.1,4,Mature Luminosity,French Riviera
CUST-1822,24,Male,67247.1,Dubai,2023-11-07,Skincare,172.19,0.15,3,Oily Clarity,Old Money Luxe
CUST-1696,41,Female,116812.35,Tokyo,2024-04-12,Makeup,188.97,0.0,2,Oily Clarity,Old Money Luxe
CUST-2081,23,Female,103215.08,New York,2023-07-03,Haircare,188.01,0.2,3,Combination Balance,Old Money Luxe
CUST-1234,31,Female,71340.48,Paris,2023-12-09,Fragrance,150.93,0.1,3,Sensitive Glow,French Riviera
CUST-1294,23,Female,79984.5,London,2023-03-19,Bath & Body,161.99,0.0,4,Dry / Dehydrated,Minimalist Chic
CUST-1628,35,Female,55806.55,Tokyo,2023-07-12,Makeup,81.92,0.0,2,Dry / Dehydrated,Quiet Luxury
CUST-1666,45,Female,21803.86,London,2024-02-21,Skincare,113.56,0.0,3,Dry / Dehydrated,French Riviera
CUST-1798,18,Female,112707.77,Paris,2024-03-18,Bath & Body,69.99,0.0,1,Sensitive Glow,Streetwear Glam
CUST-1663,28,Female,93299.1,New York,2023-01-21,Haircare,118.37,0.1,4,Dry / Dehydrated,Old Money Luxe
CUST-1414,20,Female,74520.99,London,2023-08-02,Fragrance,93.79,0.0,4,Mature Luminosity,Minimalist Chic
CUST-2009,38,Male,101866.73,Dubai,2023-07-01,Fragrance,93.7,0.15,4,Oily Clarity,Old Money Luxe
CUST-1551,33,Female,77451.45,Paris,2023-07-21,Bath & Body,165.63,0.05,4,Oily Clarity,Quiet Luxury
CUST-1833,38,Female,47484.09,Paris,2023-03-01,Haircare,114.5,0.0,4,Dry / Dehydrated,Streetwear Glam
CUST-1478,22,Female,96966.37,Paris,2024-04-16,Bath & Body,187.43,0.05,2,Mature Luminosity,Quiet Luxury
CUST-1207,52,Female,109076.21,London,2023-10-06,Fragrance,116.41,0.0,4,Sensitive Glow,French Riviera
CUST-2163,34,Female,56470.93,Tokyo,2023-08-22,Haircare,160.39,0.05,2,Dry / Dehydrated,Quiet Luxury
CUST-1416,30,Female,100840.71,Los Angeles,2023-07-18,Makeup,148.33,0.15,2,Combination Balance,Quiet Luxury
CUST-1344,28,Female,68530.89,Los Angeles,2023-07-05,Makeup,95.15,0.2,2,Mature Luminosity,Streetwear Glam
CUST-2136,51,Female,70592.29,Tokyo,2024-06-18,Skincare,122.5,0.0,2,Dry / Dehydrated,Streetwear Glam
CUST-1592,25,Female,103227.86,Milan,2023-11-14,Makeup,117.91,0.0,1,Dry / Dehydrated,Old Money Luxe
CUST-1987,22,Non-Binary,138987.2,New York,2023-12-01,Fragrance,189.32,0.0,1,Combination Balance,Streetwear Glam
CUST-1719,31,Male,122083.35,Los Angeles,2024-04-07,Makeup,39.15,0.1,2,Mature Luminosity,Quiet Luxury
CUST-1576,20,Female,68042.24,Paris,2023-09-08,Makeup,101.4,0.0,2,Mature Luminosity,Quiet Luxury
CUST-1143,34,Male,60973.73,New York,2023-09-02,Skincare,107.46,0.0,4,Oily Clarity,Old Money Luxe
CUST-1286,26,Female,87772.58,Milan,2023-06-12,Fragrance,88.66,0.0,3,Combination Balance,Streetwear Glam
CUST-1431,20,Female,69482.54,Dubai,2024-02-12,Fragrance,66.69,0.0,3,Combination Balance,French Riviera
CUST-1535,28,Male,69820.96,Los Angeles,2023-06-15,Haircare,183.5,0.0,2,Combination Balance,Minimalist Chic
CUST-1658,44,Non-Binary,104054.78,New York,2023-04-08,Makeup,165.06,0.0,2,Oily Clarity,Quiet Luxury
CUST-1672,23,Female,55758.34,Paris,2024-02-04,Makeup,136.0,0.0,1,Dry / Dehydrated,Quiet Luxury
CUST-1975,18,Female,88513.0,Paris,2023-12-11,Skincare,151.43,0.15,2,Sensitive Glow,Streetwear Glam
CUST-2138,23,Male,74479.01,Milan,2023-01-04,Haircare,192.86,0.0,1,Oily Clarity,Quiet Luxury
CUST-1166,37,Male,53718.83,Los Angeles,2023-01-17,Skincare,80.14,0.0,1,Mature Luminosity,Old Money Luxe
CUST-1911,22,Female,91498.26,Milan,2024-06-28,Skincare,76.96,0.1,3,Combination Balance,Streetwear Glam
CUST-1733,21,Male,43872.98,Tokyo,2024-03-25,Makeup,143.46,0.0,2,Dry / Dehydrated,Old Money Luxe
CUST-1947,32,Female,63546.39,New York,2024-03-31,Makeup,164.08,0.0,4,Oily Clarity,Old Money Luxe
CUST-1453,29,Male,20000.0,Milan,2023-07-05,Skincare,63.37,0.1,3,Combination Balance,French Riviera
CUST-1392,53,Female,70857.97,Paris,2023-12-14,Fragrance,116.68,0.0,1,Combination Balance,Minimalist Chic
CUST-1479,31,Female,76478.44,Tokyo,2023-04-28,Bath & Body,85.2,0.0,3,Dry / Dehydrated,French Riviera
CUST-2009,59,Male,94881.68,Milan,2024-04-17,Fragrance,83.03,0.0,3,Sensitive Glow,Old Money Luxe
CUST-1401,50,Male,68073.13,Los Angeles,2023-02-27,Haircare,116.44,0.1,1,Dry / Dehydrated,French Riviera
CUST-2165,34,Female,68810.79,Dubai,2023-06-17,Haircare,100.53,0.05,1,Sensitive Glow,Quiet Luxury
CUST-1396,18,Male,20000.0,Milan,2023-08-09,Fragrance,152.99,0.0,3,Mature Luminosity,Quiet Luxury
CUST-1359,35,Female,89733.43,Paris,2023-05-08,Fragrance,173.26,0.0,4,Sensitive Glow,Old Money Luxe
CUST-1260,38,Female,57676.07,New York,2023-12-29,Fragrance,171.3,0.05,2,Sensitive Glow,Quiet Luxury
CUST-1561,22,Female,50686.5,London,2023-01-08,Skincare,66.88,0.05,3,Mature Luminosity,Quiet Luxury
CUST-1517,29,Female,80961.75,Milan,2023-07-31,Fragrance,149.4,0.0,2,Oily Clarity,Old Money Luxe
CUST-1874,38,Female,86868.55,Milan,2024-05-29,Skincare,138.88,0.05,1,Combination Balance,Streetwear Glam
CUST-1833,30,Female,66135.23,New York,2023-08-04,Skincare,92.72,0.1,1,Mature Luminosity,Streetwear Glam
CUST-2014,18,Male,82491.8,New York,2023-06-22,Fragrance,99.7,0.1,2,Dry / Dehydrated,Minimalist Chic
CUST-1096,37,Female,73296.08,New York,2024-02-05,Haircare,169.98,0.1,4,Mature Luminosity,Streetwear Glam
CUST-1647,31,Female,94469.36,Paris,2024-03-12,Haircare,90.27,0.05,4,Sensitive Glow,French Riviera
CUST-1167,27,Female,31206.1,Dubai,2023-11-18,Skincare,176.44,0.15,3,Sensitive Glow,Streetwear Glam
CUST-1152,20,Non-Binary,85821.26,London,2023-08-17,Makeup,175.54,0.0,2,Sensitive Glow,French Riviera
CUST-1636,39,Female,73602.59,Paris,2024-01-07,Skincare,116.07,0.0,2,Dry / Dehydrated,Streetwear Glam
CUST-1884,30,Male,56314.27,Los Angeles,2023-10-03,Skincare,53.4,0.0,1,Mature Luminosity,French Riviera
CUST-1512,45,Male,38934.11,London,2024-03-22,Skincare,124.98,0.05,2,Oily Clarity,Minimalist Chic
CUST-1697,25,Male,89338.97,Los Angeles,2023-04-05,Skincare,36.62,0.0,3,Combination Balance,Quiet Luxury
CUST-1484,41,Female,62913.27,Paris,2023-05-15,Fragrance,154.31,0.0,2,Mature Luminosity,Streetwear Glam
CUST-1195,25,Female,66000.79,Milan,2023-07-11,Haircare,56.99,0.0,3,Mature Luminosity,Old Money Luxe
CUST-1175,35,Female,39094.48,Paris,2023-07-14,Skincare,133.24,0.0,4,Oily Clarity,French Riviera
CUST-1133,46,Female,73345.96,Los Angeles,2024-04-27,Makeup,110.02,0.05,1,Dry / Dehydrated,Streetwear Glam
CUST-1112,39,Non-Binary,77982.79,New York,2024-03-01,Fragrance,130.87,0.05,1,Oily Clarity,Old Money Luxe
CUST-1208,49,Female,118276.01,Milan,2023-03-10,Skincare,116.17,0.05,2,Mature Luminosity,Old Money Luxe
CUST-1603,38,Female,100305.65,Los Angeles,2023-10-06,Haircare,236.15,0.0,2,Oily Clarity,Old Money Luxe
CUST-1841,55,Female,55006.42,London,2023-02-26,Fragrance,15.0,0.0,2,Mature Luminosity,Old Money Luxe
CUST-1928,18,Female,55907.43,Tokyo,2023-04-11,Haircare,168.53,0.0,2,Oily Clarity,Quiet Luxury
CUST-1207,48,Female,22202.97,New York,2023-01-20,Skincare,141.82,0.0,4,Oily Clarity,Quiet Luxury
CUST-1672,36,Female,105125.78,Dubai,2023-10-28,Makeup,177.75,0.0,4,Dry / Dehydrated,Old Money Luxe
CUST-1025,18,Female,135941.76,Dubai,2023-03-01,Skincare,73.62,0.1,2,Mature Luminosity,Minimalist Chic
CUST-2173,36,Female,115598.59,London,2023-12-27,Fragrance,111.64,0.15,4,Combination Balance,French Riviera
CUST-1862,33,Female,34466.91,Tokyo,2024-05-14,Fragrance,153.51,0.05,4,Oily Clarity,Minimalist Chic
CUST-1497,27,Female,113117.53,London,2023-01-24,Skincare,51.56,0.0,1,Dry / Dehydrated,Minimalist Chic
CUST-1638,40,Female,51506.25,Dubai,2024-05-26,Haircare,73.08,0.0,1,Mature Luminosity,French Riviera
CUST-1637,33,Female,86012.36,Dubai,2023-09-25,Fragrance,116.25,0.05,3,Sensitive Glow,Minimalist Chic
CUST-1961,31,Female,86350.16,New York,2024-01-25,Fragrance,33.58,0.1,4,Combination Balance,French Riviera
CUST-1755,19,Female,97960.46,Paris,2024-01-15,Fragrance,51.62,0.0,1,Mature Luminosity,Minimalist Chic
CUST-1117,22,Female,70455.8,London,2023-02-02,Fragrance,112.29,0.0,2,Mature Luminosity,Old Money Luxe
CUST-1864,32,Female,111419.74,New York,2024-02-24,Makeup,55.76,0.0,3,Sensitive Glow,Minimalist Chic
CUST-1140,25,Female,83561.27,New York,2023-07-25,Makeup,56.13,0.0,1,Oily Clarity,Streetwear Glam
CUST-1678,41,Female,121307.27,Los Angeles,2023-02-07,Fragrance,105.16,0.0,4,Mature Luminosity,French Riviera
CUST-1613,18,Female,96613.52,Tokyo,2024-05-24,Bath & Body,136.75,0.0,3,Sensitive Glow,Old Money Luxe
CUST-1930,50,Female,94661.76,Los Angeles,2023-02-27,Skincare,116.81,0.0,3,Oily Clarity,Minimalist Chic
CUST-1007,38,Female,87756.31,Milan,2024-01-07,Makeup,133.1,0.15,3,Sensitive Glow,Streetwear Glam
CUST-1436,41,Female,65957.08,London,2023-02-12,Haircare,128.93,0.0,3,Combination Balance,Streetwear Glam
CUST-1420,23,Female,65918.64,Tokyo,2023-08-31,Makeup,129.72,0.15,2,Dry / Dehydrated,French Riviera
CUST-1020,29,Non-Binary,63334.45,Paris,2024-03-15,Bath & Body,101.57,0.05,1,Dry / Dehydrated,Quiet Luxury
CUST-1235,31,Female,78350.6,London,2024-02-24,Bath & Body,200.75,0.1,4,Oily Clarity,Minimalist Chic
CUST-2199,29,Female,45855.73,Los Angeles,2023-06-20,Bath & Body,212.84,0.0,2,Dry / Dehydrated,Old Money Luxe
CUST-1407,34,Female,57421.29,London,2024-06-12,Bath & Body,52.51,0.05,4,Sensitive Glow,Minimalist Chic
CUST-1536,37,Female,42589.57,Milan,2024-02-01,Makeup,81.48,0.0,3,Combination Balance,Quiet Luxury
CUST-1503,38,Female,65422.63,London,2024-02-08,Makeup,73.85,0.0,3,Dry / Dehydrated,Minimalist Chic
CUST-1536,29,Female,122546.62,Paris,2023-02-24,Skincare,114.58,0.2,1,Sensitive Glow,Streetwear Glam
CUST-1227,59,Female,112546.98,New York,2023-10-10,Makeup,106.95,0.0,2,Combination Balance,Streetwear Glam
CUST-1491,32,Female,33213.32,New York,2023-12-05,Bath & Body,162.54,0.0,1,Sensitive Glow,Quiet Luxury
CUST-1888,34,Female,69125.55,Milan,2023-06-25,Skincare,115.49,0.0,4,Dry / Dehydrated,Minimalist Chic
CUST-1267,42,Male,66122.34,Los Angeles,2024-06-14,Makeup,108.78,0.0,1,Sensitive Glow,Quiet Luxury
CUST-1774,18,Female,86981.57,Milan,2023-08-31,Bath & Body,111.47,0.05,4,Combination Balance,Quiet Luxury
CUST-1879,41,Female,97788.08,Milan,2024-02-13,Makeup,87.9,0.0,4,Dry / Dehydrated,Quiet Luxury
CUST-1387,30,Female,107195.77,Los Angeles,2023-01-07,Fragrance,146.8,0.0,3,Combination Balance,Minimalist Chic
CUST-1671,39,Female,67383.3,London,2024-02-01,Skincare,151.03,0.05,2,Combination Balance,Minimalist Chic
CUST-2040,20,Female,61891.06,Dubai,2023-10-24,Haircare,91.97,0.0,4,Sensitive Glow,Old Money Luxe
CUST-1963,26,Female,80316.03,Los Angeles,2024-05-24,Fragrance,65.5,0.1,3,Dry / Dehydrated,Minimalist Chic
CUST-2041,25,Female,41951.85,Tokyo,2023-11-10,Fragrance,129.33,0.05,2,Combination Balance,Streetwear Glam
CUST-2062,18,Female,49839.17,Tokyo,2024-05-09,Makeup,110.41,0.0,2,Combination Balance,French Riviera
CUST-2076,32,Female,77855.5,Milan,2024-04-29,Haircare,162.26,0.05,1,Oily Clarity,Streetwear Glam
CUST-1549,34,Female,119336.18,Dubai,2023-12-06,Haircare,129.98,0.0,2,Mature Luminosity,Old Money Luxe
CUST-1424,43,Male,63294.21,London,2023-05-06,Makeup,114.04,0.1,2,Oily Clarity,Minimalist Chic
CUST-1810,36,Female,63584.88,London,2024-05-12,Bath & Body,164.92,0.05,2,Oily Clarity,Streetwear Glam
CUST-2170,28,Female,63825.56,London,2024-02-08,Bath & Body,130.97,0.0,2,Combination Balance,Quiet Luxury
CUST-1173,32,Non-Binary,90289.29,London,2023-11-04,Skincare,164.84,0.05,2,Combination Balance,Streetwear Glam
CUST-2062,43,Female,68518.67,New York,2023-12-05,Makeup,171.29,0.1,4,Mature Luminosity,Old Money Luxe
CUST-1952,39,Female,82519.82,Dubai,2023-05-03,Fragrance,117.76,0.0,1,Combination Balance,Streetwear Glam
CUST-1923,41,Male,85146.26,Tokyo,2023-08-11,Haircare,116.51,0.2,3,Oily Clarity,French Riviera
CUST-2018,24,Non-Binary,85359.05,New York,2023-02-01,Bath & Body,135.45,0.1,4,Oily Clarity,Old Money Luxe
CUST-1367,29,Female,111605.07,Tokyo,2023-09-20,Makeup,51.75,0.05,4,Combination Balance,Old Money Luxe
CUST-1735,31,Female,100738.57,Paris,2023-01-03,Bath & Body,35.16,0.15,1,Mature Luminosity,Quiet Luxury
CUST-2119,34,Female,56890.91,Milan,2023-02-21,Skincare,288.89,0.15,1,Combination Balance,Minimalist Chic
CUST-1201,37,Male,57749.02,Paris,2023-11-27,Skincare,114.46,0.1,2,Combination Balance,Old Money Luxe
CUST-2118,33,Female,63582.52,London,2024-05-14,Bath & Body,106.34,0.05,4,Sensitive Glow,French Riviera
CUST-1512,45,Female,58172.0,New York,2023-03-31,Bath & Body,115.68,0.05,1,Sensitive Glow,Quiet Luxury
CUST-1282,40,Male,126254.98,Los Angeles,2023-08-01,Fragrance,99.59,0.0,2,Combination Balance,Old Money Luxe
CUST-1613,24,Female,41183.58,New York,2024-02-27,Bath & Body,116.33,0.0,2,Oily Clarity,Streetwear Glam
CUST-2187,45,Female,52814.61,Los Angeles,2024-03-10,Skincare,218.47,0.0,2,Oily Clarity,Quiet Luxury
CUST-1305,24,Female,80946.88,Los Angeles,2023-11-19,Haircare,107.27,0.0,1,Sensitive Glow,Minimalist Chic
CUST-1429,63,Male,69080.97,Tokyo,2023-09-25,Makeup,114.82,0.2,3,Mature Luminosity,Quiet Luxury
CUST-2131,19,Female,69920.79,Los Angeles,2023-11-24,Haircare,111.97,0.1,1,Oily Clarity,French Riviera
CUST-1175,38,Male,67992.93,New York,2024-04-16,Makeup,50.97,0.15,3,Oily Clarity,Streetwear Glam
CUST-1429,36,Female,67365.28,Tokyo,2023-01-02,Haircare,170.52,0.05,2,Mature Luminosity,Old Money Luxe
CUST-1767,23,Non-Binary,57723.64,London,2024-06-18,Fragrance,125.92,0.0,4,Sensitive Glow,French Riviera
CUST-1019,23,Female,62761.58,Tokyo,2023-07-07,Bath & Body,114.96,0.1,2,Combination Balance,Minimalist Chic
CUST-1858,24,Female,113016.0,Tokyo,2023-01-18,Haircare,104.27,0.0,4,Mature Luminosity,French Riviera
CUST-1667,47,Male,75859.84,Dubai,2023-11-14,Skincare,87.89,0.0,4,Mature Luminosity,Old Money Luxe
CUST-1284,41,Non-Binary,63318.76,London,2023-11-19,Bath & Body,169.86,0.0,3,Mature Luminosity,Quiet Luxury
CUST-2175,28,Male,51797.81,Los Angeles,2023-06-30,Haircare,175.32,0.0,1,Oily Clarity,Minimalist Chic
CUST-1800,58,Female,86956.52,Paris,2023-10-31,Fragrance,213.21,0.1,1,Oily Clarity,Minimalist Chic
CUST-1972,28,Female,90822.94,Paris,2023-03-18,Bath & Body,182.54,0.05,1,Mature Luminosity,Streetwear Glam
CUST-1623,37,Female,69111.73,Paris,2024-05-13,Makeup,55.46,0.0,3,Dry / Dehydrated,Quiet Luxury
CUST-1363,40,Female,108226.8,Paris,2023-01-01,Fragrance,219.32,0.05,4,Oily Clarity,Old Money Luxe
CUST-1382,18,Non-Binary,125664.39,London,2023-08-01,Skincare,70.02,0.0,4,Oily Clarity,French Riviera
CUST-1421,33,Male,88992.62,London,2023-07-29,Bath & Body,191.37,0.0,4,Mature Luminosity,Old Money Luxe
CUST-1931,34,Non-Binary,84384.37,Paris,2024-02-17,Bath & Body,57.54,0.15,4,Mature Luminosity,Old Money Luxe
CUST-1351,28,Male,43031.6,New York,2024-02-01,Haircare,58.71,0.2,4,Oily Clarity,Minimalist Chic
CUST-1226,27,Female,61561.57,London,2024-06-12,Fragrance,134.89,0.2,4,Oily Clarity,Streetwear Glam
CUST-1140,23,Female,102133.93,Tokyo,2023-12-31,Makeup,108.38,0.0,1,Sensitive Glow,Minimalist Chic
CUST-1634,35,Male,94447.78,Tokyo,2023-04-03,Haircare,62.99,0.0,1,Sensitive Glow,Quiet Luxury
CUST-2177,38,Female,67329.05,New York,2024-02-05,Fragrance,89.14,0.15,1,Sensitive Glow,Quiet Luxury
CUST-1939,36,Male,87758.01,New York,2023-04-08,Makeup,132.24,0.1,4,Dry / Dehydrated,Minimalist Chic
CUST-1912,54,Male,59198.27,Paris,2023-05-20,Haircare,60.45,0.0,2,Mature Luminosity,Minimalist Chic
CUST-2076,28,Female,91188.96,New York,2023-11-13,Fragrance,206.12,0.0,3,Oily Clarity,Streetwear Glam
CUST-1947,40,Female,78229.19,Dubai,2023-08-03,Skincare,100.83,0.0,2,Dry / Dehydrated,French Riviera
CUST-1934,33,Female,25292.88,New York,2023-05-22,Bath & Body,148.41,0.0,4,Oily Clarity,Quiet Luxury
CUST-1358,28,Male,97199.16,Tokyo,2024-02-25,Makeup,105.53,0.2,1,Sensitive Glow,Quiet Luxury
CUST-1884,21,Female,119933.68,Tokyo,2024-03-03,Haircare,130.41,0.0,4,Sensitive Glow,Quiet Luxury
CUST-1195,31,Female,87240.78,Tokyo,2024-06-10,Skincare,166.21,0.05,4,Sensitive Glow,Minimalist Chic
CUST-1560,36,Non-Binary,87713.38,Milan,2023-03-24,Fragrance,141.13,0.0,2,Combination Balance,Old Money Luxe
CUST-1444,18,Female,101736.18,Tokyo,2023-08-27,Haircare,119.79,0.0,1,Mature Luminosity,Old Money Luxe
CUST-1755,26,Female,110678.76,Paris,2023-03-16,Skincare,123.58,0.0,1,Mature Luminosity,French Riviera
CUST-1839,42,Female,61565.94,Tokyo,2023-08-16,Makeup,143.43,0.0,4,Combination Balance,Minimalist Chic
CUST-2036,42,Non-Binary,64299.7,Paris,2023-05-13,Haircare,146.11,0.05,3,Dry / Dehydrated,Old Money Luxe
CUST-1945,26,Female,67310.57,Tokyo,2023-11-24,Bath & Body,71.61,0.0,4,Oily Clarity,Minimalist Chic
CUST-1812,32,Non-Binary,67812.73,Paris,2024-06-15,Skincare,160.91,0.05,2,Combination Balance,Old Money Luxe
CUST-1279,33,Female,60244.63,New York,2023-07-21,Haircare,113.98,0.05,1,Oily Clarity,Streetwear Glam
CUST-1139,43,Female,35542.74,Paris,2023-11-24,Fragrance,106.82,0.0,1,Sensitive Glow,Streetwear Glam
CUST-1287,24,Male,91581.83,Tokyo,2024-01-05,Bath & Body,250.12,0.15,2,Sensitive Glow,Minimalist Chic
CUST-1036,36,Non-Binary,124000.19,Dubai,2023-05-18,Skincare,160.21,0.05,1,Sensitive Glow,French Riviera
CUST-1254,29,Female,70837.86,Dubai,2023-02-20,Haircare,71.44,0.0,3,Sensitive Glow,Old Money Luxe
CUST-1022,42,Female,74395.55,Milan,2023-03-21,Bath & Body,77.92,0.0,1,Sensitive Glow,Streetwear Glam
CUST-1733,27,Male,30340.33,London,2023-08-07,Makeup,119.07,0.05,2,Dry / Dehydrated,Quiet Luxury
CUST-1442,29,Female,90212.29,Tokyo,2023-02-21,Skincare,138.36,0.0,2,Mature Luminosity,Old Money Luxe
CUST-1799,31,Male,72922.37,Milan,2023-02-15,Bath & Body,174.83,0.05,2,Oily Clarity,Old Money Luxe
CUST-1009,44,Male,95976.69,Paris,2023-02-04,Haircare,124.44,0.0,4,Sensitive Glow,Minimalist Chic
CUST-1767,35,Female,140697.7,London,2023-11-29,Makeup,204.0,0.0,1,Dry / Dehydrated,Old Money Luxe
CUST-1863,19,Female,65272.67,Paris,2024-06-18,Skincare,44.15,0.2,4,Combination Balance,Minimalist Chic
CUST-1129,34,Male,58782.45,London,2024-05-10,Skincare,91.36,0.05,3,Sensitive Glow,Minimalist Chic
CUST-1090,22,Female,82708.16,Tokyo,2023-06-11,Fragrance,184.73,0.0,3,Dry / Dehydrated,French Riviera
CUST-1660,20,Non-Binary,94946.37,Dubai,2023-06-05,Makeup,108.9,0.0,2,Mature Luminosity,Minimalist Chic
CUST-2109,36,Female,86218.42,Tokyo,2023-11-08,Haircare,147.04,0.0,2,Dry / Dehydrated,Minimalist Chic
CUST-1437,36,Female,66763.04,Paris,2024-05-28,Bath & Body,151.67,0.15,2,Combination Balance,Minimalist Chic
CUST-1030,25,Female,35958.9,Tokyo,2023-07-06,Bath & Body,125.65,0.15,3,Dry / Dehydrated,Streetwear Glam
CUST-1435,50,Female,83182.58,Tokyo,2024-01-03,Makeup,158.22,0.05,3,Dry / Dehydrated,French Riviera
CUST-1755,38,Female,83065.78,Paris,2023-05-01,Skincare,67.71,0.05,4,Sensitive Glow,Streetwear Glam
CUST-1617,25,Female,56033.37,Los Angeles,2024-05-31,Fragrance,151.12,0.0,2,Oily Clarity,Old Money Luxe
CUST-2098,40,Female,117756.26,Los Angeles,2023-02-22,Fragrance,95.48,0.05,4,Sensitive Glow,French Riviera
CUST-1194,39,Female,53840.04,Dubai,2023-01-21,Bath & Body,207.21,0.0,4,Oily Clarity,Minimalist Chic
CUST-1680,37,Female,62897.78,London,2023-04-30,Bath & Body,108.65,0.1,1,Oily Clarity,Old Money Luxe
CUST-1686,31,Female,65787.41,Paris,2023-08-08,Fragrance,110.56,0.15,2,Mature Luminosity,Streetwear Glam
CUST-1783,23,Male,58578.52,Dubai,2023-12-18,Makeup,145.03,0.0,4,Mature Luminosity,Quiet Luxury
CUST-1027,18,Female,76637.12,London,2023-12-24,Skincare,82.22,0.0,1,Mature Luminosity,Old Money Luxe
CUST-1632,30,Female,60841.95,London,2024-02-21,Haircare,146.78,0.0,2,Sensitive Glow,Quiet Luxury
CUST-1162,21,Female,82494.87,Paris,2024-02-22,Makeup,37.22,0.1,1,Combination Balance,Streetwear Glam
CUST-1607,39,Male,45815.17,London,2023-08-27,Makeup,125.29,0.05,2,Oily Clarity,Minimalist Chic
CUST-1077,18,Female,66976.64,London,2024-04-22,Fragrance,122.39,0.0,2,Oily Clarity,French Riviera
CUST-1274,56,Female,101145.06,New York,2023-05-26,Bath & Body,109.15,0.15,3,Dry / Dehydrated,Quiet Luxury
CUST-1849,39,Male,64703.22,Milan,2023-11-07,Bath & Body,172.42,0.1,3,Dry / Dehydrated,Minimalist Chic
CUST-1678,28,Female,53942.61,New York,2024-05-06,Makeup,116.01,0.0,1,Sensitive Glow,Quiet Luxury
CUST-1110,25,Female,85149.14,Milan,2024-01-25,Makeup,94.98,0.0,1,Sensitive Glow,Quiet Luxury
CUST-1781,18,Female,112629.9,Dubai,2024-02-28,Bath & Body,198.79,0.15,4,Sensitive Glow,Streetwear Glam
CUST-1012,32,Female,65977.02,Paris,2023-05-02,Haircare,192.9,0.0,3,Dry / Dehydrated,Minimalist Chic
CUST-1106,31,Female,75853.6,Milan,2024-04-18,Makeup,94.35,0.0,2,Sensitive Glow,Minimalist Chic
CUST-1187,27,Female,91255.79,London,2023-03-27,Fragrance,70.94,0.1,3,Mature Luminosity,Minimalist Chic
CUST-1483,29,Female,114194.79,Dubai,2024-04-17,Skincare,152.28,0.05,1,Oily Clarity,Streetwear Glam
CUST-1637,39,Male,37955.8,London,2023-09-02,Makeup,142.57,0.0,2,Sensitive Glow,Streetwear Glam
CUST-1361,20,Female,95548.04,Dubai,2023-03-19,Makeup,204.04,0.05,4,Combination Balance,French Riviera
CUST-2180,31,Female,95720.09,Tokyo,2024-06-28,Makeup,61.05,0.2,1,Combination Balance,Streetwear Glam
CUST-1163,40,Female,88285.88,New York,2024-02-17,Haircare,157.7,0.05,4,Oily Clarity,Minimalist Chic
CUST-1964,34,Female,27196.95,Tokyo,2023-01-10,Haircare,142.1,0.0,4,Mature Luminosity,Quiet Luxury
CUST-1887,36,Female,78806.73,Los Angeles,2023-06-10,Makeup,181.61,0.0,4,Oily Clarity,Old Money Luxe
CUST-1781,36,Male,89609.09,Tokyo,2024-02-08,Skincare,71.93,0.0,2,Combination Balance,Quiet Luxury
CUST-2100,53,Male,56057.47,London,2023-03-09,Fragrance,87.48,0.1,4,Sensitive Glow,French Riviera
CUST-1779,32,Female,46384.56,Tokyo,2023-12-24,Bath & Body,157.05,0.0,1,Oily Clarity,French Riviera
CUST-1768,30,Female,67367.27,Dubai,2024-03-08,Fragrance,134.96,0.0,2,Oily Clarity,Old Money Luxe
CUST-1682,25,Female,76454.79,London,2024-05-08,Haircare,15.0,0.0,4,Sensitive Glow,Minimalist Chic
CUST-1388,26,Male,75750.35,Paris,2023-05-06,Skincare,90.07,0.0,3,Mature Luminosity,French Riviera
CUST-2006,29,Male,94617.53,Tokyo,2023-06-25,Haircare,117.62,0.0,4,Oily Clarity,French Riviera
CUST-1786,53,Female,35235.88,Tokyo,2023-12-13,Bath & Body,38.56,0.0,2,Mature Luminosity,Old Money Luxe
CUST-1837,44,Female,122789.88,Paris,2023-08-19,Skincare,153.3,0.0,3,Oily Clarity,Quiet Luxury
CUST-1332,35,Female,64303.31,London,2024-02-24,Haircare,127.33,0.0,3,Combination Balance,French Riviera
CUST-2043,18,Female,56318.43,Milan,2023-10-12,Haircare,115.31,0.0,4,Combination Balance,Old Money Luxe
CUST-1789,39,Male,82726.36,Tokyo,2023-07-22,Makeup,126.7,0.05,2,Sensitive Glow,Streetwear Glam
CUST-1070,25,Female,44354.46,Los Angeles,2023-04-13,Bath & Body,141.74,0.0,2,Dry / Dehydrated,Minimalist Chic
CUST-1535,31,Female,117544.8,Dubai,2023-08-12,Haircare,189.88,0.05,3,Sensitive Glow,French Riviera
CUST-1506,19,Female,48651.51,Dubai,2023-05-26,Fragrance,156.34,0.0,3,Sensitive Glow,Old Money Luxe
CUST-1239,33,Female,56560.81,Los Angeles,2023-05-22,Skincare,56.61,0.1,1,Oily Clarity,Streetwear Glam
CUST-1164,46,Female,37913.35,Dubai,2023-05-16,Makeup,150.74,0.0,3,Oily Clarity,Minimalist Chic
CUST-1874,23,Female,65855.9,New York,2023-10-08,Bath & Body,202.32,0.0,3,Mature Luminosity,Quiet Luxury
CUST-1783,30,Male,54171.46,Dubai,2023-07-27,Bath & Body,173.3,0.2,3,Oily Clarity,Old Money Luxe
CUST-1223,35,Female,112648.25,Milan,2023-03-07,Fragrance,58.65,0.0,3,Combination Balance,Minimalist Chic
CUST-1550,34,Female,86310.93,Milan,2024-01-18,Makeup,91.03,0.1,3,Oily Clarity,French Riviera
CUST-1013,18,Female,90980.05,London,2023-04-28,Haircare,145.5,0.15,4,Dry / Dehydrated,Old Money Luxe
CUST-1143,37,Female,39752.99,Los Angeles,2023-04-29,Haircare,96.03,0.0,1,Mature Luminosity,Streetwear Glam
CUST-1590,32,Male,97231.59,Milan,2023-08-11,Haircare,247.3,0.15,3,Sensitive Glow,Minimalist Chic
CUST-1767,49,Female,100670.64,London,2024-06-04,Makeup,106.88,0.15,3,Sensitive Glow,Streetwear Glam
CUST-1372,27,Non-Binary,51325.43,Dubai,2023-08-20,Skincare,142.57,0.15,3,Oily Clarity,Quiet Luxury
CUST-1435,20,Female,20234.93,London,2023-01-16,Makeup,82.8,0.05,3,Dry / Dehydrated,Minimalist Chic
CUST-1392,32,Female,79512.4,New York,2023-09-18,Haircare,150.52,0.0,3,Oily Clarity,Quiet Luxury
CUST-1223,31,Male,95159.0,Los Angeles,2023-12-21,Makeup,87.77,0.0,4,Dry / Dehydrated,French Riviera
CUST-1175,38,Female,56813.65,Tokyo,2024-03-09,Skincare,151.91,0.1,3,Combination Balance,Old Money Luxe
CUST-1700,34,Male,109656.9,Paris,2024-01-29,Fragrance,178.15,0.1,4,Sensitive Glow,Streetwear Glam
CUST-1993,23,Male,63321.41,Milan,2024-03-01,Skincare,127.51,0.1,2,Dry / Dehydrated,Old Money Luxe
CUST-1544,29,Female,93321.23,Los Angeles,2024-04-23,Skincare,85.19,0.05,2,Mature Luminosity,Old Money Luxe
CUST-1198,26,Female,53110.19,London,2023-07-05,Fragrance,43.7,0.0,1,Dry / Dehydrated,Streetwear Glam
CUST-2065,46,Female,59530.3,Los Angeles,2024-03-15,Bath & Body,195.17,0.0,1,Oily Clarity,Streetwear Glam
CUST-1690,37,Female,96737.71,Dubai,2023-06-29,Haircare,65.38,0.1,1,Combination Balance,French Riviera
CUST-1702,44,Female,40728.95,New York,2023-08-05,Makeup,199.75,0.2,4,Combination Balance,Streetwear Glam
CUST-1775,18,Non-Binary,91022.31,Dubai,2023-05-24,Skincare,25.44,0.0,1,Combination Balance,French Riviera
CUST-1205,24,Female,30845.26,Paris,2023-11-30,Haircare,134.94,0.0,4,Oily Clarity,Minimalist Chic
CUST-1052,45,Male,85562.59,Dubai,2023-04-12,Skincare,107.92,0.05,3,Mature Luminosity,French Riviera
CUST-1509,35,Female,74726.52,New York,2024-06-28,Haircare,141.99,0.0,1,Mature Luminosity,Streetwear Glam
CUST-2054,18,Male,65301.13,Tokyo,2023-02-07,Makeup,23.41,0.0,2,Dry / Dehydrated,French Riviera
CUST-1034,22,Female,73627.92,Milan,2023-04-13,Bath & Body,117.33,0.2,3,Dry / Dehydrated,French Riviera
CUST-1909,32,Female,81426.42,London,2024-03-03,Fragrance,79.7,0.05,2,Oily Clarity,Streetwear Glam
CUST-1166,31,Female,75668.4,New York,2023-03-15,Haircare,140.03,0.0,3,Oily Clarity,Old Money Luxe
CUST-1788,18,Female,141394.01,New York,2024-04-09,Fragrance,157.83,0.2,3,Sensitive Glow,Minimalist Chic
CUST-2065,50,Male,72150.5,Dubai,2024-04-10,Fragrance,119.44,0.0,1,Dry / Dehydrated,Minimalist Chic
CUST-2019,39,Male,62277.4,Los Angeles,2023-08-21,Skincare,60.93,0.0,2,Combination Balance,Quiet Luxury
CUST-1956,48,Female,80288.44,London,2024-01-14,Haircare,140.96,0.05,2,Dry / Dehydrated,Streetwear Glam
CUST-2107,46,Male,40279.02,London,2023-06-24,Makeup,20.24,0.0,2,Sensitive Glow,Minimalist Chic
CUST-1183,34,Female,61751.66,Paris,2024-02-10,Haircare,49.98,0.1,3,Dry / Dehydrated,Minimalist Chic
CUST-1668,31,Female,49197.15,Tokyo,2023-05-23,Bath & Body,149.52,0.0,2,Sensitive Glow,French Riviera
CUST-1975,43,Female,46096.82,Milan,2023-07-21,Skincare,64.56,0.1,1,Sensitive Glow,Quiet Luxury
CUST-2007,43,Male,47365.45,Paris,2023-02-19,Bath & Body,88.72,0.0,1,Sensitive Glow,Quiet Luxury
CUST-1132,36,Female,88419.37,Milan,2023-08-14,Bath & Body,181.84,0.0,3,Oily Clarity,Streetwear Glam
CUST-2150,34,Female,60525.93,Los Angeles,2023-11-29,Haircare,115.86,0.0,2,Sensitive Glow,Minimalist Chic
CUST-1530,40,Female,57741.2,Paris,2023-03-21,Bath & Body,115.71,0.1,4,Dry / Dehydrated,Old Money Luxe
CUST-1182,31,Female,77007.99,New York,2024-01-09,Fragrance,246.23,0.0,1,Sensitive Glow,Old Money Luxe
CUST-2173,35,Non-Binary,143969.43,New York,2024-04-01,Makeup,106.42,0.0,3,Combination Balance,Streetwear Glam
CUST-2181,32,Female,74982.84,Milan,2023-01-23,Skincare,170.2,0.0,4,Combination Balance,Old Money Luxe
CUST-2096,39,Male,107808.74,London,2023-09-23,Haircare,40.88,0.15,1,Oily Clarity,French Riviera
CUST-1747,35,Female,128308.5,Los Angeles,2023-11-11,Makeup,127.04,0.0,4,Mature Luminosity,Quiet Luxury
CUST-1454,30,Female,52853.82,Paris,2023-07-01,Haircare,118.79,0.0,3,Dry / Dehydrated,Quiet Luxury
CUST-1943,35,Female,82752.17,New York,2024-04-23,Makeup,108.82,0.05,1,Combination Balance,Minimalist Chic
CUST-2023,25,Female,32291.03,Milan,2023-09-12,Haircare,48.1,0.1,3,Sensitive Glow,Quiet Luxury
CUST-1580,41,Female,70503.83,London,2024-02-06,Skincare,166.98,0.0,4,Mature Luminosity,French Riviera
CUST-1632,34,Female,110850.94,Dubai,2023-02-24,Skincare,134.62,0.15,4,Combination Balance,Quiet Luxury
CUST-1979,29,Male,118888.12,Milan,2024-03-31,Makeup,87.96,0.05,1,Oily Clarity,French Riviera
CUST-1771,18,Female,77986.42,Paris,2023-04-24,Bath & Body,179.46,0.0,4,Sensitive Glow,Minimalist Chic
CUST-1460,47,Female,148631.16,Milan,2023-05-10,Skincare,132.53,0.15,1,Sensitive Glow,Streetwear Glam
CUST-1802,25,Female,78941.19,New York,2023-10-05,Makeup,61.14,0.15,4,Dry / Dehydrated,Quiet Luxury
CUST-1803,40,Female,115658.76,New York,2023-01-22,Haircare,224.73,0.0,1,Oily Clarity,French Riviera
CUST-1801,30,Female,26316.5,Tokyo,2023-07-21,Skincare,115.53,0.0,1,Mature Luminosity,French Riviera
CUST-1578,32,Female,97410.62,Milan,2023-08-08,Makeup,152.57,0.0,2,Mature Luminosity,Streetwear Glam
CUST-1199,25,Female,24474.94,London,2023-06-15,Bath & Body,128.5,0.0,1,Mature Luminosity,Old Money Luxe
CUST-1622,42,Male,79689.37,Tokyo,2023-03-24,Makeup,96.29,0.05,4,Mature Luminosity,Minimalist Chic
CUST-1904,27,Female,91402.91,Milan,2023-03-30,Haircare,158.46,0.15,2,Combination Balance,Minimalist Chic
CUST-1429,32,Male,84100.39,London,2024-01-21,Makeup,80.36,0.0,4,Dry / Dehydrated,French Riviera
CUST-2178,31,Female,99450.07,Paris,2024-05-27,Makeup,183.53,0.0,4,Oily Clarity,Streetwear Glam
CUST-1344,27,Female,126727.4,Paris,2023-09-13,Skincare,110.35,0.0,4,Combination Balance,Streetwear Glam
CUST-1367,33,Female,57163.19,Paris,2024-02-27,Skincare,139.91,0.05,3,Mature Luminosity,French Riviera
CUST-1888,41,Non-Binary,106933.07,London,2023-07-21,Haircare,121.52,0.0,3,Sensitive Glow,Old Money Luxe
CUST-1243,35,Female,104218.07,London,2023-04-22,Haircare,107.73,0.1,1,Oily Clarity,French Riviera
CUST-1353,41,Female,81861.71,Milan,2023-09-27,Haircare,60.17,0.2,1,Dry / Dehydrated,Streetwear Glam
CUST-1782,18,Male,93104.21,New York,2023-01-23,Haircare,53.1,0.0,1,Combination Balance,Old Money Luxe
CUST-1245,36,Male,50535.78,Paris,2023-02-08,Skincare,100.87,0.05,3,Dry / Dehydrated,Streetwear Glam
CUST-2043,18,Female,41333.11,London,2023-05-13,Skincare,161.34,0.0,1,Mature Luminosity,Quiet Luxury
CUST-2172,27,Male,86882.67,Tokyo,2024-02-13,Bath & Body,105.49,0.0,2,Dry / Dehydrated,Quiet Luxury
CUST-1370,18,Female,79598.66,Tokyo,2023-07-18,Haircare,186.01,0.0,2,Oily Clarity,French Riviera
CUST-2170,47,Female,99212.47,London,2023-06-02,Skincare,146.04,0.15,4,Combination Balance,Old Money Luxe
CUST-2100,27,Female,84944.91,London,2023-06-25,Haircare,54.3,0.0,2,Dry / Dehydrated,Streetwear Glam
CUST-2138,27,Female,54886.46,Los Angeles,2023-03-17,Fragrance,166.74,0.1,2,Mature Luminosity,Streetwear Glam
CUST-1130,53,Female,92064.62,Dubai,2024-06-22,Fragrance,37.77,0.05,2,Mature Luminosity,Old Money Luxe
CUST-1424,32,Female,67227.77,Milan,2023-05-26,Skincare,97.67,0.15,4,Sensitive Glow,Quiet Luxury
CUST-1368,34,Female,61336.29,Paris,2023-07-16,Fragrance,115.12,0.05,3,Oily Clarity,French Riviera
CUST-1251,35,Female,138386.99,Paris,2023-10-26,Makeup,124.39,0.0,2,Mature Luminosity,Minimalist Chic
CUST-1330,29,Female,74249.61,Paris,2023-10-29,Fragrance,87.41,0.1,3,Combination Balance,Old Money Luxe
CUST-1173,39,Female,92248.51,Paris,2023-12-08,Fragrance,109.99,0.05,3,Combination Balance,French Riviera
CUST-2114,38,Female,48456.56,London,2024-06-10,Haircare,94.92,0.05,3,Dry / Dehydrated,Minimalist Chic
CUST-1615,38,Female,105570.62,Paris,2024-01-27,Fragrance,117.46,0.1,1,Combination Balance,Quiet Luxury
CUST-1911,26,Female,44467.57,London,2023-07-02,Fragrance,163.22,0.0,4,Oily Clarity,French Riviera
CUST-2070,36,Female,30283.49,New York,2023-05-28,Fragrance,143.28,0.05,1,Mature Luminosity,Quiet Luxury
CUST-1429,20,Female,86884.26,Milan,2023-12-22,Skincare,132.61,0.0,3,Dry / Dehydrated,Minimalist Chic
CUST-1075,34,Female,58829.09,London,2023-11-23,Makeup,88.54,0.05,4,Combination Balance,Minimalist Chic
CUST-1274,18,Male,44190.18,Dubai,2023-07-04,Fragrance,79.85,0.15,2,Sensitive Glow,Quiet Luxury
CUST-1735,27,Female,84331.42,New York,2023-11-01,Makeup,91.85,0.15,3,Mature Luminosity,Streetwear Glam
CUST-1152,19,Female,30171.16,Dubai,2024-05-05,Bath & Body,117.58,0.05,2,Combination Balance,Streetwear Glam
CUST-1334,27,Female,67821.75,Tokyo,2024-02-21,Haircare,126.85,0.1,1,Dry / Dehydrated,French Riviera
CUST-1871,26,Female,82934.07,Milan,2023-08-28,Makeup,127.76,0.0,3,Mature Luminosity,Minimalist Chic
CUST-1144,35,Female,84712.66,Milan,2023-08-04,Bath & Body,79.74,0.0,2,Sensitive Glow,French Riviera
CUST-2154,33,Female,69078.7,Milan,2024-04-13,Fragrance,113.29,0.1,2,Mature Luminosity,Minimalist Chic
CUST-1859,34,Female,108836.29,Los Angeles,2024-06-08,Makeup,119.47,0.15,3,Combination Balance,Streetwear Glam
CUST-1776,41,Female,63911.89,Paris,2023-02-18,Fragrance,113.44,0.05,2,Sensitive Glow,Old Money Luxe
CUST-1553,28,Female,148363.76,Paris,2023-09-07,Fragrance,44.81,0.0,2,Dry / Dehydrated,Quiet Luxury
CUST-1833,26,Male,64387.89,Paris,2023-10-25,Bath & Body,118.15,0.0,2,Dry / Dehydrated,French Riviera
CUST-1683,25,Female,75197.68,Los Angeles,2023-12-12,Bath & Body,114.08,0.0,2,Sensitive Glow,Minimalist Chic
CUST-1560,42,Female,118795.64,Paris,2024-02-05,Skincare,81.15,0.0,1,Oily Clarity,Minimalist Chic
CUST-1775,21,Female,50008.01,Paris,2023-08-26,Skincare,115.33,0.0,3,Sensitive Glow,Quiet Luxury
CUST-1627,18,Female,94142.65,Dubai,2023-05-05,Haircare,23.11,0.05,3,Dry / Dehydrated,Quiet Luxury
CUST-1714,21,Female,70102.4,Milan,2024-06-13,Fragrance,15.0,0.0,2,Combination Balance,Quiet Luxury
CUST-1555,37,Female,58838.54,Dubai,2023-06-25,Skincare,90.38,0.0,1,Dry / Dehydrated,Minimalist Chic
CUST-1651,25,Female,56045.9,Los Angeles,2023-09-19,Haircare,108.56,0.1,3,Sensitive Glow,French Riviera
CUST-2088,33,Female,106263.93,Dubai,2023-10-20,Fragrance,134.7,0.1,4,Oily Clarity,Streetwear Glam
CUST-1261,27,Male,37620.06,New York,2023-06-22,Skincare,120.4,0.0,3,Mature Luminosity,Minimalist Chic
CUST-1258,31,Female,93383.44,London,2024-04-21,Haircare,103.61,0.0,1,Mature Luminosity,French Riviera
CUST-1108,20,Female,64129.48,Milan,2023-10-04,Bath & Body,146.67,0.0,4,Sensitive Glow,Quiet Luxury
CUST-1856,28,Female,64271.26,Milan,2023-06-15,Haircare,88.08,0.05,2,Sensitive Glow,Streetwear Glam
CUST-1724,29,Male,69475.67,Los Angeles,2023-11-06,Haircare,75.48,0.15,2,Mature Luminosity,French Riviera
CUST-1564,25,Female,80602.56,Tokyo,2023-09-10,Fragrance,141.64,0.0,2,Sensitive Glow,French Riviera
CUST-1178,38,Female,22166.23,New York,2024-06-11,Haircare,15.0,0.1,2,Combination Balance,Old Money Luxe
CUST-1162,29,Female,75500.35,Paris,2023-11-24,Makeup,157.68,0.1,1,Dry / Dehydrated,Minimalist Chic
CUST-2178,28,Female,84718.71,Paris,2023-06-26,Skincare,142.45,0.15,1,Combination Balance,Quiet Luxury
CUST-2009,22,Female,30464.58,Los Angeles,2024-02-02,Skincare,150.76,0.0,1,Oily Clarity,Quiet Luxury
CUST-1279,32,Female,55065.81,Tokyo,2023-05-11,Haircare,133.69,0.05,1,Mature Luminosity,Quiet Luxury
CUST-1255,23,Non-Binary,80956.84,Tokyo,2024-02-19,Skincare,207.96,0.0,3,Mature Luminosity,Minimalist Chic
CUST-1014,18,Female,85725.99,Milan,2023-09-03,Haircare,113.91,0.0,1,Mature Luminosity,French Riviera
CUST-1500,28,Female,82299.33,Milan,2023-03-18,Fragrance,121.34,0.1,1,Mature Luminosity,Old Money Luxe
CUST-1918,51,Non-Binary,72430.81,London,2024-01-09,Fragrance,112.71,0.1,2,Sensitive Glow,Minimalist Chic
CUST-1153,22,Female,62390.66,New York,2023-08-27,Makeup,85.26,0.0,2,Mature Luminosity,French Riviera
CUST-1104,42,Female,70017.31,Tokyo,2024-01-05,Haircare,151.99,0.2,2,Oily Clarity,Minimalist Chic
CUST-1764,37,Female,108984.63,Paris,2024-06-06,Bath & Body,51.69,0.15,3,Sensitive Glow,Quiet Luxury
CUST-1241,39,Female,94728.03,New York,2023-01-01,Bath & Body,234.56,0.1,1,Oily Clarity,French Riviera
CUST-1542,36,Male,64998.56,London,2023-08-22,Skincare,117.24,0.0,1,Mature Luminosity,Streetwear Glam
CUST-1445,49,Non-Binary,26456.26,New York,2024-01-06,Fragrance,149.97,0.0,4,Dry / Dehydrated,Streetwear Glam
CUST-1999,33,Female,87245.62,Paris,2023-11-11,Bath & Body,123.79,0.15,4,Dry / Dehydrated,Quiet Luxury
CUST-1942,40,Female,70453.72,New York,2023-02-02,Bath & Body,75.47,0.0,1,Combination Balance,Old Money Luxe
CUST-1010,28,Non-Binary,56334.01,New York,2023-06-09,Makeup,97.89,0.0,2,Oily Clarity,French Riviera
CUST-1018,34,Non-Binary,80305.68,Paris,2023-12-31,Haircare,21.12,0.1,1,Oily Clarity,Minimalist Chic
CUST-1173,36,Female,77397.07,Dubai,2023-10-13,Fragrance,60.19,0.05,1,Sensitive Glow,Streetwear Glam
CUST-1253,28,Female,24293.17,Tokyo,2023-11-08,Skincare,103.34,0.0,4,Sensitive Glow,French Riviera
CUST-1463,20,Female,20000.0,Tokyo,2023-03-28,Haircare,91.24,0.15,1,Combination Balance,French Riviera
CUST-1746,39,Female,50411.62,Tokyo,2024-03-10,Makeup,201.53,0.1,2,Mature Luminosity,French Riviera
CUST-1222,55,Female,73881.63,Tokyo,2023-06-08,Haircare,141.86,0.0,3,Sensitive Glow,Minimalist Chic
CUST-1724,18,Female,69678.5,Milan,2023-10-15,Haircare,71.93,0.1,1,Dry / Dehydrated,French Riviera
CUST-1406,31,Female,55156.29,Paris,2023-05-14,Makeup,143.46,0.0,1,Combination Balance,Old Money Luxe
CUST-1273,34,Female,112018.69,Tokyo,2023-07-13,Haircare,52.42,0.0,2,Combination Balance,Old Money Luxe
CUST-1328,43,Female,108112.86,Milan,2023-10-04,Makeup,102.08,0.05,1,Oily Clarity,French Riviera
CUST-1243,37,Female,62194.83,Tokyo,2023-01-17,Haircare,203.3,0.15,4,Mature Luminosity,Streetwear Glam
CUST-1260,38,Female,31482.48,New York,2023-09-16,Haircare,100.05,0.0,1,Mature Luminosity,Streetwear Glam
CUST-1269,43,Female,65188.11,Paris,2024-04-24,Skincare,106.47,0.0,3,Dry / Dehydrated,Minimalist Chic
CUST-1318,31,Non-Binary,120423.65,New York,2024-01-26,Fragrance,136.15,0.0,1,Dry / Dehydrated,Minimalist Chic
CUST-1106,33,Female,49529.88,Milan,2024-05-08,Bath & Body,139.91,0.0,3,Oily Clarity,Quiet Luxury
CUST-1016,20,Female,20000.0,Tokyo,2023-12-09,Haircare,115.64,0.0,3,Combination Balance,French Riviera
CUST-1995,35,Female,82814.81,Paris,2024-02-05,Haircare,50.16,0.05,2,Sensitive Glow,Quiet Luxury
CUST-1312,20,Non-Binary,70547.84,Milan,2023-01-02,Fragrance,39.45,0.15,4,Sensitive Glow,Minimalist Chic
CUST-1575,18,Non-Binary,101247.78,Los Angeles,2023-10-19,Skincare,92.84,0.0,2,Combination Balance,Minimalist Chic
CUST-1878,40,Female,75189.42,London,2023-12-19,Haircare,207.03,0.05,1,Dry / Dehydrated,Quiet Luxury
CUST-1371,18,Female,115175.48,London,2024-02-16,Fragrance,199.74,0.05,3,Sensitive Glow,Minimalist Chic
CUST-1246,21,Female,113139.89,London,2023-09-03,Haircare,87.95,0.0,4,Dry / Dehydrated,French Riviera
CUST-1393,20,Female,46196.5,London,2023-09-01,Haircare,78.73,0.05,4,Dry / Dehydrated,Quiet Luxury
CUST-1408,43,Female,38260.67,Paris,2024-03-12,Skincare,207.86,0.0,4,Oily Clarity,Streetwear Glam
CUST-2075,33,Female,77902.22,New York,2023-08-18,Makeup,161.71,0.15,3,Sensitive Glow,French Riviera
CUST-1872,18,Female,76184.07,Tokyo,2023-12-31,Skincare,77.72,0.15,2,Mature Luminosity,Streetwear Glam
CUST-1105,34,Female,87593.25,New York,2023-09-07,Skincare,157.17,0.05,2,Combination Balance,French Riviera
CUST-1574,48,Female,49627.09,New York,2024-06-27,Haircare,90.03,0.1,4,Sensitive Glow,French Riviera
CUST-1097,34,Female,70453.5,London,2023-06-16,Skincare,227.86,0.0,2,Dry / Dehydrated,Old Money Luxe
CUST-1658,32,Female,104728.24,London,2023-04-11,Bath & Body,207.81,0.0,4,Oily Clarity,French Riviera
CUST-1206,32,Male,25445.86,Tokyo,2023-02-19,Makeup,53.18,0.0,1,Combination Balance,Streetwear Glam
CUST-1744,43,Female,59713.15,New York,2023-04-20,Bath & Body,75.67,0.2,1,Dry / Dehydrated,Old Money Luxe
CUST-1027,39,Female,77616.15,Milan,2024-05-18,Fragrance,130.93,0.0,2,Sensitive Glow,French Riviera
CUST-1738,23,Female,33193.8,Milan,2024-01-05,Bath & Body,77.63,0.2,3,Mature Luminosity,Quiet Luxury
CUST-1761,49,Female,52791.43,London,2024-04-12,Bath & Body,169.7,0.0,2,Sensitive Glow,Quiet Luxury
CUST-1786,32,Female,63072.94,Paris,2023-04-23,Skincare,106.34,0.1,4,Sensitive Glow,Quiet Luxury
CUST-1246,44,Female,56662.46,Paris,2023-11-06,Fragrance,112.66,0.15,4,Sensitive Glow,Minimalist Chic
CUST-1912,37,Female,88670.42,Paris,2024-02-18,Skincare,112.54,0.0,1,Mature Luminosity,Quiet Luxury
CUST-1702,34,Female,78461.37,New York,2024-05-04,Haircare,99.58,0.0,4,Sensitive Glow,Quiet Luxury
CUST-1314,18,Female,35460.67,Paris,2024-04-19,Makeup,136.56,0.0,2,Sensitive Glow,Streetwear Glam
CUST-2127,19,Female,72711.69,Milan,2023-06-23,Bath & Body,144.34,0.0,4,Mature Luminosity,French Riviera
CUST-1749,29,Male,38033.16,Tokyo,2023-03-18,Skincare,15.0,0.15,3,Oily Clarity,Old Money Luxe
CUST-1988,41,Female,74778.23,Tokyo,2023-12-23,Fragrance,176.68,0.1,3,Mature Luminosity,Old Money Luxe
CUST-1341,18,Female,112139.88,Dubai,2023-07-29,Bath & Body,91.65,0.15,1,Sensitive Glow,French Riviera
CUST-1093,29,Female,85943.46,Dubai,2023-01-09,Skincare,123.1,0.1,1,Sensitive Glow,Streetwear Glam
CUST-2013,24,Male,70820.99,Milan,2024-02-10,Fragrance,181.66,0.05,1,Mature Luminosity,Old Money Luxe
CUST-1338,22,Female,114966.19,Tokyo,2024-03-12,Fragrance,47.16,0.0,1,Oily Clarity,Quiet Luxury
CUST-1799,25,Female,102881.26,Tokyo,2023-04-10,Fragrance,105.3,0.0,3,Combination Balance,Minimalist Chic
CUST-1376,18,Female,95829.44,Paris,2024-04-06,Makeup,141.54,0.0,4,Mature Luminosity,Minimalist Chic
CUST-1018,45,Male,80457.93,Los Angeles,2024-01-18,Fragrance,170.34,0.05,4,Oily Clarity,Quiet Luxury
CUST-2075,24,Female,70453.75,New York,2024-03-26,Bath & Body,89.01,0.0,3,Sensitive Glow,French Riviera
CUST-1549,37,Female,74030.03,Dubai,2023-12-15,Skincare,169.3,0.15,4,Sensitive Glow,Minimalist Chic
CUST-1093,46,Female,57096.43,Dubai,2023-12-07,Makeup,120.82,0.0,3,Combination Balance,Old Money Luxe
CUST-1303,20,Female,72255.63,New York,2023-01-29,Makeup,133.11,0.05,2,Combination Balance,Old Money Luxe
CUST-1509,22,Female,88325.4,Los Angeles,2024-06-15,Makeup,15.0,0.0,2,Mature Luminosity,Old Money Luxe
CUST-1002,30,Female,94775.22,Milan,2023-06-16,Bath & Body,124.18,0.05,2,Mature Luminosity,French Riviera
CUST-1664,18,Female,84292.08,Paris,2024-03-06,Fragrance,15.0,0.05,3,Combination Balance,Minimalist Chic
CUST-1836,18,Female,66922.88,Dubai,2024-01-23,Bath & Body,41.86,0.0,4,Combination Balance,Old Money Luxe
CUST-1021,52,Female,96359.23,Los Angeles,2023-11-10,Bath & Body,213.14,0.0,3,Sensitive Glow,French Riviera
CUST-1361,25,Male,38712.05,New York,2023-08-31,Skincare,171.83,0.0,1,Mature Luminosity,Quiet Luxury
CUST-1217,18,Female,113199.54,Milan,2023-09-06,Haircare,179.84,0.0,3,Combination Balance,Quiet Luxury
CUST-2128,36,Female,104854.9,London,2023-08-28,Haircare,124.58,0.05,2,Sensitive Glow,French Riviera
CUST-1550,35,Female,56237.94,London,2024-06-06,Fragrance,130.87,0.0,4,Oily Clarity,Minimalist Chic
CUST-1913,36,Male,94536.87,London,2024-05-27,Haircare,161.66,0.05,2,Combination Balance,Minimalist Chic
CUST-1981,55,Male,88277.13,Paris,2023-02-10,Haircare,70.37,0.15,2,Sensitive Glow,Streetwear Glam
CUST-1378,26,Female,123021.78,Los Angeles,2024-03-29,Makeup,122.4,0.05,2,Sensitive Glow,Quiet Luxury
CUST-2004,31,Female,52086.5,Milan,2023-04-17,Makeup,176.82,0.05,1,Combination Balance,Old Money Luxe
CUST-1635,29,Non-Binary,135259.6,London,2024-05-23,Makeup,144.57,0.0,1,Oily Clarity,Quiet Luxury
CUST-1384,27,Female,109702.17,Paris,2024-05-04,Makeup,167.21,0.2,4,Dry / Dehydrated,Streetwear Glam
CUST-1502,43,Female,77770.91,Tokyo,2024-04-09,Haircare,48.68,0.0,1,Dry / Dehydrated,Quiet Luxury
CUST-1281,32,Female,60407.63,Milan,2024-02-13,Skincare,68.62,0.0,2,Mature Luminosity,Old Money Luxe
CUST-1773,26,Female,67186.19,Tokyo,2024-03-05,Skincare,183.98,0.15,4,Dry / Dehydrated,Old Money Luxe
CUST-1089,49,Female,73465.85,London,2024-06-25,Makeup,37.27,0.0,1,Dry / Dehydrated,French Riviera
CUST-1292,36,Female,69681.5,Milan,2023-01-04,Fragrance,78.83,0.05,1,Dry / Dehydrated,Old Money Luxe
CUST-1217,36,Female,101566.39,Dubai,2023-07-04,Bath & Body,159.4,0.0,1,Dry / Dehydrated,Minimalist Chic
CUST-1285,27,Male,60546.91,Tokyo,2023-02-24,Fragrance,94.66,0.0,1,Oily Clarity,Minimalist Chic
CUST-1629,32,Male,145186.4,New York,2023-02-12,Haircare,199.77,0.0,1,Sensitive Glow,Minimalist Chic
CUST-1114,46,Female,44058.93,Dubai,2023-05-10,Bath & Body,152.78,0.0,3,Mature Luminosity,Old Money Luxe
CUST-1043,51,Male,66307.6,Los Angeles,2024-01-14,Skincare,194.3,0.1,4,Dry / Dehydrated,Quiet Luxury
CUST-1607,40,Male,90058.54,Paris,2024-01-17,Fragrance,119.82,0.1,4,Oily Clarity,Minimalist Chic
CUST-1002,35,Male,75852.59,London,2023-04-17,Skincare,97.87,0.0,1,Sensitive Glow,Streetwear Glam
CUST-1789,34,Female,60394.27,London,2023-12-28,Bath & Body,272.03,0.1,4,Combination Balance,Minimalist Chic
CUST-1787,21,Female,60827.37,Milan,2023-04-10,Skincare,100.68,0.0,1,Oily Clarity,Minimalist Chic
CUST-1225,38,Female,114475.84,London,2024-04-04,Skincare,145.32,0.0,2,Combination Balance,French Riviera
CUST-1156,18,Female,75266.25,Dubai,2023-12-21,Bath & Body,161.81,0.05,2,Dry / Dehydrated,French Riviera
CUST-1173,38,Male,32723.57,Paris,2023-03-16,Fragrance,103.88,0.0,4,Sensitive Glow,Minimalist Chic
CUST-1877,46,Female,37953.69,Dubai,2024-03-21,Bath & Body,159.45,0.1,2,Mature Luminosity,Minimalist Chic
CUST-1870,40,Female,79174.19,London,2023-04-19,Bath & Body,193.03,0.05,1,Mature Luminosity,French Riviera
CUST-1713,62,Female,75714.14,Paris,2023-09-03,Bath & Body,127.1,0.05,3,Oily Clarity,French Riviera
CUST-1543,44,Female,105577.63,Los Angeles,2023-11-11,Skincare,124.35,0.0,1,Dry / Dehydrated,Minimalist Chic
CUST-1300,36,Female,105529.14,New York,2023-06-11,Makeup,113.97,0.05,3,Oily Clarity,Streetwear Glam
CUST-1979,18,Male,101109.65,Los Angeles,2023-09-30,Skincare,291.45,0.0,4,Dry / Dehydrated,Quiet Luxury
CUST-1875,24,Female,103402.19,Milan,2023-07-15,Bath & Body,152.99,0.05,3,Sensitive Glow,Old Money Luxe
CUST-1661,42,Female,70076.87,London,2023-01-23,Makeup,75.32,0.2,1,Oily Clarity,French Riviera
CUST-1653,27,Female,47426.77,Tokyo,2023-06-12,Haircare,158.33,0.0,2,Oily Clarity,Streetwear Glam
CUST-1682,18,Male,124837.58,London,2023-03-15,Makeup,127.7,0.0,4,Oily Clarity,Streetwear Glam
CUST-2125,18,Female,92692.9,Tokyo,2024-01-05,Fragrance,99.23,0.0,2,Mature Luminosity,Streetwear Glam
CUST-2090,29,Female,79823.0,Dubai,2024-03-19,Makeup,92.4,0.0,1,Oily Clarity,Old Money Luxe
CUST-2189,34,Female,62824.48,Milan,2023-11-01,Haircare,150.49,0.0,1,Mature Luminosity,Quiet Luxury
CUST-1449,34,Female,94240.82,Milan,2024-03-13,Skincare,281.77,0.1,1,Sensitive Glow,French Riviera
CUST-1005,38,Female,100868.71,London,2023-09-23,Skincare,115.24,0.0,4,Combination Balance,Quiet Luxury
CUST-1970,38,Female,129937.09,London,2024-05-25,Skincare,180.1,0.0,2,Dry / Dehydrated,French Riviera
CUST-1739,36,Male,41282.15,Los Angeles,2023-03-10,Makeup,174.85,0.0,4,Combination Balance,Streetwear Glam
CUST-1295,23,Female,57360.93,Los Angeles,2024-03-31,Fragrance,109.6,0.1,2,Oily Clarity,Minimalist Chic
CUST-1431,40,Female,68605.22,Los Angeles,2023-08-31,Makeup,121.49,0.2,1,Dry / Dehydrated,Minimalist Chic
CUST-1240,32,Female,61402.25,Milan,2023-06-07,Makeup,161.29,0.0,2,Oily Clarity,Old Money Luxe
CUST-1869,46,Female,41019.97,New York,2024-05-01,Skincare,90.58,0.0,3,Dry / Dehydrated,Quiet Luxury
CUST-1151,41,Female,76747.2,Tokyo,2023-05-23,Fragrance,178.74,0.05,4,Sensitive Glow,Old Money Luxe
CUST-1300,32,Female,32873.53,New York,2024-03-28,Makeup,149.66,0.05,3,Dry / Dehydrated,Minimalist Chic
CUST-1157,39,Female,96495.48,Paris,2024-03-28,Fragrance,137.85,0.2,2,Oily Clarity,Minimalist Chic
CUST-1373,35,Male,100603.53,Tokyo,2023-11-01,Makeup,180.0,0.05,2,Mature Luminosity,French Riviera
CUST-1962,18,Female,67837.85,Tokyo,2024-03-06,Bath & Body,135.07,0.0,3,Oily Clarity,Old Money Luxe
CUST-1587,42,Female,72884.47,Paris,2024-03-18,Makeup,96.95,0.15,4,Dry / Dehydrated,Old Money Luxe
CUST-1355,32,Female,82079.13,Dubai,2023-04-22,Makeup,140.62,0.0,3,Dry / Dehydrated,Streetwear Glam
CUST-1867,31,Male,99728.27,Milan,2023-01-03,Haircare,120.95,0.05,2,Mature Luminosity,French Riviera
CUST-2171,41,Female,63048.0,Dubai,2023-10-19,Bath & Body,69.84,0.0,1,Sensitive Glow,Streetwear Glam
CUST-1321,18,Female,64637.13,New York,2023-01-27,Skincare,61.31,0.0,2,Mature Luminosity,Streetwear Glam
CUST-1256,26,Female,73684.91,Milan,2023-07-26,Makeup,141.93,0.15,2,Oily Clarity,Quiet Luxury
CUST-1114,29,Male,59313.47,London,2023-08-24,Haircare,130.87,0.2,1,Sensitive Glow,Quiet Luxury
CUST-1158,32,Female,57474.28,Los Angeles,2023-05-23,Haircare,130.06,0.0,4,Oily Clarity,French Riviera
CUST-1829,42,Female,87427.05,Los Angeles,2023-12-05,Haircare,137.82,0.0,4,Sensitive Glow,Old Money Luxe
CUST-1760,51,Non-Binary,157939.57,Milan,2023-09-27,Haircare,157.22,0.0,1,Sensitive Glow,French Riviera
CUST-1222,43,Female,90218.42,Paris,2023-10-01,Skincare,140.79,0.15,2,Combination Balance,Quiet Luxury
CUST-1687,30,Female,89583.67,Paris,2023-04-24,Makeup,103.64,0.2,3,Combination Balance,Minimalist Chic
CUST-2109,35,Female,77996.61,Paris,2023-09-19,Skincare,64.13,0.05,3,Sensitive Glow,Quiet Luxury
CUST-1022,25,Male,98800.41,Los Angeles,2023-11-26,Bath & Body,113.88,0.15,3,Sensitive Glow,Quiet Luxury
CUST-1413,33,Female,83240.84,Milan,2023-12-01,Skincare,74.41,0.0,2,Sensitive Glow,French Riviera
CUST-1174,34,Female,81844.8,Dubai,2024-04-14,Fragrance,93.17,0.1,2,Dry / Dehydrated,Quiet Luxury
CUST-1990,27,Female,74331.34,Paris,2023-01-05,Skincare,87.11,0.15,4,Combination Balance,Old Money Luxe
CUST-1632,42,Female,79741.18,Paris,2024-06-23,Bath & Body,18.23,0.0,1,Combination Balance,Streetwear Glam
CUST-2024,44,Male,73422.56,London,2024-03-06,Bath & Body,123.12,0.05,3,Oily Clarity,French Riviera
CUST-1265,35,Female,78589.75,Milan,2023-09-05,Skincare,79.34,0.05,2,Combination Balance,Streetwear Glam
CUST-2031,23,Female,78780.41,Paris,2023-08-22,Fragrance,77.05,0.0,1,Sensitive Glow,Old Money Luxe
CUST-1782,32,Female,92606.33,Tokyo,2023-08-11,Fragrance,135.49,0.0,3,Dry / Dehydrated,French Riviera
CUST-1330,35,Female,84128.26,London,2024-04-12,Haircare,77.28,0.1,3,Dry / Dehydrated,Old Money Luxe
CUST-1474,45,Female,57109.2,London,2023-10-31,Makeup,114.83,0.15,2,Sensitive Glow,Quiet Luxury
CUST-2057,38,Female,90682.3,Milan,2023-04-02,Fragrance,130.04,0.2,3,Mature Luminosity,French Riviera
CUST-1916,18,Female,110203.15,Los Angeles,2023-10-12,Makeup,127.44,0.0,1,Combination Balance,French Riviera
CUST-1737,22,Female,83713.28,Dubai,2023-08-28,Haircare,70.73,0.05,2,Dry / Dehydrated,Streetwear Glam
CUST-1489,23,Male,94176.57,London,2023-07-29,Fragrance,146.9,0.1,3,Mature Luminosity,Old Money Luxe
CUST-1312,20,Male,116694.95,Dubai,2023-11-08,Haircare,108.11,0.05,3,Dry / Dehydrated,Old Money Luxe
CUST-1292,27,Male,86713.99,Los Angeles,2024-06-06,Bath & Body,93.05,0.1,3,Mature Luminosity,Old Money Luxe
CUST-2021,37,Female,91764.97,Paris,2024-05-16,Haircare,147.61,0.0,3,Combination Balance,Minimalist Chic
CUST-1605,18,Female,70509.11,London,2023-08-20,Skincare,115.87,0.1,2,Combination Balance,Quiet Luxury
CUST-1744,21,Female,47751.1,New York,2023-03-13,Skincare,124.57,0.0,3,Dry / Dehydrated,Minimalist Chic
CUST-1943,37,Female,82263.35,New York,2023-08-06,Haircare,94.74,0.0,1,Combination Balance,Streetwear Glam
CUST-1287,21,Female,84446.19,Paris,2023-11-23,Fragrance,133.2,0.0,1,Oily Clarity,Old Money Luxe
CUST-1744,19,Female,87777.77,Los Angeles,2023-11-29,Bath & Body,116.32,0.0,2,Oily Clarity,Streetwear Glam
CUST-1264,36,Female,104383.21,Tokyo,2023-06-03,Bath & Body,73.27,0.0,3,Mature Luminosity,Quiet Luxury
CUST-1642,46,Female,70392.45,New York,2023-04-25,Skincare,140.61,0.0,2,Oily Clarity,Quiet Luxury
CUST-1921,37,Female,53487.32,New York,2023-01-16,Skincare,89.77,0.0,1,Mature Luminosity,Old Money Luxe
CUST-1501,18,Female,51913.38,Milan,2024-01-15,Fragrance,123.79,0.1,2,Dry / Dehydrated,Minimalist Chic
CUST-1215,53,Female,94239.28,New York,2023-05-12,Haircare,113.98,0.05,1,Sensitive Glow,Quiet Luxury
CUST-1817,36,Female,67589.35,Los Angeles,2024-06-02,Skincare,74.33,0.0,3,Sensitive Glow,Streetwear Glam
CUST-1946,30,Male,101314.49,Milan,2024-06-25,Skincare,80.29,0.0,2,Combination Balance,Streetwear Glam
CUST-1959,23,Female,109168.67,Milan,2023-12-29,Fragrance,135.66,0.05,1,Oily Clarity,Old Money Luxe
CUST-1175,46,Female,93034.29,London,2023-02-12,Skincare,158.38,0.05,3,Oily Clarity,Streetwear Glam
CUST-1408,39,Female,33419.54,Tokyo,2024-06-25,Bath & Body,128.73,0.0,2,Dry / Dehydrated,French Riviera
CUST-1701,23,Female,96430.7,Dubai,2023-08-02,Haircare,115.9,0.15,3,Sensitive Glow,Streetwear Glam
CUST-1234,51,Female,77195.53,New York,2024-01-22,Haircare,15.0,0.1,1,Dry / Dehydrated,Quiet Luxury
CUST-1318,18,Female,113056.98,Tokyo,2023-06-27,Makeup,182.81,0.0,2,Sensitive Glow,French Riviera
CUST-2163,31,Male,61087.88,Paris,2024-04-08,Fragrance,76.75,0.05,4,Oily Clarity,Old Money Luxe
CUST-1740,34,Female,103523.61,Los Angeles,2024-06-10,Haircare,85.42,0.0,4,Oily Clarity,Minimalist Chic
CUST-1110,29,Non-Binary,99472.61,London,2023-01-30,Skincare,162.2,0.0,1,Oily Clarity,French Riviera
CUST-1516,32,Male,23891.74,Milan,2023-01-02,Makeup,54.1,0.1,2,Dry / Dehydrated,Minimalist Chic
CUST-1141,38,Female,69898.42,New York,2023-12-06,Haircare,40.41,0.0,4,Dry / Dehydrated,French Riviera
CUST-1924,29,Female,80159.92,Los Angeles,2024-03-03,Haircare,100.44,0.0,2,Mature Luminosity,Minimalist Chic
CUST-1531,18,Female,69518.56,London,2024-04-03,Skincare,115.0,0.1,2,Dry / Dehydrated,Streetwear Glam
CUST-1700,47,Male,56482.6,Los Angeles,2023-03-03,Bath & Body,128.78,0.0,1,Sensitive Glow,Minimalist Chic
CUST-1715,37,Female,47515.25,Tokyo,2023-08-23,Haircare,133.2,0.05,1,Oily Clarity,Quiet Luxury
CUST-1329,36,Female,84121.7,Milan,2023-04-24,Haircare,127.99,0.0,3,Combination Balance,Quiet Luxury
CUST-1796,36,Female,61596.22,Los Angeles,2023-01-06,Skincare,65.24,0.1,4,Mature Luminosity,Quiet Luxury
CUST-1406,26,Female,57546.03,Paris,2024-05-24,Fragrance,195.91,0.0,2,Mature Luminosity,Minimalist Chic
CUST-1663,41,Female,122972.92,Milan,2023-10-29,Bath & Body,32.17,0.0,2,Dry / Dehydrated,Minimalist Chic
CUST-1939,18,Female,120371.0,London,2023-01-11,Haircare,26.09,0.15,1,Combination Balance,Old Money Luxe
CUST-1832,18,Female,38169.83,New York,2023-03-22,Fragrance,137.6,0.15,2,Dry / Dehydrated,Streetwear Glam
CUST-1257,25,Male,59562.31,Milan,2023-10-05,Haircare,62.72,0.1,1,Mature Luminosity,Old Money Luxe
CUST-1074,40,Female,98663.78,London,2023-07-13,Makeup,161.05,0.0,2,Oily Clarity,Quiet Luxury
CUST-1340,37,Female,107772.07,Dubai,2024-06-22,Haircare,195.77,0.0,1,Sensitive Glow,French Riviera
CUST-1429,30,Male,82050.01,London,2023-06-26,Fragrance,138.82,0.0,2,Dry / Dehydrated,French Riviera
CUST-1745,21,Female,85564.18,Paris,2023-07-09,Bath & Body,157.7,0.05,1,Combination Balance,Quiet Luxury
CUST-1255,39,Female,73192.68,Milan,2024-04-27,Haircare,70.44,0.0,1,Oily Clarity,Streetwear Glam
CUST-1840,18,Female,92505.55,New York,2023-01-18,Bath & Body,231.02,0.15,2,Mature Luminosity,Streetwear Glam
CUST-2071,38,Male,52410.11,Los Angeles,2024-06-04,Bath & Body,177.12,0.05,2,Dry / Dehydrated,Minimalist Chic
CUST-1939,18,Female,84230.07,Tokyo,2023-05-06,Bath & Body,158.36,0.1,4,Sensitive Glow,Quiet Luxury
CUST-1333,25,Non-Binary,126124.15,Dubai,2023-10-24,Haircare,112.14,0.1,4,Oily Clarity,French Riviera
CUST-1895,42,Female,57789.56,Milan,2023-03-02,Bath & Body,95.2,0.0,4,Mature Luminosity,Old Money Luxe
CUST-1179,50,Female,20000.0,Los Angeles,2023-03-15,Skincare,163.65,0.1,4,Dry / Dehydrated,Old Money Luxe
CUST-1842,41,Male,40701.27,Paris,2023-06-17,Haircare,15.0,0.0,4,Mature Luminosity,Quiet Luxury
CUST-1204,32,Female,72923.36,Milan,2024-03-20,Haircare,130.99,0.2,2,Mature Luminosity,Quiet Luxury
CUST-1066,39,Female,66427.74,Milan,2024-03-12,Bath & Body,64.0,0.0,2,Oily Clarity,Minimalist Chic
CUST-1456,32,Female,104711.81,Los Angeles,2023-08-02,Haircare,79.68,0.05,3,Mature Luminosity,Streetwear Glam
CUST-1234,27,Female,93629.67,London,2023-07-29,Haircare,194.16,0.15,4,Dry / Dehydrated,French Riviera
CUST-1950,18,Female,77776.69,Tokyo,2024-06-18,Haircare,33.21,0.0,2,Dry / Dehydrated,French Riviera
CUST-1458,35,Female,69933.01,Dubai,2023-01-12,Bath & Body,129.18,0.05,4,Combination Balance,French Riviera
CUST-1629,24,Female,57006.03,Los Angeles,2023-05-21,Haircare,111.6,0.05,2,Sensitive Glow,Old Money Luxe
CUST-1849,28,Female,49479.31,Paris,2023-06-24,Skincare,110.05,0.0,3,Dry / Dehydrated,Minimalist Chic
CUST-1766,32,Male,90170.52,Los Angeles,2024-03-09,Fragrance,79.4,0.2,3,Mature Luminosity,French Riviera
CUST-1686,22,Male,94461.55,London,2024-04-15,Fragrance,190.68,0.0,4,Oily Clarity,Minimalist Chic
CUST-2138,45,Female,73218.22,Tokyo,2023-12-31,Makeup,127.87,0.0,4,Mature Luminosity,Streetwear Glam
CUST-1105,23,Female,79127.19,Los Angeles,2024-01-24,Fragrance,238.83,0.0,1,Oily Clarity,Minimalist Chic
CUST-1799,30,Female,83251.72,Milan,2023-10-25,Makeup,220.14,0.0,1,Oily Clarity,French Riviera
CUST-2059,33,Female,106766.37,London,2023-10-07,Haircare,213.19,0.15,2,Sensitive Glow,Old Money Luxe
CUST-1258,34,Female,90870.13,Dubai,2024-04-25,Skincare,134.15,0.15,1,Mature Luminosity,Streetwear Glam
CUST-1532,22,Female,72086.15,Los Angeles,2023-08-01,Fragrance,44.95,0.1,4,Sensitive Glow,French Riviera
CUST-1417,35,Female,99347.13,Paris,2024-02-15,Skincare,135.24,0.0,3,Dry / Dehydrated,Streetwear Glam
CUST-1023,28,Male,88787.78,Milan,2024-01-23,Fragrance,119.62,0.05,1,Sensitive Glow,Old Money Luxe
CUST-2113,43,Female,103029.62,Paris,2023-01-25,Fragrance,95.66,0.1,2,Oily Clarity,Old Money Luxe
CUST-1267,35,Female,62928.13,Tokyo,2023-01-12,Bath & Body,160.97,0.0,3,Sensitive Glow,Minimalist Chic
CUST-1454,23,Female,40033.45,New York,2023-02-14,Makeup,190.33,0.1,1,Mature Luminosity,Minimalist Chic
CUST-1774,43,Female,84401.91,Los Angeles,2024-01-19,Bath & Body,82.54,0.05,2,Dry / Dehydrated,French Riviera
CUST-1169,24,Female,58888.11,London,2023-04-04,Skincare,79.15,0.1,4,Mature Luminosity,Old Money Luxe
CUST-1227,19,Female,69814.96,Tokyo,2024-02-07,Fragrance,234.33,0.0,1,Dry / Dehydrated,Old Money Luxe
CUST-1290,23,Female,73848.91,New York,2023-10-20,Bath & Body,54.67,0.1,2,Sensitive Glow,Old Money Luxe
CUST-1158,24,Female,67612.98,Tokyo,2024-02-15,Bath & Body,130.39,0.0,3,Sensitive Glow,Streetwear Glam
CUST-1206,28,Female,84873.04,Tokyo,2023-10-08,Skincare,44.01,0.1,1,Oily Clarity,Old Money Luxe
CUST-1996,31,Female,96670.53,Milan,2023-07-31,Skincare,141.98,0.2,3,Sensitive Glow,Streetwear Glam
CUST-1768,31,Male,86137.86,New York,2024-03-04,Haircare,90.39,0.05,2,Sensitive Glow,Minimalist Chic
CUST-1611,40,Male,83392.3,Paris,2023-11-22,Makeup,186.34,0.15,2,Mature Luminosity,Quiet Luxury
CUST-1064,18,Female,74190.39,Paris,2024-02-20,Bath & Body,148.26,0.0,2,Combination Balance,Streetwear Glam
CUST-2119,32,Male,122913.73,Paris,2023-01-29,Makeup,110.66,0.0,2,Mature Luminosity,French Riviera
CUST-1249,30,Male,82248.19,London,2023-06-26,Fragrance,186.07,0.2,2,Dry / Dehydrated,Quiet Luxury
CUST-1047,34,Female,84782.94,Dubai,2024-03-31,Fragrance,106.6,0.1,3,Sensitive Glow,Minimalist Chic
CUST-1747,23,Female,120025.23,Paris,2023-07-26,Makeup,192.48,0.0,2,Dry / Dehydrated,French Riviera
CUST-1283,38,Non-Binary,62776.74,London,2023-10-08,Skincare,15.0,0.0,1,Sensitive Glow,French Riviera
CUST-1560,20,Male,64308.77,Tokyo,2023-06-14,Makeup,107.39,0.0,4,Dry / Dehydrated,French Riviera
CUST-2129,33,Female,46312.74,Milan,2024-04-18,Bath & Body,99.37,0.05,3,Oily Clarity,Streetwear Glam
CUST-1893,55,Female,54760.83,Dubai,2023-07-01,Haircare,215.1,0.05,4,Sensitive Glow,French Riviera
CUST-1354,24,Female,33245.55,London,2023-02-15,Bath & Body,99.13,0.0,3,Oily Clarity,Old Money Luxe
CUST-2195,41,Female,67023.43,Los Angeles,2024-05-31,Fragrance,74.27,0.1,4,Combination Balance,Minimalist Chic
CUST-1421,22,Female,69664.22,Milan,2024-04-28,Haircare,180.46,0.05,1,Oily Clarity,Streetwear Glam
CUST-1867,22,Female,61952.61,Dubai,2023-09-05,Bath & Body,174.33,0.05,4,Combination Balance,Quiet Luxury
CUST-1220,44,Female,65413.05,Dubai,2024-02-05,Haircare,162.27,0.0,3,Oily Clarity,Minimalist Chic
CUST-2161,37,Female,107345.44,New York,2023-11-05,Bath & Body,81.23,0.0,1,Dry / Dehydrated,Streetwear Glam
CUST-1342,39,Male,86344.16,Paris,2023-09-20,Fragrance,94.5,0.0,2,Combination Balance,Quiet Luxury
CUST-1839,26,Female,65375.44,New York,2024-04-26,Fragrance,101.2,0.05,3,Mature Luminosity,French Riviera
CUST-1815,19,Female,80230.79,Paris,2023-10-23,Skincare,75.12,0.0,1,Sensitive Glow,French Riviera
CUST-1879,35,Female,71310.62,Los Angeles,2023-05-06,Makeup,112.16,0.05,2,Combination Balance,Minimalist Chic
CUST-1148,30,Female,69746.11,London,2023-10-29,Bath & Body,72.49,0.0,4,Combination Balance,Minimalist Chic
CUST-1643,34,Male,91248.58,Paris,2023-04-10,Skincare,92.34,0.0,4,Combination Balance,Old Money Luxe
CUST-1673,35,Female,59499.43,London,2023-12-26,Haircare,90.57,0.0,1,Mature Luminosity,French Riviera
CUST-1476,26,Female,63362.15,Dubai,2024-02-26,Skincare,117.84,0.15,3,Oily Clarity,French Riviera
CUST-1434,18,Female,82246.8,Dubai,2024-01-21,Makeup,131.08,0.0,2,Dry / Dehydrated,Quiet Luxury
CUST-1569,18,Non-Binary,78310.63,Milan,2023-07-03,Fragrance,92.97,0.05,1,Dry / Dehydrated,Quiet Luxury
CUST-1863,30,Female,36490.72,Milan,2023-08-26,Haircare,131.82,0.0,1,Combination Balance,French Riviera
CUST-1405,18,Female,79147.29,London,2023-12-05,Skincare,146.54,0.15,3,Oily Clarity,Streetwear Glam
CUST-1095,33,Female,98902.28,New York,2024-04-17,Haircare,62.33,0.05,3,Dry / Dehydrated,Old Money Luxe
CUST-1927,49,Female,70177.38,London,2023-06-14,Fragrance,51.66,0.0,3,Combination Balance,Quiet Luxury
CUST-1784,39,Male,91658.57,London,2023-05-31,Fragrance,96.32,0.15,3,Dry / Dehydrated,French Riviera
CUST-1036,22,Male,108982.29,Milan,2023-06-10,Fragrance,69.0,0.15,3,Dry / Dehydrated,Streetwear Glam
CUST-1582,30,Female,92772.67,London,2024-03-04,Haircare,160.66,0.05,4,Dry / Dehydrated,Quiet Luxury
CUST-2080,34,Male,74461.85,Paris,2023-09-14,Bath & Body,99.66,0.15,2,Dry / Dehydrated,Old Money Luxe
CUST-1962,39,Female,79715.31,Paris,2024-01-30,Haircare,110.92,0.0,4,Combination Balance,French Riviera
CUST-1649,29,Female,77326.67,Los Angeles,2024-05-03,Bath & Body,153.78,0.05,3,Oily Clarity,Old Money Luxe
CUST-2139,42,Male,67185.56,Los Angeles,2023-08-31,Bath & Body,125.5,0.05,3,Oily Clarity,Quiet Luxury
CUST-1096,48,Male,63730.39,Tokyo,2024-03-26,Bath & Body,224.31,0.2,1,Oily Clarity,Streetwear Glam
CUST-1248,45,Female,37232.88,Los Angeles,2023-01-13,Bath & Body,25.49,0.0,1,Mature Luminosity,Old Money Luxe
CUST-1059,45,Female,96940.32,London,2023-07-15,Skincare,80.25,0.05,2,Dry / Dehydrated,Minimalist Chic
CUST-1215,35,Female,86739.91,New York,2024-02-14,Haircare,142.06,0.0,3,Sensitive Glow,Minimalist Chic
CUST-1180,30,Female,74354.05,London,2023-01-04,Bath & Body,110.42,0.0,4,Mature Luminosity,Old Money Luxe
CUST-1107,28,Male,102954.21,New York,2023-07-26,Skincare,63.49,0.0,3,Dry / Dehydrated,Old Money Luxe
CUST-1623,29,Female,82121.78,Paris,2023-09-22,Bath & Body,205.2,0.0,4,Combination Balance,Quiet Luxury
CUST-1777,45,Female,67974.42,New York,2023-08-18,Makeup,61.43,0.1,1,Sensitive Glow,Quiet Luxury
CUST-1943,30,Female,69907.42,Paris,2024-06-06,Makeup,80.6,0.05,3,Combination Balance,Minimalist Chic
CUST-2196,40,Female,101682.92,Los Angeles,2024-06-16,Haircare,141.52,0.05,4,Oily Clarity,Old Money Luxe
CUST-2068,19,Female,93308.04,Dubai,2023-03-18,Makeup,124.67,0.0,2,Mature Luminosity,Streetwear Glam
CUST-2003,29,Female,49093.88,New York,2023-02-22,Bath & Body,236.1,0.05,1,Oily Clarity,Minimalist Chic
CUST-1188,31,Female,53987.85,New York,2023-07-01,Bath & Body,65.31,0.2,4,Dry / Dehydrated,French Riviera
CUST-2143,26,Male,67833.25,Los Angeles,2024-06-14,Makeup,78.38,0.2,3,Sensitive Glow,Old Money Luxe
CUST-1153,22,Male,81981.85,Tokyo,2023-11-12,Skincare,179.51,0.05,2,Sensitive Glow,Old Money Luxe
CUST-1442,25,Female,36507.85,Tokyo,2023-04-20,Haircare,96.99,0.0,3,Sensitive Glow,Streetwear Glam
CUST-1214,32,Female,100426.64,New York,2023-07-09,Makeup,126.28,0.0,4,Mature Luminosity,Quiet Luxury
CUST-2052,29,Male,59530.2,Los Angeles,2023-02-24,Bath & Body,127.38,0.0,4,Combination Balance,Streetwear Glam
CUST-1315,40,Male,81997.21,Los Angeles,2023-11-27,Fragrance,49.0,0.05,1,Dry / Dehydrated,Minimalist Chic
CUST-1448,26,Female,59100.58,New York,2023-04-01,Haircare,130.79,0.1,1,Oily Clarity,Quiet Luxury
CUST-2051,36,Male,115912.1,London,2024-05-30,Haircare,88.52,0.15,4,Sensitive Glow,Old Money Luxe
CUST-1569,26,Female,71208.66,Tokyo,2023-05-04,Makeup,61.65,0.0,3,Combination Balance,Quiet Luxury
CUST-1209,44,Male,20745.98,London,2023-11-16,Haircare,72.23,0.0,1,Dry / Dehydrated,Old Money Luxe
CUST-1492,31,Male,80390.38,Paris,2023-12-11,Haircare,117.92,0.0,4,Sensitive Glow,French Riviera
CUST-1058,35,Female,39225.84,Tokyo,2024-04-07,Fragrance,118.2,0.1,4,Oily Clarity,French Riviera
CUST-1543,26,Male,100117.3,Paris,2023-11-11,Fragrance,203.09,0.0,1,Dry / Dehydrated,French Riviera
CUST-1883,32,Female,75679.43,London,2023-09-19,Makeup,88.93,0.0,4,Oily Clarity,Quiet Luxury
CUST-1882,34,Female,81786.94,Dubai,2023-12-09,Bath & Body,127.5,0.05,4,Dry / Dehydrated,Streetwear Glam
CUST-1558,24,Female,88936.76,New York,2023-05-13,Skincare,72.46,0.2,4,Dry / Dehydrated,Streetwear Glam
CUST-1865,18,Female,69925.79,London,2024-01-19,Bath & Body,126.75,0.0,3,Sensitive Glow,Streetwear Glam
CUST-1361,18,Male,83214.08,Dubai,2023-04-12,Bath & Body,108.7,0.0,4,Mature Luminosity,Quiet Luxury
CUST-2010,29,Female,71858.37,Dubai,2024-04-16,Haircare,191.27,0.0,2,Dry / Dehydrated,Old Money Luxe
CUST-1509,23,Male,44601.55,Paris,2023-11-01,Makeup,107.71,0.0,4,Dry / Dehydrated,Old Money Luxe
CUST-1073,42,Female,57604.25,Dubai,2023-04-07,Bath & Body,179.8,0.1,1,Sensitive Glow,Old Money Luxe
CUST-2089,40,Non-Binary,72599.26,Paris,2024-01-02,Bath & Body,138.33,0.05,4,Sensitive Glow,Quiet Luxury
CUST-1828,29,Female,85634.33,Tokyo,2024-06-07,Haircare,195.62,0.0,2,Dry / Dehydrated,Minimalist Chic
CUST-1549,20,Female,59668.65,Tokyo,2024-01-31,Makeup,103.05,0.0,3,Sensitive Glow,Minimalist Chic
CUST-1711,29,Female,92855.94,Milan,2023-01-29,Bath & Body,63.91,0.0,4,Mature Luminosity,French Riviera
CUST-1006,38,Male,94135.77,Paris,2024-03-27,Makeup,177.81,0.0,4,Mature Luminosity,Quiet Luxury
CUST-1976,19,Female,108906.28,Milan,2023-02-19,Bath & Body,145.04,0.0,3,Sensitive Glow,Minimalist Chic
CUST-1645,27,Female,59549.6,Milan,2024-03-29,Skincare,153.98,0.0,3,Sensitive Glow,Minimalist Chic
CUST-1680,34,Female,60296.17,Tokyo,2024-06-16,Makeup,192.54,0.1,1,Dry / Dehydrated,Streetwear Glam
CUST-1876,20,Female,118453.67,New York,2023-06-14,Skincare,114.9,0.1,3,Sensitive Glow,French Riviera
CUST-1157,30,Female,72303.13,London,2023-05-15,Skincare,53.77,0.1,2,Mature Luminosity,French Riviera
CUST-1970,29,Female,62561.83,Dubai,2023-01-09,Skincare,110.56,0.0,3,Oily Clarity,Minimalist Chic
CUST-1967,39,Non-Binary,88503.99,Paris,2023-06-09,Skincare,167.17,0.15,2,Dry / Dehydrated,Quiet Luxury
CUST-1595,20,Male,55397.47,Los Angeles,2023-08-09,Makeup,36.85,0.0,1,Mature Luminosity,Quiet Luxury
CUST-1342,35,Female,36966.31,Los Angeles,2024-05-16,Makeup,115.74,0.0,2,Dry / Dehydrated,Old Money Luxe
CUST-1623,32,Male,103110.35,Los Angeles,2023-06-20,Bath & Body,180.65,0.0,3,Oily Clarity,Streetwear Glam
CUST-1718,28,Female,69378.12,Dubai,2023-02-04,Bath & Body,177.78,0.05,1,Oily Clarity,French Riviera
CUST-1746,31,Non-Binary,70796.51,Tokyo,2023-09-13,Skincare,127.5,0.15,1,Combination Balance,French Riviera
CUST-1683,41,Female,75583.1,Dubai,2024-02-22,Fragrance,132.02,0.0,4,Oily Clarity,Old Money Luxe
CUST-1552,26,Female,78536.97,Milan,2023-03-07,Fragrance,113.71,0.0,1,Dry / Dehydrated,Minimalist Chic
CUST-1840,30,Female,119087.14,Los Angeles,2023-11-02,Makeup,75.35,0.15,1,Sensitive Glow,French Riviera
CUST-2019,18,Female,53570.69,Paris,2024-03-04,Makeup,144.59,0.0,1,Mature Luminosity,Streetwear Glam
CUST-1736,37,Female,83079.45,London,2023-11-16,Skincare,111.22,0.0,1,Sensitive Glow,Streetwear Glam
CUST-1221,30,Female,50648.5,New York,2023-02-08,Fragrance,22.41,0.0,3,Oily Clarity,Quiet Luxury
CUST-1358,35,Female,63333.96,New York,2024-03-15,Bath & Body,165.77,0.0,1,Combination Balance,Streetwear Glam
CUST-1854,37,Male,94917.1,New York,2023-06-10,Bath & Body,155.9,0.2,3,Sensitive Glow,Old Money Luxe
CUST-2186,34,Female,84324.23,Dubai,2023-07-24,Bath & Body,70.15,0.05,2,Mature Luminosity,Old Money Luxe
CUST-1887,35,Female,73619.55,Los Angeles,2024-02-02,Haircare,223.62,0.15,1,Mature Luminosity,French Riviera
CUST-1590,24,Male,86904.35,Paris,2024-03-03,Skincare,125.82,0.05,3,Oily Clarity,Minimalist Chic
CUST-1955,25,Female,118704.51,Milan,2023-09-01,Makeup,167.9,0.05,4,Mature Luminosity,French Riviera
CUST-2143,32,Female,88874.18,Milan,2023-06-28,Makeup,187.18,0.05,1,Combination Balance,Streetwear Glam
CUST-1590,25,Female,56416.02,Paris,2024-01-03,Bath & Body,145.78,0.2,4,Dry / Dehydrated,Streetwear Glam
CUST-1083,34,Female,52042.1,London,2023-11-22,Bath & Body,45.5,0.1,2,Mature Luminosity,Old Money Luxe
CUST-1108,19,Female,80082.34,Tokyo,2023-06-20,Bath & Body,176.35,0.05,1,Dry / Dehydrated,Streetwear Glam
CUST-1721,29,Female,134763.39,Milan,2023-06-09,Skincare,116.11,0.1,2,Dry / Dehydrated,French Riviera
CUST-1282,33,Non-Binary,54551.57,New York,2023-05-20,Bath & Body,127.03,0.05,4,Mature Luminosity,Quiet Luxury
CUST-1317,47,Female,34226.17,Paris,2023-03-01,Bath & Body,48.27,0.0,2,Sensitive Glow,Minimalist Chic
CUST-1884,18,Male,108030.28,Dubai,2023-03-12,Skincare,39.3,0.0,3,Combination Balance,Minimalist Chic
CUST-1065,37,Female,81234.33,Tokyo,2024-04-13,Bath & Body,153.48,0.05,1,Sensitive Glow,Streetwear Glam
CUST-1865,29,Male,107423.71,Tokyo,2023-06-05,Skincare,141.82,0.1,1,Combination Balance,French Riviera
CUST-1636,34,Non-Binary,77465.97,London,2023-04-02,Fragrance,180.94,0.15,4,Oily Clarity,French Riviera
CUST-2184,21,Non-Binary,52847.94,London,2023-01-04,Makeup,63.53,0.15,1,Combination Balance,Minimalist Chic
CUST-1852,35,Female,61294.8,Dubai,2023-09-20,Makeup,128.06,0.05,4,Combination Balance,French Riviera
CUST-1175,38,Female,34559.46,New York,2023-12-22,Fragrance,142.49,0.05,1,Oily Clarity,Quiet Luxury
CUST-1375,34,Female,115888.85,Tokyo,2023-02-15,Haircare,53.07,0.0,4,Dry / Dehydrated,Minimalist Chic
CUST-2078,30,Female,54570.03,Tokyo,2023-08-30,Bath & Body,87.27,0.05,1,Mature Luminosity,French Riviera
CUST-1959,33,Female,76437.66,New York,2024-03-27,Haircare,52.63,0.1,1,Oily Clarity,Streetwear Glam
CUST-1840,28,Female,81817.71,Tokyo,2024-06-08,Skincare,196.32,0.05,1,Mature Luminosity,Old Money Luxe
CUST-1862,46,Female,75018.88,Paris,2023-04-19,Makeup,190.1,0.0,2,Mature Luminosity,French Riviera
CUST-1496,31,Female,57497.06,Dubai,2023-04-28,Fragrance,60.41,0.0,3,Combination Balance,Minimalist Chic
CUST-2112,31,Female,80794.92,Dubai,2023-05-22,Bath & Body,110.34,0.0,4,Dry / Dehydrated,Streetwear Glam
CUST-1257,34,Female,91798.49,Tokyo,2024-03-18,Skincare,112.61,0.0,2,Oily Clarity,Quiet Luxury
CUST-1942,40,Female,93014.12,Los Angeles,2023-07-07,Skincare,119.91,0.05,2,Dry / Dehydrated,Old Money Luxe
CUST-1553,37,Female,20000.0,Los Angeles,2023-01-10,Skincare,49.58,0.15,3,Combination Balance,Quiet Luxury
CUST-1199,18,Female,70994.23,Los Angeles,2024-01-06,Bath & Body,205.07,0.15,1,Mature Luminosity,Streetwear Glam
CUST-1678,40,Female,50582.67,Los Angeles,2023-04-14,Skincare,102.93,0.15,1,Dry / Dehydrated,Quiet Luxury
CUST-2046,43,Male,76863.21,Milan,2024-02-13,Skincare,183.82,0.0,4,Sensitive Glow,Quiet Luxury
CUST-1295,49,Female,47370.67,Dubai,2023-06-11,Haircare,113.84,0.0,1,Sensitive Glow,Minimalist Chic
CUST-1316,27,Female,78700.0,New York,2023-04-02,Bath & Body,32.89,0.0,4,Dry / Dehydrated,Streetwear Glam
CUST-1411,30,Female,79607.73,Paris,2023-07-18,Skincare,119.38,0.0,1,Dry / Dehydrated,Minimalist Chic
CUST-1247,25,Female,68380.77,Dubai,2024-04-13,Skincare,153.23,0.0,3,Sensitive Glow,Minimalist Chic
CUST-1212,25,Female,116856.53,Tokyo,2024-01-31,Skincare,154.58,0.0,4,Mature Luminosity,Streetwear Glam
CUST-1800,39,Female,104295.95,Paris,2023-06-25,Skincare,72.57,0.0,1,Combination Balance,Streetwear Glam
CUST-1990,23,Female,76548.43,London,2023-12-16,Makeup,152.17,0.0,4,Mature Luminosity,French Riviera
CUST-1899,19,Female,73704.02,Los Angeles,2024-02-03,Fragrance,141.58,0.0,2,Dry / Dehydrated,Streetwear Glam
CUST-1299,36,Female,63781.08,Milan,2024-02-14,Skincare,164.27,0.0,4,Sensitive Glow,Minimalist Chic
CUST-1492,40,Female,96110.09,London,2023-02-15,Fragrance,226.47,0.05,2,Mature Luminosity,Minimalist Chic
CUST-1975,34,Female,102896.18,Tokyo,2023-01-03,Bath & Body,100.04,0.0,1,Combination Balance,Old Money Luxe
CUST-2009,35,Female,83656.5,New York,2024-06-16,Bath & Body,153.23,0.1,3,Oily Clarity,Streetwear Glam
CUST-1219,22,Female,87073.25,Tokyo,2024-04-24,Haircare,151.6,0.05,4,Oily Clarity,Minimalist Chic
CUST-1057,26,Male,75720.97,New York,2024-02-23,Haircare,124.19,0.0,2,Dry / Dehydrated,Quiet Luxury
CUST-1797,28,Male,101142.61,Paris,2023-05-14,Fragrance,56.27,0.0,3,Combination Balance,Old Money Luxe
CUST-1910,28,Female,113302.62,Paris,2023-04-29,Bath & Body,141.93,0.0,3,Sensitive Glow,Streetwear Glam
CUST-1938,38,Female,57637.54,New York,2023-07-10,Skincare,141.74,0.0,3,Sensitive Glow,French Riviera
CUST-2025,38,Female,63859.92,Los Angeles,2023-05-08,Fragrance,84.67,0.0,3,Sensitive Glow,French Riviera
CUST-2075,43,Female,66152.26,Tokyo,2024-04-25,Fragrance,201.01,0.05,4,Dry / Dehydrated,Minimalist Chic
CUST-1310,18,Female,46323.25,New York,2023-01-21,Fragrance,184.65,0.05,3,Combination Balance,Streetwear Glam
CUST-1286,30,Male,80278.12,New York,2024-04-21,Bath & Body,99.09,0.05,1,Oily Clarity,Old Money Luxe
CUST-1990,30,Male,70393.85,Tokyo,2023-02-21,Haircare,180.3,0.15,2,Mature Luminosity,Minimalist Chic
CUST-2179,32,Female,83646.9,Milan,2024-01-10,Fragrance,113.65,0.0,2,Mature Luminosity,French Riviera
CUST-1265,48,Male,70094.13,Milan,2023-03-24,Bath & Body,126.41,0.0,1,Mature Luminosity,Quiet Luxury
CUST-1712,34,Male,122528.1,Dubai,2023-10-07,Fragrance,93.37,0.0,2,Oily Clarity,Old Money Luxe
CUST-1092,33,Female,87863.04,Paris,2024-04-14,Makeup,197.55,0.0,1,Sensitive Glow,Old Money Luxe
CUST-1217,33,Female,46739.59,Tokyo,2023-12-03,Haircare,75.11,0.15,1,Combination Balance,Minimalist Chic
CUST-1484,35,Female,103034.85,Paris,2023-03-18,Makeup,154.82,0.05,2,Oily Clarity,Streetwear Glam
CUST-1131,39,Male,102301.59,Paris,2023-12-25,Fragrance,112.71,0.0,2,Combination Balance,Old Money Luxe
CUST-1076,31,Female,74525.03,Los Angeles,2023-11-28,Skincare,112.53,0.1,4,Oily Clarity,French Riviera
CUST-1060,21,Non-Binary,124467.77,London,2024-02-08,Bath & Body,50.49,0.1,1,Dry / Dehydrated,Streetwear Glam
CUST-1773,34,Non-Binary,51048.02,London,2024-02-02,Fragrance,153.55,0.15,4,Mature Luminosity,Minimalist Chic
CUST-1400,35,Female,81667.04,New York,2023-06-01,Haircare,108.84,0.05,3,Oily Clarity,French Riviera
CUST-1461,59,Female,64501.34,London,2024-05-22,Makeup,31.64,0.0,1,Oily Clarity,Quiet Luxury
CUST-1393,18,Male,20000.0,Paris,2023-04-03,Fragrance,136.95,0.0,3,Dry / Dehydrated,Old Money Luxe
CUST-1416,18,Female,56029.51,Paris,2023-05-11,Makeup,121.68,0.0,2,Dry / Dehydrated,French Riviera
CUST-1835,24,Female,105546.08,Dubai,2024-03-07,Fragrance,59.35,0.0,1,Dry / Dehydrated,French Riviera
CUST-1379,51,Male,96211.41,Milan,2023-10-03,Fragrance,136.99,0.05,1,Oily Clarity,Minimalist Chic
CUST-1424,36,Female,97274.07,Dubai,2024-03-24,Haircare,178.82,0.0,4,Mature Luminosity,French Riviera
CUST-1730,26,Male,76046.75,Dubai,2023-06-01,Fragrance,141.62,0.1,4,Sensitive Glow,Old Money Luxe
CUST-1898,31,Female,67006.64,Tokyo,2024-01-02,Haircare,123.32,0.0,4,Dry / Dehydrated,Quiet Luxury
CUST-1160,49,Female,44154.55,London,2023-09-18,Fragrance,167.73,0.1,2,Combination Balance,Old Money Luxe
CUST-1241,27,Female,66040.14,Tokyo,2024-03-08,Makeup,25.26,0.0,3,Dry / Dehydrated,Quiet Luxury
CUST-2107,43,Female,109088.91,New York,2024-04-10,Skincare,72.15,0.0,4,Sensitive Glow,French Riviera
CUST-1514,33,Male,66706.31,Tokyo,2023-07-10,Bath & Body,119.34,0.0,3,Dry / Dehydrated,Minimalist Chic
CUST-1589,18,Male,77220.57,Paris,2023-06-14,Fragrance,241.8,0.2,2,Mature Luminosity,Minimalist Chic
CUST-2060,18,Female,51664.52,Dubai,2023-08-31,Fragrance,127.8,0.0,2,Combination Balance,Streetwear Glam
CUST-1116,33,Female,63347.74,Dubai,2023-03-08,Skincare,184.86,0.0,3,Mature Luminosity,Streetwear Glam
CUST-1538,24,Female,93852.15,Milan,2023-08-29,Skincare,112.08,0.0,4,Dry / Dehydrated,French Riviera
CUST-1863,37,Male,81877.34,New York,2024-04-28,Makeup,117.17,0.05,1,Combination Balance,Old Money Luxe
CUST-1285,26,Female,72594.29,London,2023-10-19,Fragrance,153.21,0.2,4,Combination Balance,Old Money Luxe
CUST-1482,27,Female,59451.95,Tokyo,2023-10-05,Skincare,52.32,0.05,4,Mature Luminosity,Quiet Luxury
CUST-1072,30,Female,76316.96,New York,2023-02-28,Skincare,64.19,0.0,2,Oily Clarity,Quiet Luxury
CUST-1165,42,Male,94183.44,Dubai,2023-12-07,Haircare,66.61,0.0,2,Sensitive Glow,French Riviera
CUST-1085,24,Female,80848.8,Paris,2023-09-12,Skincare,89.37,0.0,4,Oily Clarity,Quiet Luxury
CUST-1461,31,Female,96432.59,Milan,2023-09-04,Bath & Body,59.21,0.05,4,Oily Clarity,Streetwear Glam
CUST-1621,41,Female,61674.23,Los Angeles,2023-10-17,Makeup,45.89,0.05,3,Dry / Dehydrated,Old Money Luxe
CUST-1053,31,Non-Binary,48332.22,Los Angeles,2023-10-23,Makeup,158.46,0.1,1,Mature Luminosity,Quiet Luxury
CUST-1776,36,Male,43424.12,Milan,2023-05-03,Skincare,95.74,0.0,1,Mature Luminosity,Streetwear Glam
CUST-1106,48,Male,64636.35,Tokyo,2024-05-26,Haircare,79.58,0.0,1,Sensitive Glow,Streetwear Glam
CUST-1874,36,Female,41415.08,Dubai,2023-01-18,Makeup,164.19,0.2,4,Dry / Dehydrated,Streetwear Glam
CUST-1241,18,Female,71716.24,Dubai,2023-08-24,Bath & Body,145.41,0.15,2,Combination Balance,Minimalist Chic
CUST-1702,24,Female,156070.8,Tokyo,2024-03-06,Skincare,203.04,0.0,2,Sensitive Glow,Minimalist Chic
CUST-1188,29,Female,88778.17,Dubai,2023-02-11,Skincare,72.01,0.1,2,Sensitive Glow,Streetwear Glam
CUST-2098,18,Male,84024.58,Dubai,2023-11-30,Skincare,176.26,0.2,4,Dry / Dehydrated,Minimalist Chic
CUST-1116,41,Non-Binary,49002.98,Paris,2024-02-15,Skincare,201.38,0.0,3,Sensitive Glow,Streetwear Glam
CUST-1369,36,Female,81703.53,New York,2023-08-08,Skincare,85.27,0.05,4,Combination Balance,French Riviera
CUST-1500,22,Female,69377.01,New York,2023-02-28,Makeup,109.95,0.0,3,Mature Luminosity,Streetwear Glam
CUST-1980,19,Female,114652.85,Milan,2023-05-06,Skincare,121.9,0.0,2,Dry / Dehydrated,Old Money Luxe
CUST-1512,23,Male,81936.33,Dubai,2023-12-29,Makeup,127.68,0.1,1,Oily Clarity,French Riviera
CUST-1451,34,Male,65791.68,Tokyo,2024-02-24,Bath & Body,95.98,0.05,4,Combination Balance,Quiet Luxury
CUST-1599,30,Female,83146.27,Los Angeles,2023-11-12,Makeup,190.65,0.0,1,Mature Luminosity,French Riviera
CUST-1653,27,Female,79501.15,Milan,2024-01-31,Fragrance,117.09,0.0,2,Mature Luminosity,Old Money Luxe
CUST-1110,44,Female,66596.34,New York,2023-01-31,Haircare,24.33,0.1,2,Mature Luminosity,Streetwear Glam
CUST-1572,36,Female,89079.48,Paris,2023-11-02,Makeup,145.14,0.05,2,Sensitive Glow,Quiet Luxury
CUST-1472,24,Female,20000.0,New York,2024-04-29,Fragrance,172.68,0.15,2,Sensitive Glow,Old Money Luxe
CUST-1762,22,Male,143050.0,Milan,2023-10-08,Makeup,221.36,0.05,2,Dry / Dehydrated,Minimalist Chic
CUST-1901,38,Female,77037.68,Milan,2024-02-21,Haircare,51.05,0.0,3,Dry / Dehydrated,Old Money Luxe
CUST-2021,43,Female,76976.59,Los Angeles,2023-11-14,Skincare,155.13,0.05,1,Combination Balance,French Riviera
CUST-1786,34,Female,122332.71,New York,2024-06-10,Skincare,167.15,0.0,3,Dry / Dehydrated,French Riviera
CUST-1786,36,Female,82528.09,Tokyo,2023-12-03,Skincare,85.69,0.0,3,Oily Clarity,Streetwear Glam
CUST-1909,24,Female,65170.5,Paris,2024-04-10,Makeup,155.54,0.05,1,Sensitive Glow,Streetwear Glam
CUST-1377,26,Female,91552.17,Milan,2023-09-10,Haircare,168.62,0.0,2,Mature Luminosity,Old Money Luxe
CUST-1624,51,Female,64721.62,Paris,2023-02-27,Fragrance,22.52,0.0,3,Combination Balance,Old Money Luxe
CUST-1688,25,Female,116586.29,Los Angeles,2023-04-12,Bath & Body,46.1,0.1,3,Mature Luminosity,Minimalist Chic
CUST-1056,58,Female,100871.13,New York,2023-01-31,Fragrance,157.77,0.05,1,Oily Clarity,Streetwear Glam
CUST-1116,37,Female,73805.31,Los Angeles,2024-01-08,Skincare,148.72,0.05,4,Mature Luminosity,Streetwear Glam
CUST-1588,31,Male,61115.79,Los Angeles,2024-02-20,Fragrance,117.95,0.2,2,Oily Clarity,Streetwear Glam
CUST-2172,34,Female,108478.52,Milan,2024-02-29,Fragrance,109.15,0.05,1,Mature Luminosity,French Riviera
CUST-1332,30,Female,98419.17,Tokyo,2024-04-08,Haircare,95.5,0.0,2,Sensitive Glow,Minimalist Chic
CUST-1031,30,Male,64104.44,New York,2023-07-23,Bath & Body,50.05,0.0,4,Dry / Dehydrated,Minimalist Chic
CUST-2111,20,Female,62608.78,New York,2023-06-24,Bath & Body,155.84,0.1,3,Mature Luminosity,Streetwear Glam
CUST-1079,18,Female,87653.73,Dubai,2024-05-24,Bath & Body,156.06,0.1,1,Combination Balance,French Riviera
CUST-1513,33,Female,84676.37,Los Angeles,2023-03-29,Fragrance,208.95,0.0,1,Dry / Dehydrated,Old Money Luxe
CUST-1628,32,Female,65016.75,Dubai,2024-02-03,Bath & Body,22.04,0.0,3,Combination Balance,Minimalist Chic
CUST-1908,29,Male,50524.45,Tokyo,2023-05-27,Skincare,158.07,0.1,3,Oily Clarity,Old Money Luxe
CUST-1955,44,Female,48528.55,Paris,2024-01-04,Bath & Body,15.0,0.15,1,Oily Clarity,Quiet Luxury
CUST-1446,18,Female,31298.31,Tokyo,2024-06-28,Skincare,124.63,0.05,4,Mature Luminosity,Old Money Luxe
CUST-1566,36,Male,42745.81,Dubai,2023-12-15,Fragrance,153.15,0.15,2,Combination Balance,Old Money Luxe
CUST-1902,21,Non-Binary,63962.78,London,2024-06-05,Bath & Body,209.29,0.0,1,Combination Balance,French Riviera
CUST-2013,31,Female,54009.99,London,2023-11-23,Makeup,201.0,0.0,2,Sensitive Glow,Minimalist Chic
CUST-1101,42,Female,63850.37,London,2023-12-13,Skincare,203.44,0.2,2,Dry / Dehydrated,Minimalist Chic
CUST-2037,27,Non-Binary,88571.59,Los Angeles,2023-10-17,Haircare,118.63,0.0,3,Mature Luminosity,French Riviera
CUST-1085,38,Female,64766.79,Dubai,2023-11-25,Makeup,115.77,0.0,1,Dry / Dehydrated,French Riviera
CUST-1527,18,Female,52941.83,Paris,2023-12-26,Bath & Body,160.53,0.05,2,Mature Luminosity,Old Money Luxe
CUST-1480,51,Female,41661.12,New York,2024-04-26,Skincare,146.4,0.0,4,Dry / Dehydrated,Quiet Luxury
CUST-1908,33,Female,51770.19,Paris,2023-11-20,Fragrance,85.1,0.05,1,Dry / Dehydrated,Minimalist Chic
CUST-1417,37,Male,58371.64,New York,2024-02-11,Fragrance,82.21,0.15,1,Combination Balance,Streetwear Glam
CUST-1146,22,Female,91540.65,Milan,2023-04-30,Haircare,36.31,0.15,4,Combination Balance,Minimalist Chic
CUST-1050,24,Female,101130.19,New York,2023-06-27,Fragrance,180.74,0.1,4,Combination Balance,French Riviera
CUST-1835,22,Male,33606.64,Milan,2023-03-19,Bath & Body,151.44,0.1,4,Oily Clarity,French Riviera
CUST-1063,21,Male,104274.31,London,2023-06-02,Bath & Body,161.35,0.15,4,Dry / Dehydrated,French Riviera
CUST-1307,27,Male,82239.76,Dubai,2023-07-13,Skincare,183.48,0.0,4,Dry / Dehydrated,Quiet Luxury
CUST-1433,18,Female,84323.51,Los Angeles,2023-04-04,Bath & Body,57.68,0.0,3,Mature Luminosity,Quiet Luxury
CUST-2190,39,Female,76818.49,Milan,2023-08-12,Bath & Body,172.99,0.15,4,Sensitive Glow,Streetwear Glam
CUST-2193,64,Female,53135.63,Paris,2023-02-23,Makeup,146.23,0.1,1,Oily Clarity,Old Money Luxe
CUST-1158,36,Female,20000.0,London,2024-06-10,Fragrance,24.23,0.2,1,Mature Luminosity,Quiet Luxury
CUST-2122,27,Female,59492.73,Milan,2023-05-04,Haircare,165.04,0.0,1,Mature Luminosity,Old Money Luxe
CUST-2080,28,Female,63368.86,Los Angeles,2023-06-24,Skincare,91.93,0.0,4,Mature Luminosity,Streetwear Glam
CUST-2074,18,Male,77450.74,Dubai,2024-02-25,Haircare,84.19,0.05,1,Combination Balance,French Riviera
CUST-1399,18,Female,83993.12,Los Angeles,2023-02-09,Fragrance,122.77,0.15,3,Combination Balance,Minimalist Chic
CUST-1673,39,Male,112783.07,London,2024-04-18,Bath & Body,97.22,0.15,1,Sensitive Glow,Streetwear Glam
CUST-1644,39,Female,84225.24,Milan,2023-12-22,Skincare,124.82,0.0,4,Sensitive Glow,Streetwear Glam
CUST-1839,45,Female,80090.73,New York,2024-01-05,Skincare,84.94,0.05,1,Combination Balance,Quiet Luxury
CUST-2035,41,Non-Binary,67670.18,Paris,2023-04-19,Bath & Body,102.84,0.0,1,Oily Clarity,Quiet Luxury
CUST-1471,42,Female,89104.53,Tokyo,2023-05-29,Haircare,207.6,0.15,4,Sensitive Glow,Quiet Luxury
CUST-1256,18,Female,84989.83,Dubai,2023-09-16,Makeup,15.03,0.0,2,Oily Clarity,Quiet Luxury
CUST-1282,19,Non-Binary,111826.0,Dubai,2023-10-29,Bath & Body,145.75,0.15,2,Combination Balance,French Riviera
CUST-1642,29,Female,49868.0,Paris,2023-06-08,Skincare,177.03,0.0,2,Oily Clarity,Streetwear Glam
CUST-2034,23,Female,57404.69,London,2023-12-21,Fragrance,59.99,0.15,2,Oily Clarity,Minimalist Chic
CUST-1368,36,Female,92572.57,Tokyo,2023-08-20,Skincare,68.72,0.0,4,Sensitive Glow,Old Money Luxe
CUST-1857,48,Female,77817.66,New York,2023-06-28,Fragrance,93.67,0.0,3,Oily Clarity,Old Money Luxe
CUST-1258,34,Female,71662.65,Los Angeles,2024-01-14,Skincare,71.52,0.05,3,Oily Clarity,Old Money Luxe
CUST-1341,26,Female,71310.2,Paris,2024-01-22,Makeup,101.68,0.0,3,Mature Luminosity,Quiet Luxury
CUST-1794,26,Female,71292.92,Tokyo,2024-06-07,Bath & Body,170.89,0.15,1,Sensitive Glow,Streetwear Glam
CUST-2140,32,Female,70909.36,London,2024-04-17,Bath & Body,58.72,0.0,2,Dry / Dehydrated,French Riviera
CUST-1689,18,Female,74063.79,Dubai,2023-02-25,Fragrance,63.47,0.1,2,Mature Luminosity,Old Money Luxe
CUST-1092,38,Male,52827.8,Paris,2024-06-21,Bath & Body,170.05,0.05,3,Oily Clarity,Streetwear Glam
CUST-1921,20,Female,70678.17,Milan,2024-05-05,Haircare,106.39,0.15,2,Combination Balance,Streetwear Glam
CUST-1275,22,Female,104033.77,Milan,2024-05-08,Makeup,180.29,0.0,3,Mature Luminosity,Quiet Luxury
CUST-1171,23,Female,32499.51,London,2023-04-20,Skincare,133.67,0.1,1,Mature Luminosity,Quiet Luxury
CUST-1757,30,Female,38938.95,Milan,2024-04-05,Haircare,123.97,0.0,1,Oily Clarity,French Riviera
CUST-1898,53,Non-Binary,43871.56,London,2023-09-19,Fragrance,115.62,0.0,3,Mature Luminosity,French Riviera
CUST-1198,24,Female,88436.55,London,2023-07-19,Bath & Body,42.59,0.1,1,Oily Clarity,French Riviera
CUST-1098,39,Female,59076.94,Dubai,2023-05-13,Fragrance,165.89,0.05,4,Mature Luminosity,Quiet Luxury
CUST-2040,42,Female,108074.33,Los Angeles,2023-11-28,Haircare,76.05,0.15,3,Combination Balance,French Riviera
CUST-1786,30,Female,42888.73,New York,2024-02-02,Makeup,138.57,0.0,1,Sensitive Glow,Old Money Luxe
CUST-1431,18,Male,146852.07,Tokyo,2024-01-30,Fragrance,133.31,0.0,2,Combination Balance,Quiet Luxury
CUST-1643,33,Female,123710.63,Paris,2023-11-06,Bath & Body,111.01,0.0,4,Combination Balance,Minimalist Chic
CUST-1242,43,Female,71106.12,New York,2023-06-06,Bath & Body,115.67,0.2,2,Oily Clarity,Streetwear Glam
CUST-1458,42,Female,109842.89,London,2024-06-12,Bath & Body,37.75,0.05,4,Combination Balance,Quiet Luxury
CUST-1217,34,Female,68508.05,London,2023-07-17,Bath & Body,139.39,0.05,2,Sensitive Glow,Old Money Luxe
CUST-1423,40,Female,63075.6,Dubai,2023-04-22,Fragrance,154.34,0.05,1,Sensitive Glow,Old Money Luxe
CUST-1081,18,Female,80387.34,Dubai,2024-05-30,Fragrance,178.29,0.0,1,Sensitive Glow,Old Money Luxe
CUST-2000,28,Female,76998.92,Los Angeles,2023-11-15,Skincare,118.95,0.0,4,Combination Balance,Minimalist Chic
CUST-1577,34,Female,49185.44,Dubai,2024-03-16,Haircare,173.46,0.05,4,Oily Clarity,Quiet Luxury
CUST-1258,19,Female,54955.99,Los Angeles,2024-06-23,Haircare,116.62,0.05,2,Combination Balance,Old Money Luxe
CUST-1245,30,Female,74772.93,Tokyo,2024-06-02,Haircare,75.8,0.0,3,Oily Clarity,French Riviera
CUST-1177,29,Male,79839.67,Los Angeles,2024-04-08,Makeup,48.0,0.0,2,Combination Balance,Old Money Luxe
CUST-1724,41,Female,48516.48,Los Angeles,2024-06-20,Skincare,155.82,0.0,1,Sensitive Glow,Old Money Luxe
CUST-1669,43,Female,24141.52,London,2024-01-20,Fragrance,60.19,0.0,3,Combination Balance,French Riviera
CUST-1928,19,Female,30171.88,Milan,2023-03-13,Fragrance,152.12,0.0,4,Dry / Dehydrated,French Riviera
CUST-1078,18,Female,82525.03,Tokyo,2023-07-15,Skincare,148.69,0.2,1,Mature Luminosity,French Riviera
CUST-1389,25,Female,68261.76,Los Angeles,2024-01-31,Fragrance,204.27,0.0,4,Dry / Dehydrated,Old Money Luxe
CUST-1503,48,Female,56493.34,London,2023-01-21,Fragrance,30.04,0.0,1,Oily Clarity,Minimalist Chic
CUST-1400,23,Female,26354.36,New York,2023-09-20,Haircare,119.86,0.0,2,Sensitive Glow,Streetwear Glam
CUST-1383,30,Male,20000.0,Milan,2024-04-27,Haircare,142.18,0.05,1,Combination Balance,Minimalist Chic
CUST-1406,18,Female,94458.14,Milan,2024-03-11,Skincare,121.88,0.05,1,Mature Luminosity,Minimalist Chic
CUST-1006,28,Male,112487.56,Tokyo,2024-02-26,Skincare,106.44,0.0,4,Oily Clarity,Quiet Luxury
CUST-1427,44,Female,85695.95,Milan,2024-06-28,Makeup,81.33,0.15,2,Dry / Dehydrated,Streetwear Glam
CUST-1538,38,Female,38414.1,Dubai,2024-05-16,Haircare,148.16,0.1,4,Mature Luminosity,Minimalist Chic
CUST-1714,34,Female,63440.16,Tokyo,2023-09-19,Fragrance,41.19,0.05,3,Sensitive Glow,French Riviera
CUST-1474,28,Female,99193.17,New York,2023-11-04,Haircare,116.66,0.05,2,Oily Clarity,Streetwear Glam
CUST-1731,18,Female,79712.79,Dubai,2023-02-06,Haircare,142.48,0.1,3,Combination Balance,Old Money Luxe
CUST-1448,39,Female,73473.1,Paris,2024-03-14,Bath & Body,113.41,0.0,3,Oily Clarity,Streetwear Glam
CUST-1666,46,Non-Binary,84134.77,London,2023-08-26,Haircare,141.56,0.0,2,Dry / Dehydrated,Minimalist Chic
CUST-1951,39,Male,106676.82,New York,2023-04-01,Skincare,85.1,0.05,1,Combination Balance,Streetwear Glam
CUST-1262,41,Female,97818.74,Los Angeles,2023-04-17,Haircare,78.45,0.05,4,Oily Clarity,Quiet Luxury
CUST-1843,45,Female,62946.89,Milan,2024-06-06,Makeup,131.83,0.0,2,Dry / Dehydrated,French Riviera
CUST-1548,29,Female,69631.82,Dubai,2023-05-11,Makeup,114.37,0.0,1,Oily Clarity,Old Money Luxe
CUST-2151,18,Female,95174.5,Los Angeles,2023-01-17,Bath & Body,120.16,0.0,2,Combination Balance,French Riviera
CUST-1842,36,Female,68073.16,Tokyo,2023-05-13,Haircare,126.68,0.0,2,Oily Clarity,Streetwear Glam
CUST-1533,28,Male,75251.85,Paris,2023-11-17,Bath & Body,66.5,0.0,3,Oily Clarity,Minimalist Chic
CUST-1695,30,Female,54109.97,Milan,2023-03-27,Skincare,178.7,0.15,4,Combination Balance,Streetwear Glam
CUST-1839,21,Female,82613.24,London,2023-09-13,Fragrance,91.14,0.0,4,Sensitive Glow,Quiet Luxury
CUST-1422,20,Male,58652.57,Los Angeles,2024-05-28,Skincare,58.79,0.05,3,Mature Luminosity,Quiet Luxury
CUST-1675,18,Female,88703.46,London,2023-08-07,Fragrance,125.65,0.0,3,Mature Luminosity,Old Money Luxe
CUST-1043,40,Female,59674.68,Los Angeles,2024-03-01,Haircare,134.8,0.0,2,Dry / Dehydrated,French Riviera
CUST-1722,38,Female,47286.06,Los Angeles,2023-12-31,Fragrance,88.56,0.0,1,Dry / Dehydrated,Old Money Luxe
CUST-2062,18,Female,40094.27,London,2023-08-13,Bath & Body,151.26,0.05,1,Mature Luminosity,Minimalist Chic
CUST-1321,32,Female,106211.18,Los Angeles,2023-07-24,Fragrance,122.12,0.2,3,Oily Clarity,Minimalist Chic
CUST-1594,18,Female,84478.74,Los Angeles,2023-04-27,Makeup,49.67,0.15,4,Combination Balance,French Riviera
CUST-1846,21,Male,67262.42,London,2023-01-26,Fragrance,110.32,0.0,2,Sensitive Glow,Old Money Luxe
CUST-1073,20,Male,43231.09,Los Angeles,2024-02-25,Skincare,111.41,0.1,4,Mature Luminosity,Old Money Luxe
CUST-2027,41,Male,112738.67,Tokyo,2024-02-09,Haircare,141.71,0.0,3,Dry / Dehydrated,Minimalist Chic
CUST-1579,25,Female,75805.77,New York,2024-04-19,Skincare,97.57,0.0,1,Sensitive Glow,Minimalist Chic
CUST-1069,37,Male,108882.94,New York,2024-01-29,Skincare,191.24,0.1,1,Oily Clarity,Streetwear Glam
CUST-1268,25,Female,70791.37,Los Angeles,2023-02-03,Bath & Body,149.63,0.15,3,Dry / Dehydrated,Old Money Luxe
CUST-1151,25,Female,78427.73,Dubai,2023-11-18,Haircare,136.69,0.2,1,Dry / Dehydrated,Old Money Luxe
CUST-2109,31,Female,49733.41,Dubai,2024-01-21,Makeup,156.02,0.05,2,Dry / Dehydrated,Quiet Luxury
CUST-1801,20,Female,83782.38,London,2024-04-11,Fragrance,94.25,0.1,2,Combination Balance,French Riviera
CUST-1870,24,Female,75135.39,Dubai,2023-10-05,Skincare,120.75,0.1,1,Combination Balance,French Riviera
CUST-1939,22,Female,66789.05,London,2023-05-12,Skincare,152.88,0.05,3,Combination Balance,Quiet Luxury
CUST-1965,39,Male,82411.54,Tokyo,2024-02-06,Bath & Body,87.34,0.1,4,Oily Clarity,Old Money Luxe
CUST-1455,37,Female,106556.91,Tokyo,2023-09-24,Fragrance,72.27,0.05,4,Combination Balance,Streetwear Glam
CUST-1582,30,Female,45057.52,Milan,2023-04-04,Fragrance,169.34,0.0,3,Mature Luminosity,Minimalist Chic
CUST-1783,38,Female,64569.13,Paris,2023-04-27,Haircare,188.54,0.05,1,Oily Clarity,French Riviera
CUST-2119,28,Male,23672.05,Milan,2023-01-06,Skincare,75.76,0.05,4,Oily Clarity,Minimalist Chic
CUST-2183,18,Female,54226.52,Paris,2023-01-13,Haircare,136.09,0.15,1,Sensitive Glow,Streetwear Glam
CUST-1757,37,Female,105813.59,Tokyo,2023-05-06,Fragrance,245.67,0.05,2,Dry / Dehydrated,French Riviera
CUST-1680,30,Male,106022.23,London,2024-01-27,Skincare,134.41,0.2,3,Dry / Dehydrated,Quiet Luxury
CUST-1346,37,Female,118879.53,London,2023-02-12,Haircare,32.87,0.0,4,Mature Luminosity,Minimalist Chic
CUST-1171,41,Female,95709.05,London,2023-05-23,Haircare,110.81,0.0,1,Mature Luminosity,Streetwear Glam
CUST-2071,44,Female,139285.77,Milan,2023-03-14,Fragrance,148.98,0.2,3,Sensitive Glow,Old Money Luxe
CUST-2010,33,Male,64890.87,New York,2023-11-20,Haircare,111.22,0.0,4,Combination Balance,French Riviera
CUST-1308,24,Female,102301.39,Paris,2024-04-06,Bath & Body,95.38,0.0,4,Mature Luminosity,Quiet Luxury
CUST-1832,36,Female,100679.79,Los Angeles,2024-03-05,Skincare,119.16,0.0,4,Combination Balance,Minimalist Chic
CUST-2151,46,Male,50784.48,Los Angeles,2024-03-04,Haircare,144.5,0.15,3,Mature Luminosity,Streetwear Glam
CUST-1641,34,Male,40490.25,Milan,2024-03-02,Makeup,79.64,0.0,2,Combination Balance,Streetwear Glam
CUST-1989,46,Female,89594.18,Dubai,2023-02-16,Fragrance,138.5,0.0,3,Dry / Dehydrated,Old Money Luxe
CUST-1871,31,Male,90705.2,Milan,2023-02-01,Skincare,132.92,0.2,2,Oily Clarity,Minimalist Chic
CUST-1027,26,Female,58789.63,London,2024-03-30,Fragrance,126.63,0.05,2,Dry / Dehydrated,Minimalist Chic
CUST-1404,26,Male,50937.53,Tokyo,2024-04-06,Skincare,124.1,0.1,3,Dry / Dehydrated,Streetwear Glam
CUST-2014,29,Female,20000.0,London,2023-03-24,Fragrance,166.36,0.05,4,Oily Clarity,Minimalist Chic
CUST-2120,24,Female,56813.36,Tokyo,2023-07-11,Haircare,58.98,0.1,3,Dry / Dehydrated,French Riviera
CUST-1240,50,Female,107763.19,Tokyo,2023-01-22,Bath & Body,109.09,0.05,1,Combination Balance,Quiet Luxury
CUST-1660,40,Male,64589.54,Dubai,2024-02-11,Bath & Body,61.33,0.0,1,Mature Luminosity,Minimalist Chic
CUST-1289,18,Male,50703.86,New York,2023-10-30,Fragrance,141.17,0.05,4,Sensitive Glow,Quiet Luxury
CUST-1760,35,Female,67035.93,Dubai,2023-04-06,Fragrance,102.69,0.05,2,Combination Balance,Streetwear Glam
CUST-1947,34,Female,28929.2,London,2023-08-16,Bath & Body,107.88,0.0,4,Sensitive Glow,Minimalist Chic
CUST-2073,37,Male,41367.09,Milan,2023-02-06,Haircare,156.24,0.15,4,Dry / Dehydrated,French Riviera
CUST-1852,47,Female,95601.55,London,2024-01-21,Makeup,157.73,0.05,4,Oily Clarity,Old Money Luxe
CUST-1011,33,Female,84587.25,New York,2024-06-02,Makeup,18.88,0.0,3,Sensitive Glow,Old Money Luxe
CUST-2101,25,Male,96981.6,Tokyo,2023-09-27,Bath & Body,77.44,0.1,3,Dry / Dehydrated,Old Money Luxe
CUST-1959,19,Female,106751.23,Dubai,2023-03-01,Makeup,100.09,0.1,3,Dry / Dehydrated,French Riviera
CUST-2145,26,Male,36161.07,London,2024-03-25,Bath & Body,144.33,0.1,4,Dry / Dehydrated,Minimalist Chic
CUST-1562,38,Male,52191.86,New York,2023-09-28,Haircare,96.88,0.1,4,Mature Luminosity,French Riviera
CUST-1752,41,Male,42476.66,Dubai,2024-05-01,Haircare,125.49,0.1,4,Combination Balance,Quiet Luxury
CUST-2108,27,Male,56356.56,Milan,2024-06-10,Makeup,177.76,0.05,4,Dry / Dehydrated,Quiet Luxury
CUST-1312,39,Female,99860.26,Paris,2023-04-18,Makeup,120.89,0.0,2,Combination Balance,Minimalist Chic
CUST-1538,56,Female,58654.92,Dubai,2023-02-18,Skincare,101.45,0.1,2,Sensitive Glow,Quiet Luxury
CUST-1784,38,Female,45525.1,New York,2023-08-01,Fragrance,86.39,0.1,1,Mature Luminosity,Quiet Luxury
CUST-1567,44,Male,76378.21,Los Angeles,2024-04-12,Fragrance,94.88,0.2,2,Oily Clarity,Minimalist Chic
CUST-1344,18,Female,104419.58,Paris,2024-06-12,Makeup,30.05,0.0,2,Sensitive Glow,Old Money Luxe
CUST-1300,34,Female,107124.49,London,2023-05-17,Makeup,112.2,0.0,1,Oily Clarity,Old Money Luxe
CUST-1662,35,Non-Binary,61682.47,Paris,2023-09-19,Skincare,121.0,0.0,3,Sensitive Glow,Quiet Luxury
CUST-1900,39,Female,60459.49,Tokyo,2023-02-05,Haircare,19.73,0.05,4,Combination Balance,French Riviera
CUST-2024,18,Female,69431.01,Los Angeles,2023-06-16,Skincare,112.49,0.0,2,Sensitive Glow,Quiet Luxury
CUST-1805,36,Female,91726.88,Tokyo,2023-03-05,Haircare,98.95,0.0,4,Oily Clarity,French Riviera
CUST-1638,39,Female,56748.86,Los Angeles,2024-05-02,Fragrance,200.66,0.0,3,Combination Balance,Quiet Luxury
CUST-1160,31,Female,50521.35,Dubai,2024-05-29,Makeup,127.4,0.0,2,Sensitive Glow,French Riviera
CUST-1292,19,Female,93732.61,Los Angeles,2023-10-29,Haircare,76.92,0.1,4,Mature Luminosity,Streetwear Glam
CUST-2003,45,Female,20000.0,Milan,2023-07-08,Bath & Body,62.88,0.0,2,Dry / Dehydrated,Quiet Luxury
CUST-1891,34,Female,113121.68,Milan,2023-01-12,Bath & Body,209.87,0.15,2,Sensitive Glow,Old Money Luxe
CUST-1748,20,Male,81629.42,Los Angeles,2023-09-06,Haircare,84.82,0.0,3,Combination Balance,Streetwear Glam
CUST-1437,18,Female,64993.77,Dubai,2023-10-23,Fragrance,166.9,0.05,3,Sensitive Glow,Streetwear Glam
CUST-1766,18,Female,91787.62,London,2023-03-05,Skincare,150.75,0.0,1,Sensitive Glow,Streetwear Glam
CUST-1739,34,Female,84724.95,Dubai,2024-04-30,Makeup,108.8,0.0,2,Dry / Dehydrated,Quiet Luxury
CUST-1635,46,Female,66519.67,New York,2024-03-23,Skincare,75.15,0.0,4,Combination Balance,French Riviera
CUST-2029,36,Female,67398.37,Paris,2024-06-28,Fragrance,63.91,0.0,2,Combination Balance,Old Money Luxe
CUST-1563,31,Female,72835.14,Milan,2024-02-27,Haircare,88.6,0.1,4,Oily Clarity,Old Money Luxe
CUST-1518,41,Female,64151.11,New York,2024-05-06,Skincare,182.61,0.0,4,Mature Luminosity,Old Money Luxe
CUST-1964,31,Male,58098.72,Dubai,2023-09-15,Haircare,155.63,0.2,4,Oily Clarity,Minimalist Chic
CUST-1969,47,Female,91767.96,Milan,2023-11-22,Fragrance,115.03,0.0,1,Dry / Dehydrated,Old Money Luxe
CUST-1756,36,Female,63032.7,Paris,2023-11-16,Fragrance,15.0,0.0,3,Sensitive Glow,Minimalist Chic
CUST-1269,47,Female,45128.12,Paris,2023-01-13,Haircare,102.84,0.0,1,Dry / Dehydrated,Old Money Luxe
CUST-1908,37,Non-Binary,103566.22,Milan,2023-11-12,Skincare,201.46,0.0,2,Combination Balance,Old Money Luxe
CUST-2114,32,Female,82551.82,New York,2023-02-24,Makeup,181.6,0.0,3,Mature Luminosity,Old Money Luxe
CUST-1681,33,Non-Binary,74833.04,Los Angeles,2023-09-13,Bath & Body,156.78,0.0,1,Sensitive Glow,Quiet Luxury
CUST-1750,28,Female,40838.42,Dubai,2024-01-17,Skincare,92.79,0.0,2,Oily Clarity,Streetwear Glam
CUST-1125,34,Female,61148.89,Paris,2023-11-07,Makeup,128.91,0.2,1,Mature Luminosity,Minimalist Chic
CUST-1546,23,Female,116843.81,Paris,2023-01-07,Makeup,138.38,0.0,1,Oily Clarity,Old Money Luxe
CUST-1564,33,Female,53342.84,Dubai,2023-01-30,Makeup,186.08,0.2,3,Mature Luminosity,Streetwear Glam
CUST-1354,34,Female,47595.28,Milan,2023-09-10,Skincare,147.59,0.0,4,Combination Balance,French Riviera
CUST-2148,29,Female,103473.4,New York,2023-11-19,Skincare,70.14,0.0,2,Combination Balance,Streetwear Glam
CUST-2163,33,Female,89782.24,Los Angeles,2023-08-25,Skincare,153.41,0.0,4,Mature Luminosity,Streetwear Glam
CUST-1180,42,Female,53932.4,Paris,2024-04-19,Skincare,201.87,0.05,3,Sensitive Glow,Old Money Luxe
CUST-1380,41,Female,66449.89,New York,2024-01-05,Fragrance,266.8,0.15,4,Dry / Dehydrated,Minimalist Chic
CUST-1021,44,Female,71535.81,London,2024-01-11,Bath & Body,15.0,0.2,4,Oily Clarity,Old Money Luxe
CUST-1505,38,Female,80150.5,New York,2023-06-28,Makeup,68.34,0.0,1,Sensitive Glow,French Riviera
CUST-1109,37,Female,85380.24,Tokyo,2023-12-04,Bath & Body,96.24,0.0,2,Sensitive Glow,French Riviera
CUST-1287,29,Male,88304.04,Dubai,2023-05-31,Bath & Body,29.86,0.0,3,Oily Clarity,Minimalist Chic
CUST-1385,39,Male,68412.22,New York,2023-08-25,Makeup,96.12,0.0,2,Sensitive Glow,French Riviera
CUST-1531,37,Female,99172.09,Milan,2023-07-07,Haircare,136.13,0.0,1,Combination Balance,Old Money Luxe
CUST-2003,43,Non-Binary,97283.49,New York,2023-03-29,Fragrance,101.96,0.0,3,Combination Balance,French Riviera
CUST-2071,41,Female,112567.45,Tokyo,2023-02-04,Makeup,55.91,0.0,1,Dry / Dehydrated,Quiet Luxury
CUST-1789,46,Male,73963.55,London,2023-04-15,Fragrance,63.12,0.0,3,Mature Luminosity,Minimalist Chic
CUST-1888,25,Female,49349.12,New York,2023-04-22,Bath & Body,114.57,0.05,4,Sensitive Glow,French Riviera
CUST-2031,42,Female,34995.27,Dubai,2023-05-09,Bath & Body,155.33,0.1,4,Dry / Dehydrated,Quiet Luxury
CUST-1431,29,Female,50467.53,New York,2023-12-30,Makeup,92.88,0.05,3,Oily Clarity,French Riviera
CUST-1064,18,Female,84666.78,Paris,2023-07-19,Fragrance,170.88,0.0,4,Sensitive Glow,Streetwear Glam
CUST-1286,40,Female,81356.23,Tokyo,2023-04-06,Fragrance,124.76,0.15,1,Combination Balance,French Riviera
CUST-2154,25,Female,49496.75,Tokyo,2023-08-27,Fragrance,134.05,0.0,3,Dry / Dehydrated,French Riviera
CUST-1214,31,Female,63061.56,Milan,2024-02-17,Bath & Body,34.67,0.05,2,Dry / Dehydrated,Minimalist Chic
CUST-1863,38,Female,70587.06,Tokyo,2023-08-22,Bath & Body,22.39,0.05,4,Combination Balance,Old Money Luxe
CUST-1383,21,Female,128739.74,New York,2024-03-30,Bath & Body,243.13,0.0,3,Sensitive Glow,Streetwear Glam
CUST-2119,48,Female,20000.0,London,2023-09-19,Skincare,49.01,0.0,4,Oily Clarity,Quiet Luxury
CUST-1934,36,Female,66854.71,Dubai,2023-07-17,Fragrance,190.95,0.2,1,Oily Clarity,Streetwear Glam
CUST-1969,37,Non-Binary,51038.77,Los Angeles,2023-03-18,Makeup,91.25,0.0,1,Combination Balance,French Riviera
CUST-1691,18,Male,87684.42,Tokyo,2024-03-11,Haircare,122.04,0.0,2,Combination Balance,Old Money Luxe
CUST-1479,48,Female,93277.73,Los Angeles,2023-06-24,Fragrance,99.5,0.0,2,Dry / Dehydrated,Streetwear Glam
CUST-1872,36,Female,102429.44,Los Angeles,2023-03-13,Bath & Body,132.26,0.0,4,Mature Luminosity,Streetwear Glam
CUST-1058,23,Female,33450.21,London,2023-05-26,Fragrance,155.77,0.15,3,Sensitive Glow,French Riviera
CUST-2073,24,Male,85036.67,London,2024-04-07,Fragrance,195.95,0.0,2,Sensitive Glow,Minimalist Chic
CUST-1682,32,Female,88345.5,Los Angeles,2023-04-12,Skincare,185.03,0.0,4,Dry / Dehydrated,French Riviera
CUST-1289,46,Male,49345.59,Los Angeles,2023-05-23,Bath & Body,149.74,0.15,3,Oily Clarity,Streetwear Glam
CUST-1338,56,Female,42293.67,Tokyo,2023-03-23,Skincare,127.78,0.15,1,Sensitive Glow,Minimalist Chic
CUST-1352,29,Female,108174.85,New York,2023-03-25,Bath & Body,72.17,0.05,2,Dry / Dehydrated,Minimalist Chic
CUST-1483,28,Female,38570.68,Los Angeles,2023-04-10,Makeup,111.93,0.15,3,Oily Clarity,Old Money Luxe
CUST-1501,55,Male,80686.68,London,2023-12-05,Fragrance,152.73,0.2,1,Combination Balance,Old Money Luxe
CUST-1977,18,Female,42942.21,London,2023-01-30,Bath & Body,60.51,0.05,2,Dry / Dehydrated,Streetwear Glam
CUST-2126,36,Female,111923.05,Milan,2024-01-23,Haircare,91.75,0.05,1,Sensitive Glow,Streetwear Glam
CUST-1770,38,Female,63414.79,Los Angeles,2023-02-11,Haircare,125.6,0.2,1,Sensitive Glow,Old Money Luxe
CUST-1793,18,Female,108386.33,London,2023-12-18,Bath & Body,137.68,0.0,4,Sensitive Glow,Streetwear Glam
CUST-1669,39,Non-Binary,75802.89,New York,2023-11-02,Haircare,174.38,0.05,4,Mature Luminosity,Streetwear Glam
CUST-2093,30,Female,75894.39,Paris,2024-03-04,Bath & Body,144.46,0.0,4,Oily Clarity,Quiet Luxury
CUST-1055,30,Female,100396.41,London,2023-03-06,Fragrance,46.65,0.1,2,Sensitive Glow,Minimalist Chic
CUST-1755,34,Male,70540.89,New York,2023-11-12,Bath & Body,177.87,0.05,4,Mature Luminosity,Old Money Luxe
CUST-1815,28,Male,54755.99,Paris,2024-02-14,Makeup,79.73,0.1,2,Sensitive Glow,Streetwear Glam
CUST-1384,44,Female,75357.99,Paris,2023-12-27,Makeup,127.82,0.1,4,Combination Balance,Streetwear Glam
CUST-1190,20,Male,90630.71,New York,2023-02-12,Haircare,178.22,0.0,3,Sensitive Glow,Streetwear Glam
CUST-1308,34,Female,115935.36,New York,2023-01-06,Bath & Body,84.49,0.2,1,Oily Clarity,Streetwear Glam
CUST-1071,18,Female,127915.7,New York,2023-04-10,Haircare,93.98,0.0,4,Sensitive Glow,Minimalist Chic
CUST-1815,40,Female,39443.5,Milan,2023-05-31,Fragrance,210.82,0.1,2,Dry / Dehydrated,Streetwear Glam
CUST-1169,43,Non-Binary,76891.94,New York,2024-05-28,Skincare,147.02,0.2,2,Oily Clarity,Old Money Luxe
CUST-1329,26,Non-Binary,60188.53,New York,2024-01-12,Makeup,137.8,0.2,1,Mature Luminosity,Quiet Luxury
CUST-1786,54,Female,67477.21,Milan,2023-01-26,Haircare,92.55,0.0,4,Dry / Dehydrated,Streetwear Glam
CUST-1822,31,Female,96862.94,Tokyo,2024-04-01,Skincare,93.32,0.0,3,Combination Balance,Streetwear Glam
CUST-1529,36,Female,47930.94,Milan,2023-07-16,Skincare,107.86,0.1,1,Mature Luminosity,Streetwear Glam
CUST-2028,30,Female,63869.89,New York,2023-09-27,Haircare,158.78,0.0,2,Combination Balance,Quiet Luxury
CUST-1747,46,Female,132278.18,Paris,2023-03-28,Makeup,241.08,0.0,1,Oily Clarity,Quiet Luxury
CUST-1785,42,Female,31555.16,Los Angeles,2023-04-10,Skincare,102.49,0.1,4,Sensitive Glow,Old Money Luxe
CUST-1690,42,Female,101416.1,Milan,2023-04-15,Fragrance,38.25,0.15,2,Combination Balance,Minimalist Chic
CUST-2054,41,Male,38483.24,Los Angeles,2023-04-12,Fragrance,82.27,0.15,2,Oily Clarity,Streetwear Glam
CUST-1099,35,Female,88508.62,Tokyo,2024-01-25,Bath & Body,98.37,0.1,3,Dry / Dehydrated,Old Money Luxe
CUST-2002,40,Female,47584.37,Tokyo,2024-02-24,Bath & Body,162.79,0.0,3,Dry / Dehydrated,Quiet Luxury
CUST-1756,27,Female,75929.83,New York,2024-02-20,Haircare,50.67,0.0,2,Combination Balance,French Riviera
CUST-1048,34,Female,75976.61,Dubai,2024-06-17,Bath & Body,89.87,0.1,3,Sensitive Glow,French Riviera
CUST-1730,45,Female,82468.88,Tokyo,2024-03-20,Skincare,47.22,0.0,2,Oily Clarity,French Riviera
CUST-1609,32,Female,88764.34,Milan,2023-09-10,Skincare,97.03,0.0,2,Mature Luminosity,Old Money Luxe
CUST-1731,40,Female,109258.57,Milan,2023-11-13,Skincare,36.39,0.05,4,Mature Luminosity,Streetwear Glam
CUST-1509,40,Female,111024.47,London,2023-03-14,Skincare,139.98,0.1,1,Mature Luminosity,Old Money Luxe
CUST-1258,23,Female,72528.18,Milan,2023-12-25,Makeup,85.7,0.15,1,Oily Clarity,Streetwear Glam
CUST-1562,29,Female,88799.23,New York,2023-11-02,Haircare,115.01,0.05,1,Mature Luminosity,Minimalist Chic
CUST-2072,42,Female,71411.88,Dubai,2024-06-22,Haircare,49.24,0.15,3,Dry / Dehydrated,Old Money Luxe
CUST-1668,38,Female,54408.22,New York,2023-03-24,Skincare,135.08,0.15,2,Sensitive Glow,Quiet Luxury
CUST-1207,18,Female,84669.25,Tokyo,2024-04-18,Fragrance,76.88,0.05,4,Dry / Dehydrated,French Riviera
CUST-1618,25,Female,80172.06,Tokyo,2023-11-23,Haircare,186.54,0.0,4,Dry / Dehydrated,Minimalist Chic
CUST-1526,28,Female,77126.78,Milan,2023-01-28,Skincare,40.68,0.1,3,Oily Clarity,Old Money Luxe
CUST-1392,43,Male,59744.48,Dubai,2023-07-12,Bath & Body,154.41,0.15,2,Combination Balance,Quiet Luxury
CUST-2052,23,Female,69075.38,Dubai,2024-04-16,Makeup,17.35,0.1,2,Dry / Dehydrated,French Riviera
CUST-2174,32,Female,40369.21,Tokyo,2024-02-13,Makeup,207.87,0.0,3,Oily Clarity,French Riviera
CUST-1380,27,Female,80191.87,New York,2024-03-02,Fragrance,143.88,0.05,1,Dry / Dehydrated,Quiet Luxury
CUST-1816,49,Female,88899.69,London,2023-03-07,Bath & Body,89.58,0.05,1,Combination Balance,Old Money Luxe
CUST-1833,36,Female,85863.99,London,2023-12-20,Skincare,103.12,0.05,1,Oily Clarity,Minimalist Chic
CUST-1562,21,Female,30718.19,New York,2023-03-02,Haircare,110.62,0.15,4,Mature Luminosity,French Riviera
CUST-1198,36,Male,101484.11,London,2023-02-20,Makeup,171.33,0.05,1,Dry / Dehydrated,French Riviera
CUST-1452,34,Female,93450.44,Paris,2024-03-06,Fragrance,136.68,0.15,4,Combination Balance,Quiet Luxury
CUST-1943,31,Female,93145.31,Dubai,2023-11-04,Haircare,129.05,0.0,1,Mature Luminosity,French Riviera
CUST-2108,33,Female,63877.02,Tokyo,2024-01-06,Haircare,96.38,0.0,1,Mature Luminosity,Old Money Luxe
CUST-1702,28,Female,101704.03,New York,2023-07-19,Bath & Body,168.07,0.0,4,Combination Balance,Streetwear Glam
CUST-1310,48,Female,91788.55,Tokyo,2023-01-03,Haircare,141.73,0.0,1,Sensitive Glow,Quiet Luxury
CUST-1348,44,Non-Binary,132040.27,Milan,2023-11-28,Haircare,49.48,0.0,4,Combination Balance,Streetwear Glam
CUST-1066,40,Female,116462.43,Milan,2023-12-12,Fragrance,109.34,0.05,2,Dry / Dehydrated,Streetwear Glam
CUST-2149,29,Female,76612.85,New York,2023-01-02,Skincare,123.86,0.0,1,Sensitive Glow,Quiet Luxury
CUST-1756,43,Female,66378.49,New York,2023-01-22,Bath & Body,119.2,0.15,3,Combination Balance,Streetwear Glam
CUST-1957,18,Female,64582.36,Paris,2024-01-12,Makeup,100.51,0.1,2,Mature Luminosity,Quiet Luxury
CUST-1341,28,Female,69610.76,Dubai,2024-03-05,Bath & Body,52.45,0.05,4,Mature Luminosity,Streetwear Glam
CUST-1850,23,Male,132860.45,Los Angeles,2024-05-01,Skincare,109.01,0.05,1,Combination Balance,Quiet Luxury
CUST-2005,36,Female,112923.58,London,2024-02-10,Haircare,137.96,0.1,4,Mature Luminosity,Minimalist Chic
CUST-1775,25,Female,63728.87,Dubai,2024-05-21,Skincare,112.6,0.0,2,Dry / Dehydrated,Streetwear Glam
CUST-1447,38,Female,92060.69,London,2024-04-22,Skincare,89.45,0.15,3,Mature Luminosity,French Riviera
CUST-1365,44,Non-Binary,47584.06,Los Angeles,2024-03-31,Makeup,58.87,0.0,4,Oily Clarity,Quiet Luxury
CUST-1836,18,Female,26089.81,New York,2023-02-18,Makeup,125.55,0.1,4,Oily Clarity,Quiet Luxury
CUST-1571,18,Male,76404.6,New York,2023-03-31,Bath & Body,116.26,0.0,1,Dry / Dehydrated,French Riviera
CUST-2028,34,Male,107537.78,Dubai,2023-10-29,Fragrance,196.64,0.1,4,Oily Clarity,Minimalist Chic
CUST-1827,47,Female,56813.38,Tokyo,2023-02-22,Haircare,180.88,0.0,2,Combination Balance,Streetwear Glam
CUST-1321,52,Female,62462.09,Los Angeles,2023-07-08,Makeup,99.76,0.0,3,Oily Clarity,French Riviera
CUST-1006,44,Female,56525.58,Dubai,2023-06-10,Bath & Body,82.74,0.05,2,Oily Clarity,Minimalist Chic
CUST-1201,27,Female,55590.32,Tokyo,2023-03-09,Fragrance,68.96,0.1,2,Oily Clarity,Streetwear Glam
CUST-1840,24,Female,99607.41,London,2024-03-07,Skincare,50.48,0.1,3,Mature Luminosity,Minimalist Chic
CUST-1283,18,Male,81331.47,Dubai,2024-04-15,Fragrance,141.44,0.0,4,Mature Luminosity,Old Money Luxe
CUST-2168,33,Female,59914.05,Milan,2024-05-29,Haircare,196.44,0.0,3,Dry / Dehydrated,French Riviera
CUST-1511,35,Female,132923.85,London,2024-06-01,Fragrance,156.42,0.05,4,Oily Clarity,Old Money Luxe
CUST-1758,28,Female,60682.36,Paris,2023-11-26,Fragrance,40.61,0.15,3,Oily Clarity,Quiet Luxury
CUST-2047,53,Male,61645.29,Los Angeles,2023-03-20,Makeup,84.83,0.15,2,Sensitive Glow,Streetwear Glam
CUST-1755,27,Male,101758.83,Milan,2023-06-08,Makeup,132.0,0.1,2,Sensitive Glow,Streetwear Glam
CUST-1409,31,Female,67072.73,New York,2023-01-07,Makeup,112.94,0.0,1,Combination Balance,Old Money Luxe
CUST-1063,23,Male,84593.76,London,2023-03-28,Fragrance,68.88,0.0,2,Oily Clarity,Streetwear Glam
CUST-1501,49,Female,80854.85,Milan,2023-05-09,Fragrance,123.2,0.0,1,Oily Clarity,Minimalist Chic
CUST-1362,22,Male,80414.23,Tokyo,2023-01-24,Fragrance,125.82,0.0,3,Dry / Dehydrated,Quiet Luxury
CUST-1678,38,Female,93064.58,Los Angeles,2023-12-27,Makeup,80.89,0.0,1,Sensitive Glow,Streetwear Glam
CUST-1143,46,Female,64793.88,Paris,2023-07-05,Skincare,94.03,0.0,1,Oily Clarity,Quiet Luxury
CUST-1962,24,Female,99876.32,Los Angeles,2024-05-30,Haircare,134.37,0.0,3,Dry / Dehydrated,Streetwear Glam
CUST-1532,18,Male,20000.0,Milan,2023-05-03,Fragrance,106.81,0.0,4,Dry / Dehydrated,Quiet Luxury
CUST-2093,25,Female,99461.49,Milan,2024-03-28,Skincare,114.56,0.0,1,Oily Clarity,Streetwear Glam
CUST-1122,18,Female,27092.48,New York,2023-12-01,Haircare,118.26,0.15,1,Dry / Dehydrated,French Riviera
CUST-1818,40,Female,20000.0,Milan,2023-02-22,Fragrance,89.63,0.0,4,Oily Clarity,Streetwear Glam
CUST-1254,24,Female,75997.03,Paris,2023-06-16,Makeup,43.84,0.0,1,Combination Balance,Quiet Luxury
CUST-1228,31,Female,100374.19,Milan,2023-10-26,Makeup,97.6,0.0,1,Combination Balance,Streetwear Glam
CUST-1695,38,Female,55372.48,London,2023-11-03,Makeup,182.18,0.1,4,Oily Clarity,Minimalist Chic
CUST-1541,18,Non-Binary,39531.55,Paris,2024-01-15,Bath & Body,124.55,0.0,1,Dry / Dehydrated,Streetwear Glam
CUST-2006,26,Female,89104.99,Los Angeles,2023-09-07,Makeup,135.56,0.15,4,Combination Balance,French Riviera
CUST-1604,26,Female,82754.4,Milan,2023-06-17,Haircare,175.71,0.1,4,Combination Balance,Streetwear Glam
CUST-1528,38,Female,67911.5,Dubai,2024-01-17,Bath & Body,150.64,0.0,1,Mature Luminosity,Old Money Luxe
CUST-1286,20,Female,72347.07,London,2024-05-25,Fragrance,93.62,0.1,3,Combination Balance,Old Money Luxe
CUST-1452,43,Female,79303.64,New York,2023-07-01,Fragrance,145.98,0.0,4,Combination Balance,French Riviera
CUST-1628,33,Female,51467.67,Milan,2023-03-28,Makeup,129.04,0.15,3,Mature Luminosity,French Riviera
CUST-1973,24,Male,75717.33,Milan,2023-06-05,Haircare,173.37,0.0,4,Combination Balance,Minimalist Chic
CUST-1263,32,Female,20000.0,London,2023-02-04,Fragrance,129.12,0.05,2,Combination Balance,Streetwear Glam
CUST-1526,32,Female,82647.45,Milan,2023-11-19,Makeup,133.67,0.1,1,Dry / Dehydrated,Minimalist Chic
CUST-2194,47,Female,76031.51,New York,2023-08-28,Makeup,82.23,0.1,2,Mature Luminosity,Old Money Luxe
CUST-1531,18,Female,59029.48,New York,2023-10-25,Fragrance,101.43,0.0,3,Mature Luminosity,Streetwear Glam
CUST-1976,22,Female,70262.51,Dubai,2023-07-28,Makeup,136.19,0.05,3,Combination Balance,Minimalist Chic
CUST-2026,22,Female,69795.32,New York,2023-10-02,Fragrance,131.61,0.0,2,Combination Balance,Streetwear Glam
CUST-1993,48,Female,63824.2,Milan,2023-01-16,Makeup,155.0,0.2,1,Mature Luminosity,Streetwear Glam
CUST-1359,39,Non-Binary,101771.84,Tokyo,2023-11-28,Haircare,113.38,0.0,3,Dry / Dehydrated,Old Money Luxe
CUST-1701,23,Male,80799.93,London,2024-02-04,Bath & Body,128.99,0.05,3,Sensitive Glow,Minimalist Chic
CUST-1307,41,Male,20000.0,New York,2023-09-23,Fragrance,184.92,0.05,3,Dry / Dehydrated,Minimalist Chic
CUST-1730,19,Female,35953.01,Tokyo,2024-01-15,Haircare,158.74,0.1,4,Mature Luminosity,Old Money Luxe
CUST-2073,33,Female,102289.02,London,2023-09-06,Makeup,123.49,0.0,1,Combination Balance,Old Money Luxe
CUST-1816,32,Female,57006.66,Milan,2023-03-10,Skincare,142.62,0.05,4,Combination Balance,Quiet Luxury
CUST-1137,25,Female,87528.98,New York,2023-03-15,Fragrance,167.63,0.0,2,Mature Luminosity,Quiet Luxury
CUST-1162,50,Female,34249.64,Los Angeles,2023-10-18,Skincare,195.95,0.2,1,Oily Clarity,Quiet Luxury
CUST-2070,44,Female,61375.34,London,2023-09-12,Makeup,90.69,0.05,3,Combination Balance,Minimalist Chic
CUST-1501,31,Female,78909.96,London,2023-09-24,Haircare,66.0,0.05,1,Sensitive Glow,Old Money Luxe
CUST-1544,28,Female,132742.09,Dubai,2023-01-14,Bath & Body,97.55,0.05,4,Dry / Dehydrated,Minimalist Chic
CUST-1130,21,Male,90419.39,London,2023-11-08,Fragrance,172.73,0.0,3,Combination Balance,Old Money Luxe
CUST-1425,25,Female,48255.36,London,2023-04-24,Makeup,152.91,0.0,3,Mature Luminosity,Quiet Luxury
CUST-1977,36,Female,81103.49,Tokyo,2024-03-31,Skincare,75.67,0.0,2,Mature Luminosity,Old Money Luxe
CUST-1653,24,Male,94869.0,Los Angeles,2024-04-01,Skincare,47.44,0.0,1,Sensitive Glow,Streetwear Glam
CUST-1238,36,Female,48601.93,Tokyo,2023-07-17,Skincare,137.0,0.0,1,Oily Clarity,Minimalist Chic
CUST-1204,26,Male,52975.0,Dubai,2023-05-11,Fragrance,26.78,0.0,1,Sensitive Glow,Quiet Luxury
CUST-1997,23,Male,67899.35,New York,2024-03-03,Fragrance,91.98,0.15,4,Dry / Dehydrated,Quiet Luxury
CUST-1880,33,Female,102727.49,Los Angeles,2024-02-29,Skincare,114.76,0.1,3,Oily Clarity,Minimalist Chic
CUST-1934,25,Female,90736.91,Paris,2024-03-26,Bath & Body,117.08,0.0,1,Oily Clarity,Quiet Luxury
CUST-1554,18,Female,123664.35,Tokyo,2024-01-16,Makeup,98.04,0.05,1,Combination Balance,Quiet Luxury
CUST-1989,25,Female,93250.9,Dubai,2023-02-02,Bath & Body,140.16,0.1,3,Combination Balance,French Riviera
CUST-2089,31,Non-Binary,28148.61,London,2023-09-01,Bath & Body,229.82,0.0,4,Combination Balance,Quiet Luxury
CUST-2030,42,Female,21018.28,New York,2023-11-06,Haircare,95.05,0.0,4,Dry / Dehydrated,Minimalist Chic
CUST-1998,18,Female,106462.92,Paris,2024-03-05,Bath & Body,46.49,0.0,1,Mature Luminosity,Streetwear Glam
CUST-2015,30,Male,60706.54,London,2023-04-22,Makeup,114.06,0.05,1,Dry / Dehydrated,Streetwear Glam
CUST-1623,37,Female,62895.99,Paris,2023-05-09,Haircare,189.5,0.0,2,Combination Balance,Quiet Luxury
CUST-1374,27,Non-Binary,119735.97,London,2023-10-08,Skincare,120.65,0.2,2,Sensitive Glow,Minimalist Chic
CUST-1629,28,Female,127150.13,Dubai,2023-12-28,Bath & Body,186.87,0.05,3,Combination Balance,Quiet Luxury
CUST-1966,24,Female,83839.15,Paris,2023-08-01,Bath & Body,156.62,0.15,4,Mature Luminosity,Minimalist Chic
CUST-2169,26,Female,80099.14,Milan,2024-02-25,Makeup,141.55,0.0,3,Combination Balance,Minimalist Chic
CUST-1393,42,Female,72756.86,Los Angeles,2023-08-19,Haircare,99.87,0.0,4,Sensitive Glow,Minimalist Chic
CUST-1321,26,Female,77226.84,New York,2023-03-07,Fragrance,100.67,0.05,2,Oily Clarity,Quiet Luxury
CUST-1853,26,Female,70422.73,Los Angeles,2023-09-09,Bath & Body,68.49,0.05,1,Sensitive Glow,French Riviera
CUST-1966,20,Female,55173.29,Los Angeles,2023-01-18,Bath & Body,63.47,0.0,2,Combination Balance,Minimalist Chic
CUST-1627,23,Non-Binary,116362.83,New York,2024-05-06,Bath & Body,107.36,0.0,1,Combination Balance,Streetwear Glam
CUST-1630,18,Female,99677.11,Tokyo,2023-06-16,Fragrance,83.3,0.15,1,Oily Clarity,Streetwear Glam
CUST-1011,31,Female,93686.86,Los Angeles,2024-05-26,Haircare,103.32,0.15,4,Dry / Dehydrated,Streetwear Glam
CUST-1724,25,Male,85669.75,Milan,2024-05-05,Makeup,85.73,0.05,1,Oily Clarity,French Riviera
CUST-1039,40,Female,80309.53,Los Angeles,2023-09-25,Makeup,75.7,0.0,1,Sensitive Glow,French Riviera
CUST-1603,18,Female,100943.3,Los Angeles,2024-05-23,Bath & Body,159.91,0.1,3,Dry / Dehydrated,French Riviera
CUST-1875,36,Male,78042.09,Los Angeles,2023-09-25,Haircare,126.22,0.1,3,Combination Balance,Quiet Luxury
CUST-2146,31,Female,159295.52,Milan,2023-04-03,Makeup,104.52,0.0,4,Sensitive Glow,Quiet Luxury
CUST-2030,19,Non-Binary,67383.53,Tokyo,2024-02-03,Bath & Body,93.65,0.05,3,Dry / Dehydrated,Old Money Luxe
CUST-1497,32,Female,38422.47,London,2023-07-22,Bath & Body,132.18,0.15,3,Oily Clarity,Quiet Luxury
CUST-1962,18,Female,103010.41,Paris,2023-08-17,Haircare,82.79,0.1,1,Oily Clarity,Minimalist Chic
CUST-1573,19,Female,23231.44,Dubai,2023-08-08,Fragrance,63.75,0.0,1,Oily Clarity,Old Money Luxe
CUST-1207,33,Female,105064.66,Paris,2023-03-30,Bath & Body,111.75,0.0,3,Combination Balance,Quiet Luxury
CUST-1756,33,Female,63921.67,Tokyo,2023-07-26,Bath & Body,66.73,0.15,3,Dry / Dehydrated,Streetwear Glam
CUST-1275,20,Male,57677.46,Milan,2024-06-08,Skincare,240.92,0.0,2,Combination Balance,Streetwear Glam
CUST-1310,30,Female,97939.68,Los Angeles,2024-06-01,Makeup,60.37,0.0,1,Mature Luminosity,French Riviera
CUST-2175,39,Female,122910.22,London,2024-02-04,Fragrance,135.89,0.15,2,Dry / Dehydrated,Streetwear Glam
CUST-1502,42,Female,81409.02,New York,2023-07-25,Fragrance,149.19,0.05,1,Mature Luminosity,French Riviera
CUST-2140,18,Female,64654.56,Dubai,2024-04-30,Bath & Body,178.59,0.2,4,Dry / Dehydrated,Minimalist Chic
CUST-1139,36,Male,81138.2,Los Angeles,2023-12-31,Bath & Body,147.93,0.0,3,Combination Balance,Streetwear Glam
CUST-1439,30,Non-Binary,80776.45,London,2023-01-14,Bath & Body,106.29,0.0,3,Oily Clarity,Minimalist Chic
CUST-1943,28,Female,86292.51,New York,2024-04-09,Bath & Body,108.83,0.15,1,Sensitive Glow,French Riviera
CUST-1522,34,Male,84815.24,Dubai,2024-03-17,Skincare,73.39,0.1,4,Sensitive Glow,Old Money Luxe
CUST-1841,23,Female,42324.79,Tokyo,2024-03-20,Haircare,15.0,0.0,3,Oily Clarity,Old Money Luxe
CUST-2082,37,Female,86688.71,Paris,2024-04-12,Fragrance,116.38,0.05,4,Combination Balance,Old Money Luxe
CUST-2158,38,Female,22763.83,Tokyo,2024-04-24,Skincare,122.21,0.0,4,Mature Luminosity,French Riviera
CUST-2103,31,Female,110590.86,Tokyo,2024-05-20,Bath & Body,148.01,0.0,1,Mature Luminosity,French Riviera
CUST-1137,32,Female,57695.12,Milan,2023-12-24,Skincare,204.56,0.0,3,Mature Luminosity,Old Money Luxe
CUST-2143,37,Female,63493.11,Los Angeles,2023-03-11,Skincare,180.02,0.0,1,Mature Luminosity,Minimalist Chic
CUST-2051,31,Non-Binary,91042.25,Los Angeles,2024-06-14,Skincare,100.13,0.0,4,Mature Luminosity,Streetwear Glam
CUST-1390,48,Female,62211.97,Los Angeles,2023-09-14,Skincare,110.57,0.0,2,Oily Clarity,French Riviera
CUST-1953,30,Female,59567.52,Tokyo,2024-06-17,Makeup,154.93,0.0,3,Combination Balance,Old Money Luxe
CUST-1372,36,Female,69582.12,Milan,2023-03-20,Fragrance,213.36,0.0,1,Combination Balance,Streetwear Glam
CUST-2080,18,Female,103352.01,Los Angeles,2024-03-20,Haircare,168.38,0.0,3,Dry / Dehydrated,Streetwear Glam
CUST-2177,38,Female,80485.45,New York,2024-05-12,Skincare,153.79,0.15,3,Mature Luminosity,Streetwear Glam
CUST-1038,18,Female,56596.79,Paris,2023-12-27,Makeup,109.23,0.15,2,Combination Balance,Streetwear Glam
CUST-1308,31,Non-Binary,66790.23,New York,2023-08-13,Makeup,105.54,0.0,1,Mature Luminosity,French Riviera
CUST-2090,24,Female,60971.98,Tokyo,2023-01-13,Makeup,42.58,0.15,4,Mature Luminosity,French Riviera
CUST-2181,25,Male,92667.25,London,2024-02-11,Makeup,16.39,0.0,3,Sensitive Glow,Minimalist Chic
CUST-1631,42,Female,74032.8,London,2023-07-23,Skincare,242.97,0.1,1,Dry / Dehydrated,Quiet Luxury
CUST-1080,29,Non-Binary,41356.81,Los Angeles,2023-11-24,Makeup,63.96,0.1,1,Mature Luminosity,French Riviera
CUST-1141,31,Female,71689.36,New York,2024-04-07,Bath & Body,124.24,0.0,4,Sensitive Glow,Minimalist Chic
CUST-1413,43,Female,66578.16,New York,2023-02-19,Makeup,111.81,0.0,3,Oily Clarity,French Riviera
CUST-1477,23,Female,61278.65,London,2023-04-21,Bath & Body,95.68,0.05,4,Dry / Dehydrated,Minimalist Chic
CUST-1900,23,Female,62703.01,Paris,2023-12-04,Haircare,54.0,0.05,2,Dry / Dehydrated,Streetwear Glam
CUST-1427,22,Female,110416.53,Tokyo,2024-01-24,Skincare,162.55,0.2,1,Oily Clarity,Streetwear Glam
CUST-1817,28,Female,71264.12,London,2023-01-29,Makeup,125.19,0.0,1,Oily Clarity,Quiet Luxury
CUST-1255,35,Female,68593.47,Paris,2023-01-21,Makeup,31.07,0.15,3,Mature Luminosity,Quiet Luxury
CUST-2057,31,Female,39574.38,Paris,2024-04-25,Makeup,113.15,0.0,3,Sensitive Glow,Old Money Luxe
CUST-2001,50,Female,74045.76,Milan,2023-01-21,Fragrance,158.41,0.0,3,Combination Balance,French Riviera
CUST-1850,33,Male,73357.38,London,2023-03-20,Makeup,56.44,0.0,3,Dry / Dehydrated,Quiet Luxury
CUST-1736,29,Female,57133.79,Tokyo,2024-04-17,Bath & Body,86.08,0.0,4,Mature Luminosity,Old Money Luxe
CUST-1935,26,Female,79711.0,Paris,2024-02-25,Skincare,44.6,0.05,2,Oily Clarity,Streetwear Glam
CUST-1819,24,Female,57777.8,Los Angeles,2024-02-29,Skincare,174.25,0.0,4,Combination Balance,French Riviera
CUST-1634,40,Female,53331.68,Los Angeles,2023-11-13,Skincare,127.69,0.0,3,Oily Clarity,French Riviera
CUST-1469,26,Male,85562.95,Milan,2024-03-14,Skincare,15.0,0.0,3,Oily Clarity,Streetwear Glam
CUST-1032,40,Female,82179.83,New York,2023-02-27,Bath & Body,141.87,0.0,1,Dry / Dehydrated,Minimalist Chic
CUST-1509,27,Female,106024.14,London,2023-09-30,Fragrance,135.99,0.15,4,Dry / Dehydrated,Minimalist Chic
CUST-2062,33,Male,63103.42,London,2024-04-15,Makeup,87.27,0.0,4,Oily Clarity,Old Money Luxe
CUST-1125,35,Female,89671.7,Dubai,2023-01-30,Makeup,142.07,0.05,2,Combination Balance,French Riviera
CUST-1849,52,Female,91889.89,Los Angeles,2023-04-17,Makeup,106.27,0.0,1,Oily Clarity,Minimalist Chic
CUST-1357,45,Male,53106.23,Dubai,2023-05-09,Makeup,189.32,0.1,1,Sensitive Glow,French Riviera
CUST-1224,23,Non-Binary,117387.9,Los Angeles,2024-01-19,Makeup,17.64,0.15,2,Dry / Dehydrated,Streetwear Glam
CUST-1417,46,Female,73665.49,New York,2024-01-07,Haircare,188.27,0.1,2,Combination Balance,French Riviera
CUST-1657,35,Female,70115.5,Paris,2024-06-13,Skincare,175.63,0.0,3,Combination Balance,Old Money Luxe
CUST-1963,40,Female,72984.59,Paris,2023-07-22,Makeup,132.94,0.0,3,Oily Clarity,Old Money Luxe
CUST-2104,27,Female,106399.27,Tokyo,2023-07-08,Fragrance,224.95,0.1,4,Mature Luminosity,Minimalist Chic
CUST-1323,26,Female,62683.63,Paris,2023-07-10,Skincare,204.2,0.05,3,Combination Balance,Minimalist Chic
CUST-1188,41,Female,50293.3,Tokyo,2023-07-02,Skincare,85.89,0.0,3,Dry / Dehydrated,Streetwear Glam
CUST-1951,34,Female,66927.39,Tokyo,2023-09-30,Fragrance,59.34,0.1,2,Oily Clarity,Minimalist Chic
CUST-1001,30,Female,63339.26,New York,2023-07-07,Haircare,53.33,0.05,4,Oily Clarity,French Riviera
CUST-1262,41,Female,32044.9,New York,2023-03-18,Fragrance,96.4,0.1,4,Combination Balance,Quiet Luxury
CUST-1197,29,Female,86356.84,Tokyo,2024-02-02,Haircare,87.86,0.0,1,Mature Luminosity,Minimalist Chic
CUST-1257,33,Female,89151.4,London,2024-03-13,Fragrance,117.63,0.0,3,Sensitive Glow,Minimalist Chic
CUST-1461,23,Female,80273.15,Milan,2023-09-02,Skincare,125.75,0.0,4,Dry / Dehydrated,Streetwear Glam
CUST-1578,42,Female,88061.6,Dubai,2023-02-26,Skincare,102.41,0.15,3,Sensitive Glow,Minimalist Chic
CUST-1513,19,Non-Binary,63466.2,London,2023-12-08,Bath & Body,193.18,0.0,1,Combination Balance,Streetwear Glam
CUST-2064,38,Female,66915.32,Dubai,2023-05-18,Fragrance,138.8,0.0,1,Combination Balance,Minimalist Chic
CUST-1671,21,Non-Binary,84243.22,Tokyo,2023-12-17,Bath & Body,122.58,0.0,1,Sensitive Glow,Quiet Luxury
CUST-1070,25,Female,92948.28,Milan,2024-01-26,Haircare,220.71,0.0,1,Dry / Dehydrated,Minimalist Chic
CUST-1373,41,Male,75334.55,Paris,2023-10-08,Makeup,45.61,0.05,3,Dry / Dehydrated,Minimalist Chic
CUST-1331,53,Female,70985.37,Tokyo,2023-11-24,Bath & Body,72.95,0.0,4,Dry / Dehydrated,Quiet Luxury
CUST-1984,47,Female,112153.98,Tokyo,2024-01-17,Bath & Body,22.5,0.05,4,Sensitive Glow,Quiet Luxury
CUST-1830,31,Female,92594.9,Tokyo,2024-05-15,Makeup,101.61,0.05,4,Oily Clarity,Quiet Luxury
CUST-1538,36,Female,81404.08,Dubai,2023-04-09,Haircare,87.39,0.05,4,Dry / Dehydrated,French Riviera
CUST-2053,26,Female,28697.42,New York,2023-01-04,Bath & Body,55.92,0.15,2,Sensitive Glow,French Riviera
CUST-1698,33,Female,47838.7,Los Angeles,2023-05-13,Haircare,96.97,0.05,4,Mature Luminosity,Streetwear Glam
CUST-1197,24,Female,105762.11,Milan,2024-06-16,Bath & Body,53.08,0.05,4,Mature Luminosity,French Riviera
CUST-1129,52,Female,69833.36,Los Angeles,2023-09-02,Bath & Body,136.13,0.0,2,Oily Clarity,Old Money Luxe
CUST-2112,44,Male,77069.49,London,2024-02-16,Skincare,108.59,0.05,4,Sensitive Glow,Streetwear Glam
CUST-1227,38,Female,68984.89,Paris,2023-12-17,Fragrance,157.31,0.0,4,Combination Balance,Minimalist Chic
CUST-1711,44,Male,93945.2,New York,2023-06-21,Haircare,70.51,0.0,2,Oily Clarity,Quiet Luxury
CUST-1169,29,Female,63683.52,Los Angeles,2024-02-06,Fragrance,104.48,0.05,1,Sensitive Glow,Streetwear Glam
CUST-2046,40,Female,22992.93,London,2023-10-15,Makeup,80.24,0.2,3,Sensitive Glow,Old Money Luxe
CUST-1406,28,Female,95830.61,Milan,2024-05-26,Bath & Body,86.72,0.1,2,Mature Luminosity,Quiet Luxury
CUST-1310,38,Female,70442.13,Dubai,2023-12-19,Fragrance,125.32,0.05,4,Mature Luminosity,Old Money Luxe
CUST-2091,25,Female,88658.47,New York,2024-05-09,Fragrance,151.96,0.05,1,Sensitive Glow,Quiet Luxury
CUST-1341,33,Female,87665.39,New York,2023-12-08,Makeup,132.2,0.0,3,Dry / Dehydrated,Minimalist Chic
CUST-1463,31,Male,92178.51,Los Angeles,2023-04-24,Makeup,63.71,0.0,3,Mature Luminosity,Quiet Luxury
CUST-1868,48,Female,109095.63,Los Angeles,2024-03-20,Makeup,120.31,0.1,2,Combination Balance,Old Money Luxe
CUST-1820,28,Female,30612.45,New York,2024-05-02,Haircare,239.4,0.0,1,Mature Luminosity,Streetwear Glam
CUST-1975,29,Female,51296.48,Tokyo,2023-03-02,Bath & Body,193.84,0.0,4,Sensitive Glow,French Riviera
CUST-1000,33,Male,87428.19,Paris,2023-04-13,Bath & Body,158.14,0.0,1,Mature Luminosity,French Riviera
CUST-1427,24,Female,119649.2,Milan,2023-11-05,Fragrance,81.96,0.0,4,Mature Luminosity,Old Money Luxe
CUST-1121,31,Female,79376.63,Los Angeles,2023-08-04,Haircare,122.02,0.0,2,Sensitive Glow,Minimalist Chic
CUST-1984,18,Male,93148.09,Los Angeles,2023-06-10,Makeup,194.63,0.05,1,Sensitive Glow,Streetwear Glam
CUST-1326,36,Female,110287.79,Milan,2023-08-10,Haircare,120.9,0.1,2,Oily Clarity,Quiet Luxury
CUST-1396,18,Female,35145.43,London,2023-09-05,Bath & Body,121.51,0.15,2,Dry / Dehydrated,Minimalist Chic
CUST-1565,23,Female,41985.27,London,2023-05-19,Haircare,232.2,0.0,1,Dry / Dehydrated,Quiet Luxury
CUST-1310,32,Female,74533.02,London,2023-11-23,Haircare,229.57,0.1,3,Sensitive Glow,French Riviera
CUST-1670,20,Male,100650.16,Paris,2024-04-24,Skincare,195.01,0.0,1,Mature Luminosity,French Riviera
CUST-2073,63,Female,84322.96,Paris,2023-08-07,Fragrance,120.32,0.15,1,Oily Clarity,Minimalist Chic
CUST-1897,19,Female,58043.05,New York,2024-05-25,Skincare,60.91,0.0,4,Mature Luminosity,Quiet Luxury
CUST-1930,26,Female,78271.69,London,2024-06-13,Skincare,81.75,0.1,2,Combination Balance,French Riviera
CUST-1083,33,Female,79231.72,Tokyo,2023-05-13,Bath & Body,118.84,0.0,4,Dry / Dehydrated,Streetwear Glam
CUST-1872,49,Female,102418.11,Dubai,2023-08-01,Makeup,154.41,0.15,4,Oily Clarity,French Riviera
CUST-1460,24,Male,105803.72,Dubai,2024-04-30,Skincare,209.97,0.1,2,Dry / Dehydrated,Quiet Luxury
CUST-1742,25,Male,83803.99,London,2023-12-12,Haircare,146.79,0.15,3,Oily Clarity,Streetwear Glam
CUST-1116,39,Male,70516.8,Milan,2024-03-18,Skincare,130.09,0.1,2,Combination Balance,French Riviera
CUST-1515,28,Female,49406.01,Milan,2023-12-09,Fragrance,123.95,0.0,4,Combination Balance,Streetwear Glam
CUST-1514,26,Female,76970.55,New York,2023-10-19,Skincare,83.19,0.15,3,Dry / Dehydrated,Old Money Luxe
CUST-1994,32,Female,58168.85,London,2023-07-10,Fragrance,171.24,0.05,3,Oily Clarity,Minimalist Chic
CUST-1888,18,Female,69996.64,Milan,2024-04-05,Bath & Body,57.57,0.0,2,Dry / Dehydrated,Streetwear Glam
CUST-2148,34,Female,82162.47,Dubai,2023-11-15,Fragrance,84.98,0.05,3,Oily Clarity,Quiet Luxury
CUST-2062,26,Male,39026.43,Los Angeles,2023-06-16,Haircare,176.41,0.15,1,Dry / Dehydrated,Quiet Luxury
CUST-1220,24,Male,83464.86,Dubai,2023-04-16,Skincare,129.68,0.15,4,Mature Luminosity,Old Money Luxe
CUST-1240,32,Female,125996.21,Los Angeles,2023-08-04,Makeup,160.19,0.2,4,Combination Balance,Quiet Luxury
CUST-1863,18,Female,74976.5,Los Angeles,2023-09-28,Haircare,98.21,0.1,1,Dry / Dehydrated,French Riviera
CUST-1901,31,Female,93748.89,Los Angeles,2024-01-23,Haircare,132.2,0.0,2,Mature Luminosity,Quiet Luxury
CUST-1076,30,Female,119968.28,Tokyo,2024-03-20,Haircare,80.13,0.0,2,Dry / Dehydrated,Minimalist Chic
CUST-2161,39,Male,96955.35,London,2024-06-16,Skincare,32.91,0.1,4,Combination Balance,Old Money Luxe
CUST-1598,23,Female,58247.74,Tokyo,2023-01-16,Skincare,165.6,0.0,2,Oily Clarity,French Riviera
CUST-1734,37,Female,81322.08,Los Angeles,2023-06-30,Bath & Body,132.21,0.0,4,Combination Balance,Minimalist Chic
CUST-1566,63,Female,96767.12,Tokyo,2023-06-06,Skincare,132.29,0.0,1,Combination Balance,Streetwear Glam
CUST-1538,40,Female,116548.24,Los Angeles,2024-04-17,Makeup,88.07,0.15,1,Sensitive Glow,Quiet Luxury
CUST-2120,36,Male,95622.1,Milan,2024-06-11,Bath & Body,76.35,0.1,2,Oily Clarity,French Riviera
CUST-1352,36,Female,64314.44,Los Angeles,2024-01-08,Haircare,116.01,0.0,3,Dry / Dehydrated,French Riviera
CUST-1720,22,Female,34856.84,Dubai,2023-03-20,Fragrance,117.79,0.0,3,Sensitive Glow,French Riviera
CUST-1626,28,Female,85302.86,Paris,2023-05-30,Skincare,189.82,0.1,2,Oily Clarity,French Riviera
CUST-2018,18,Female,34694.16,Milan,2023-03-02,Makeup,181.33,0.1,1,Oily Clarity,Minimalist Chic
CUST-1542,35,Female,50020.33,Los Angeles,2024-01-31,Haircare,57.35,0.0,1,Combination Balance,French Riviera
CUST-1896,30,Female,113898.84,New York,2023-10-10,Makeup,133.84,0.05,2,Sensitive Glow,French Riviera
CUST-1032,35,Female,101168.08,Paris,2023-10-06,Makeup,57.49,0.0,2,Mature Luminosity,French Riviera
CUST-2036,38,Female,71311.28,Milan,2024-04-26,Fragrance,21.17,0.05,2,Combination Balance,Quiet Luxury
CUST-2102,31,Female,92548.52,London,2023-06-11,Haircare,118.06,0.0,1,Mature Luminosity,Old Money Luxe
CUST-1406,21,Female,82456.76,Paris,2024-06-27,Skincare,161.82,0.2,3,Mature Luminosity,Streetwear Glam
CUST-1539,33,Female,49338.48,London,2023-02-26,Bath & Body,57.59,0.0,1,Mature Luminosity,French Riviera
CUST-1812,34,Female,33104.58,London,2023-11-18,Haircare,239.37,0.1,1,Dry / Dehydrated,French Riviera
CUST-2167,38,Female,47170.99,Paris,2023-08-10,Bath & Body,107.89,0.0,1,Sensitive Glow,Streetwear Glam
CUST-1083,38,Female,81786.53,London,2023-11-20,Fragrance,68.8,0.0,3,Sensitive Glow,French Riviera
CUST-1053,41,Female,151492.66,Tokyo,2024-02-10,Makeup,158.94,0.0,2,Sensitive Glow,Minimalist Chic
CUST-1462,26,Male,29764.49,Tokyo,2023-07-13,Makeup,47.33,0.05,3,Sensitive Glow,Old Money Luxe
CUST-1607,29,Male,50999.74,London,2024-02-28,Skincare,162.3,0.0,4,Mature Luminosity,Streetwear Glam
CUST-1898,18,Female,58833.61,Tokyo,2023-05-05,Fragrance,63.83,0.1,1,Mature Luminosity,Quiet Luxury
CUST-1393,18,Female,107310.22,Tokyo,2024-06-11,Makeup,108.82,0.0,1,Mature Luminosity,Quiet Luxury
CUST-1818,18,Female,48164.48,Milan,2023-11-11,Fragrance,61.32,0.2,3,Oily Clarity,French Riviera
CUST-1745,36,Male,104128.93,Los Angeles,2023-09-19,Bath & Body,100.56,0.05,4,Oily Clarity,French Riviera
CUST-1746,19,Female,69978.64,London,2023-11-21,Bath & Body,140.34,0.0,1,Mature Luminosity,French Riviera
CUST-1157,34,Female,35904.24,Milan,2024-04-07,Makeup,108.32,0.0,2,Combination Balance,Minimalist Chic
CUST-2102,43,Non-Binary,71183.17,Dubai,2023-01-13,Makeup,84.32,0.05,1,Dry / Dehydrated,Quiet Luxury
CUST-1974,38,Female,87035.92,Dubai,2023-08-13,Bath & Body,75.23,0.15,2,Dry / Dehydrated,Quiet Luxury
CUST-1466,25,Female,88325.46,Milan,2023-02-15,Bath & Body,56.8,0.0,4,Mature Luminosity,Minimalist Chic
CUST-1952,41,Non-Binary,69899.8,New York,2023-09-26,Fragrance,79.28,0.1,3,Dry / Dehydrated,Streetwear Glam
CUST-1896,35,Female,86970.11,Tokyo,2023-05-10,Fragrance,32.12,0.05,1,Oily Clarity,Old Money Luxe
CUST-1350,38,Male,57910.86,Paris,2023-08-06,Fragrance,140.89,0.0,4,Oily Clarity,Quiet Luxury
CUST-1117,19,Male,98866.67,New York,2023-08-06,Haircare,182.77,0.0,4,Sensitive Glow,Old Money Luxe
CUST-1725,25,Female,63740.86,Paris,2024-05-30,Bath & Body,83.24,0.1,4,Mature Luminosity,French Riviera
CUST-1056,30,Female,95437.12,Milan,2024-03-28,Fragrance,144.46,0.05,2,Oily Clarity,Streetwear Glam
CUST-1273,38,Female,71016.04,Tokyo,2023-01-19,Makeup,77.51,0.05,4,Oily Clarity,French Riviera
CUST-2102,40,Female,78615.69,Milan,2023-07-09,Bath & Body,163.66,0.0,4,Combination Balance,Minimalist Chic
CUST-2167,18,Female,89281.29,Los Angeles,2024-06-25,Fragrance,89.13,0.0,1,Oily Clarity,Minimalist Chic
CUST-2105,33,Female,49971.56,Milan,2023-01-07,Fragrance,200.02,0.0,1,Combination Balance,Old Money Luxe
CUST-1108,38,Male,80000.7,Milan,2023-03-17,Bath & Body,58.66,0.0,4,Mature Luminosity,Old Money Luxe
CUST-1145,42,Female,43865.49,Dubai,2023-09-03,Skincare,149.34,0.05,2,Mature Luminosity,Streetwear Glam
CUST-1330,37,Female,105066.7,Milan,2023-07-29,Makeup,83.12,0.0,4,Sensitive Glow,Quiet Luxury
CUST-1367,23,Female,49508.4,Los Angeles,2024-01-03,Makeup,96.48,0.1,1,Dry / Dehydrated,Streetwear Glam
CUST-1244,28,Female,69334.24,New York,2024-02-11,Skincare,119.01,0.1,1,Dry / Dehydrated,Streetwear Glam
CUST-2175,28,Female,48822.67,Milan,2023-03-18,Haircare,152.91,0.1,4,Oily Clarity,Streetwear Glam
CUST-1971,18,Female,84572.56,London,2023-11-04,Bath & Body,102.15,0.1,4,Sensitive Glow,Old Money Luxe
CUST-1637,18,Male,55764.27,New York,2024-04-22,Makeup,51.87,0.0,1,Oily Clarity,French Riviera
CUST-2023,29,Female,88705.71,Paris,2023-03-16,Makeup,163.68,0.1,1,Combination Balance,Streetwear Glam
CUST-1410,22,Female,65714.15,London,2024-04-05,Bath & Body,128.8,0.0,4,Dry / Dehydrated,French Riviera
CUST-1925,35,Female,73283.25,Los Angeles,2024-01-19,Skincare,186.51,0.0,2,Mature Luminosity,French Riviera
CUST-1041,37,Female,72506.18,Dubai,2024-03-11,Skincare,198.85,0.15,1,Mature Luminosity,Old Money Luxe
CUST-1764,35,Female,21860.48,Paris,2024-06-24,Makeup,100.41,0.0,4,Dry / Dehydrated,Quiet Luxury
CUST-1025,33,Male,62139.58,Paris,2023-03-05,Bath & Body,165.52,0.05,3,Oily Clarity,French Riviera
CUST-1056,18,Female,63341.77,Los Angeles,2023-02-16,Fragrance,15.0,0.2,3,Mature Luminosity,French Riviera
CUST-1142,39,Male,116987.55,London,2023-04-07,Makeup,104.98,0.0,4,Mature Luminosity,Streetwear Glam
CUST-1372,33,Male,35924.03,Dubai,2023-05-27,Makeup,80.26,0.0,1,Combination Balance,Old Money Luxe
CUST-1316,28,Female,81358.55,Dubai,2023-08-31,Bath & Body,62.94,0.1,2,Mature Luminosity,Minimalist Chic
CUST-1902,25,Female,84839.75,Milan,2024-04-28,Makeup,98.78,0.0,2,Mature Luminosity,Minimalist Chic
CUST-1911,28,Female,81871.23,Paris,2023-01-26,Fragrance,54.35,0.0,3,Dry / Dehydrated,Quiet Luxury
CUST-1246,33,Female,56036.78,Los Angeles,2023-04-18,Bath & Body,119.69,0.0,3,Combination Balance,Old Money Luxe
CUST-1714,18,Female,118882.78,Milan,2023-11-28,Makeup,103.45,0.0,4,Mature Luminosity,Quiet Luxury
CUST-1342,40,Male,66963.02,Paris,2023-03-10,Haircare,143.93,0.05,2,Sensitive Glow,Quiet Luxury
CUST-1317,18,Female,72575.74,Dubai,2023-01-11,Bath & Body,70.49,0.0,3,Oily Clarity,Quiet Luxury
CUST-1796,24,Female,59615.19,Los Angeles,2023-06-09,Haircare,172.65,0.05,2,Dry / Dehydrated,Quiet Luxury
CUST-1134,33,Female,65858.71,New York,2023-06-16,Makeup,134.79,0.0,3,Combination Balance,Minimalist Chic
CUST-1490,18,Female,81585.94,Los Angeles,2023-08-31,Haircare,129.27,0.0,3,Sensitive Glow,Streetwear Glam
CUST-1085,31,Female,72715.26,New York,2023-03-17,Skincare,67.34,0.15,3,Oily Clarity,Quiet Luxury
CUST-1202,43,Female,81005.77,Los Angeles,2023-11-08,Fragrance,118.6,0.05,2,Dry / Dehydrated,French Riviera
CUST-2079,40,Female,68335.69,Dubai,2023-11-20,Fragrance,95.41,0.0,3,Mature Luminosity,Quiet Luxury
CUST-1807,34,Female,74151.44,Los Angeles,2023-06-12,Fragrance,115.85,0.05,1,Sensitive Glow,French Riviera
CUST-1656,19,Female,102687.48,London,2023-06-13,Haircare,185.28,0.05,4,Sensitive Glow,French Riviera
CUST-1873,18,Female,83641.2,Tokyo,2023-07-18,Haircare,56.98,0.1,3,Oily Clarity,Old Money Luxe
CUST-2004,33,Female,29704.3,Paris,2023-09-02,Haircare,48.56,0.05,1,Dry / Dehydrated,French Riviera
CUST-2149,44,Female,66581.42,Tokyo,2023-10-07,Fragrance,160.72,0.0,3,Oily Clarity,French Riviera
CUST-2019,61,Male,91828.98,Los Angeles,2023-12-14,Bath & Body,152.93,0.0,4,Dry / Dehydrated,Quiet Luxury
CUST-1085,36,Female,73791.69,London,2023-01-06,Skincare,70.0,0.0,3,Combination Balance,Quiet Luxury
CUST-2169,36,Female,21146.71,Dubai,2023-04-15,Makeup,111.56,0.0,1,Combination Balance,Old Money Luxe
CUST-2094,43,Female,80041.65,Paris,2023-02-06,Skincare,138.22,0.05,1,Combination Balance,Streetwear Glam
CUST-1385,28,Female,76440.57,New York,2023-07-18,Fragrance,107.67,0.0,1,Dry / Dehydrated,Streetwear Glam
CUST-2041,24,Female,87020.39,Dubai,2023-11-11,Makeup,78.8,0.1,2,Mature Luminosity,French Riviera
CUST-1091,32,Male,103828.77,London,2024-06-01,Skincare,52.92,0.2,4,Oily Clarity,Minimalist Chic
CUST-1453,25,Female,116476.03,Milan,2024-01-23,Bath & Body,113.15,0.1,3,Dry / Dehydrated,Minimalist Chic
CUST-2014,38,Female,68385.77,London,2023-05-22,Fragrance,15.0,0.0,2,Mature Luminosity,Old Money Luxe
CUST-1092,41,Female,73709.83,Tokyo,2024-06-09,Makeup,155.04,0.0,2,Dry / Dehydrated,French Riviera
CUST-1009,33,Male,78808.25,London,2023-05-15,Bath & Body,161.59,0.1,4,Sensitive Glow,Streetwear Glam
CUST-1467,60,Non-Binary,63309.76,New York,2023-05-18,Haircare,83.77,0.0,1,Dry / Dehydrated,Minimalist Chic
CUST-1290,30,Male,50589.34,Dubai,2023-11-14,Makeup,123.38,0.0,4,Mature Luminosity,French Riviera
CUST-1865,30,Male,57990.81,Milan,2023-02-18,Fragrance,78.76,0.0,2,Combination Balance,Minimalist Chic
CUST-1558,35,Female,80994.92,Tokyo,2023-11-08,Skincare,175.18,0.05,1,Oily Clarity,Streetwear Glam
CUST-1772,23,Female,104906.52,New York,2023-07-09,Makeup,165.66,0.0,2,Oily Clarity,French Riviera
CUST-1021,37,Male,60242.55,Milan,2023-04-15,Haircare,90.83,0.0,4,Dry / Dehydrated,Streetwear Glam
CUST-1263,28,Female,87547.36,Milan,2024-03-28,Makeup,224.96,0.15,3,Dry / Dehydrated,Old Money Luxe
CUST-1236,24,Female,64970.58,London,2023-05-27,Haircare,158.8,0.0,4,Dry / Dehydrated,Minimalist Chic
CUST-2099,32,Male,64330.34,New York,2023-11-19,Makeup,155.28,0.0,4,Combination Balance,Streetwear Glam
CUST-1583,33,Male,87869.63,Dubai,2024-01-19,Bath & Body,79.38,0.1,1,Combination Balance,Quiet Luxury
CUST-1535,34,Male,73977.08,Paris,2023-08-17,Skincare,155.07,0.05,2,Oily Clarity,Minimalist Chic
CUST-1177,22,Female,96852.85,Dubai,2024-02-26,Haircare,156.77,0.0,2,Sensitive Glow,Minimalist Chic
CUST-2061,37,Non-Binary,120271.83,Paris,2024-03-28,Haircare,98.1,0.0,1,Oily Clarity,Old Money Luxe
CUST-1228,30,Male,61184.03,London,2023-01-18,Skincare,191.86,0.0,3,Oily Clarity,Minimalist Chic
CUST-1171,47,Female,42779.52,Los Angeles,2023-01-16,Skincare,164.6,0.05,4,Sensitive Glow,Streetwear Glam
CUST-1759,57,Female,84904.13,Tokyo,2023-08-21,Makeup,129.69,0.15,4,Oily Clarity,Quiet Luxury
CUST-1084,29,Male,61870.98,Milan,2023-04-28,Fragrance,141.16,0.05,3,Sensitive Glow,Minimalist Chic
CUST-1651,54,Female,73920.48,Paris,2023-09-08,Fragrance,136.64,0.15,4,Dry / Dehydrated,Minimalist Chic
CUST-1699,36,Female,76817.24,Los Angeles,2023-09-13,Bath & Body,118.2,0.1,4,Sensitive Glow,French Riviera
CUST-1946,35,Female,104087.15,London,2023-10-16,Skincare,153.76,0.0,1,Oily Clarity,Streetwear Glam
CUST-1313,25,Female,66714.41,New York,2023-08-03,Fragrance,48.99,0.1,3,Dry / Dehydrated,Minimalist Chic
CUST-1376,18,Female,94632.68,Milan,2024-03-12,Makeup,32.65,0.15,3,Combination Balance,Streetwear Glam
CUST-1051,41,Female,85852.48,Los Angeles,2023-11-24,Haircare,77.18,0.15,1,Dry / Dehydrated,Minimalist Chic
CUST-2082,22,Female,125811.84,New York,2023-04-07,Fragrance,66.42,0.0,3,Sensitive Glow,Minimalist Chic
CUST-2120,61,Non-Binary,93026.64,New York,2023-06-15,Skincare,64.92,0.0,4,Dry / Dehydrated,Old Money Luxe
CUST-1839,29,Female,72470.72,Dubai,2023-11-10,Fragrance,25.48,0.0,4,Dry / Dehydrated,Quiet Luxury
CUST-1347,29,Male,113773.09,Milan,2023-03-04,Bath & Body,198.26,0.0,1,Combination Balance,Old Money Luxe
CUST-1293,22,Female,67874.66,Paris,2023-05-09,Makeup,20.07,0.1,1,Dry / Dehydrated,Streetwear Glam
CUST-1007,35,Female,68571.88,Dubai,2024-05-06,Skincare,135.68,0.0,2,Oily Clarity,Quiet Luxury
CUST-1245,29,Female,104279.05,Los Angeles,2023-11-19,Makeup,171.93,0.2,1,Dry / Dehydrated,Quiet Luxury
CUST-2117,20,Female,78307.73,Paris,2024-01-09,Skincare,230.42,0.2,3,Oily Clarity,Quiet Luxury
CUST-1790,18,Male,77283.86,New York,2023-04-17,Fragrance,151.94,0.15,1,Oily Clarity,Streetwear Glam
CUST-1486,28,Female,82560.79,Milan,2023-05-10,Haircare,141.94,0.0,3,Mature Luminosity,French Riviera
CUST-1706,33,Male,70731.37,Milan,2024-01-04,Haircare,54.07,0.05,3,Oily Clarity,Minimalist Chic
CUST-1930,25,Male,41983.96,Dubai,2023-08-27,Bath & Body,126.98,0.0,3,Sensitive Glow,Minimalist Chic
CUST-1587,46,Male,76982.79,Milan,2024-02-04,Makeup,135.57,0.15,3,Oily Clarity,French Riviera
CUST-1328,37,Male,72520.1,New York,2023-05-05,Skincare,81.93,0.1,4,Oily Clarity,French Riviera
CUST-1294,18,Female,95883.55,Paris,2023-04-29,Haircare,186.38,0.0,4,Oily Clarity,Quiet Luxury
CUST-1464,44,Female,80606.74,Tokyo,2024-01-30,Makeup,148.75,0.1,1,Combination Balance,Minimalist Chic
CUST-1831,24,Female,35867.61,Tokyo,2023-10-27,Haircare,42.38,0.1,4,Oily Clarity,Streetwear Glam
CUST-1909,42,Female,85015.28,Tokyo,2023-08-25,Haircare,121.35,0.05,1,Combination Balance,French Riviera
CUST-1667,22,Male,84052.62,Milan,2023-08-11,Haircare,110.71,0.2,1,Sensitive Glow,Quiet Luxury
CUST-1421,39,Female,111017.86,London,2024-05-31,Makeup,63.13,0.0,2,Sensitive Glow,Quiet Luxury
CUST-1398,29,Female,65729.03,Los Angeles,2024-01-18,Fragrance,84.69,0.0,1,Combination Balance,Streetwear Glam
CUST-2122,24,Female,70750.52,Los Angeles,2023-04-26,Haircare,61.39,0.15,4,Combination Balance,French Riviera
CUST-1437,18,Female,92386.12,Tokyo,2023-11-05,Makeup,157.99,0.1,1,Oily Clarity,Old Money Luxe
CUST-2111,32,Female,108200.12,Milan,2024-04-24,Haircare,72.13,0.0,4,Combination Balance,Quiet Luxury
CUST-1844,21,Female,78538.98,Paris,2023-05-07,Makeup,155.16,0.1,3,Sensitive Glow,French Riviera
CUST-2129,24,Male,75278.97,London,2023-06-28,Haircare,98.6,0.0,4,Mature Luminosity,Streetwear Glam
CUST-1369,23,Female,55412.8,Tokyo,2024-06-21,Skincare,75.87,0.2,4,Sensitive Glow,Streetwear Glam
CUST-2162,30,Female,69056.45,Milan,2023-01-31,Makeup,156.28,0.0,4,Combination Balance,Quiet Luxury
CUST-1319,23,Female,22767.59,Milan,2024-02-07,Haircare,192.05,0.05,3,Mature Luminosity,Minimalist Chic
CUST-1308,21,Female,94328.3,Tokyo,2024-04-09,Bath & Body,145.65,0.0,1,Oily Clarity,Minimalist Chic
CUST-1267,39,Female,44921.89,Los Angeles,2023-10-22,Haircare,111.64,0.05,3,Combination Balance,Quiet Luxury
CUST-2086,23,Female,90368.83,Milan,2023-12-17,Skincare,93.43,0.0,2,Dry / Dehydrated,Old Money Luxe
CUST-1175,41,Female,52100.81,Paris,2024-03-21,Skincare,42.74,0.0,2,Dry / Dehydrated,French Riviera
CUST-1184,28,Female,83537.54,New York,2023-05-04,Bath & Body,87.56,0.05,3,Sensitive Glow,Minimalist Chic
CUST-1436,30,Female,99535.74,New York,2023-09-15,Skincare,32.98,0.1,4,Combination Balance,Quiet Luxury
CUST-1646,26,Female,108771.17,Dubai,2023-10-21,Haircare,107.95,0.1,3,Oily Clarity,French Riviera
CUST-1358,29,Male,103944.09,New York,2023-10-15,Bath & Body,157.69,0.2,4,Dry / Dehydrated,Quiet Luxury
CUST-1327,25,Female,73684.7,London,2024-05-21,Makeup,154.92,0.0,3,Oily Clarity,Old Money Luxe
CUST-2090,18,Male,97117.65,Dubai,2023-09-16,Haircare,111.2,0.0,3,Sensitive Glow,Quiet Luxury
CUST-2131,20,Male,48897.85,Milan,2023-03-23,Haircare,167.06,0.1,3,Combination Balance,Minimalist Chic
CUST-1232,26,Female,44211.46,Milan,2024-04-03,Makeup,100.18,0.0,2,Oily Clarity,Old Money Luxe
CUST-1080,37,Female,88102.37,London,2024-03-24,Haircare,170.88,0.1,3,Oily Clarity,Streetwear Glam
CUST-1976,18,Female,64833.08,London,2023-12-18,Skincare,173.61,0.0,4,Mature Luminosity,French Riviera
CUST-1903,18,Female,53724.96,Dubai,2023-11-29,Fragrance,56.83,0.05,1,Sensitive Glow,Streetwear Glam
CUST-1040,27,Female,42148.98,Tokyo,2024-05-22,Fragrance,81.31,0.05,4,Combination Balance,French Riviera
CUST-1174,43,Female,63597.46,New York,2024-01-28,Skincare,212.94,0.0,2,Sensitive Glow,Minimalist Chic
CUST-1614,24,Female,115677.95,Milan,2023-03-18,Haircare,175.37,0.05,3,Sensitive Glow,Old Money Luxe
CUST-1403,30,Female,65172.84,Milan,2023-08-29,Bath & Body,123.99,0.05,3,Combination Balance,Old Money Luxe
CUST-1726,20,Female,66556.27,Dubai,2023-04-18,Haircare,80.09,0.0,1,Dry / Dehydrated,Quiet Luxury
CUST-1855,65,Female,54422.5,London,2023-07-13,Bath & Body,112.89,0.0,3,Combination Balance,Minimalist Chic
CUST-2051,44,Female,68739.8,New York,2023-11-18,Fragrance,95.08,0.0,3,Dry / Dehydrated,Streetwear Glam
CUST-1652,18,Female,113006.95,London,2023-02-04,Skincare,70.83,0.1,1,Sensitive Glow,French Riviera
CUST-1538,22,Female,81649.48,Tokyo,2023-11-07,Haircare,159.64,0.05,2,Combination Balance,Old Money Luxe
CUST-1558,30,Female,111837.6,Milan,2023-10-25,Haircare,123.58,0.05,3,Dry / Dehydrated,French Riviera
CUST-2129,18,Female,60723.84,Paris,2023-08-17,Makeup,222.38,0.05,4,Mature Luminosity,Old Money Luxe
CUST-2174,18,Female,22200.27,Paris,2023-07-03,Bath & Body,107.87,0.05,4,Oily Clarity,Minimalist Chic
CUST-1962,44,Male,142812.15,Tokyo,2023-01-15,Haircare,177.53,0.15,1,Dry / Dehydrated,French Riviera
CUST-1768,31,Male,57003.52,New York,2023-02-26,Bath & Body,62.73,0.15,4,Mature Luminosity,Streetwear Glam
CUST-1833,25,Female,74131.69,Milan,2023-12-18,Bath & Body,106.27,0.0,4,Sensitive Glow,French Riviera
CUST-1535,27,Female,41591.7,Dubai,2024-05-06,Makeup,23.06,0.0,2,Oily Clarity,French Riviera
CUST-1546,20,Female,124200.88,Paris,2024-05-27,Haircare,60.3,0.0,1,Dry / Dehydrated,French Riviera
CUST-2042,45,Female,85616.41,Paris,2023-02-02,Skincare,66.07,0.1,4,Sensitive Glow,Old Money Luxe
CUST-1497,24,Female,65875.82,Paris,2023-08-12,Makeup,52.57,0.0,4,Combination Balance,Old Money Luxe
CUST-1315,29,Non-Binary,67991.51,Dubai,2024-02-28,Makeup,104.96,0.0,2,Dry / Dehydrated,Old Money Luxe
CUST-1019,29,Female,89797.8,Milan,2024-01-22,Skincare,119.04,0.0,2,Combination Balance,Quiet Luxury
CUST-1144,18,Female,36588.51,London,2023-04-28,Fragrance,122.81,0.0,1,Oily Clarity,French Riviera
CUST-1216,18,Female,57406.58,Dubai,2023-04-23,Skincare,120.69,0.0,3,Dry / Dehydrated,Minimalist Chic
CUST-1408,33,Female,65153.74,Milan,2024-01-08,Skincare,122.06,0.1,3,Sensitive Glow,Old Money Luxe
CUST-1187,31,Female,80963.94,Paris,2023-07-28,Haircare,98.33,0.0,3,Sensitive Glow,Minimalist Chic
CUST-1102,34,Female,65229.6,Milan,2023-04-05,Skincare,187.03,0.05,3,Oily Clarity,French Riviera
CUST-2084,27,Male,59668.89,London,2023-12-09,Haircare,128.78,0.05,3,Sensitive Glow,Streetwear Glam
CUST-1381,34,Female,64637.09,Tokyo,2024-01-23,Bath & Body,176.33,0.0,4,Mature Luminosity,Old Money Luxe
CUST-1906,22,Female,67247.45,London,2023-08-24,Fragrance,72.77,0.15,1,Dry / Dehydrated,Old Money Luxe
CUST-1360,38,Female,40507.68,London,2023-06-15,Bath & Body,95.72,0.05,3,Sensitive Glow,Quiet Luxury
CUST-2178,33,Female,55330.68,London,2023-09-23,Skincare,93.98,0.0,2,Dry / Dehydrated,Minimalist Chic
CUST-1383,37,Female,74012.09,Los Angeles,2024-05-31,Bath & Body,70.33,0.0,4,Sensitive Glow,Minimalist Chic
CUST-1808,24,Male,35863.17,Milan,2023-02-12,Fragrance,163.26,0.05,2,Combination Balance,Quiet Luxury
CUST-1844,36,Female,49048.79,Dubai,2023-06-03,Bath & Body,103.59,0.05,2,Sensitive Glow,Streetwear Glam
CUST-1513,31,Female,61144.63,Los Angeles,2023-08-27,Bath & Body,136.7,0.0,2,Sensitive Glow,Quiet Luxury
CUST-1014,27,Female,81413.47,Milan,2024-06-06,Bath & Body,117.25,0.15,1,Combination Balance,Minimalist Chic
CUST-1132,39,Female,66831.92,Paris,2023-06-18,Skincare,156.9,0.05,4,Oily Clarity,French Riviera
CUST-1123,22,Female,93887.74,Dubai,2024-04-28,Haircare,97.4,0.0,2,Dry / Dehydrated,Streetwear Glam
CUST-1024,26,Female,108628.33,Milan,2024-05-15,Skincare,134.3,0.0,2,Combination Balance,Quiet Luxury
CUST-1740,33,Non-Binary,70403.33,Milan,2023-08-05,Fragrance,150.2,0.0,1,Dry / Dehydrated,Quiet Luxury
CUST-1537,23,Female,89887.38,Milan,2023-08-30,Bath & Body,129.31,0.05,4,Oily Clarity,French Riviera
CUST-1983,36,Female,62577.43,New York,2024-06-22,Haircare,169.2,0.1,1,Combination Balance,Streetwear Glam
CUST-1641,22,Female,58208.91,Dubai,2023-05-29,Makeup,122.36,0.2,3,Sensitive Glow,Quiet Luxury
CUST-1349,55,Female,60369.83,Paris,2023-01-24,Bath & Body,127.26,0.0,4,Oily Clarity,Streetwear Glam
CUST-1945,22,Female,84463.12,New York,2023-01-31,Haircare,151.49,0.0,1,Oily Clarity,Streetwear Glam
CUST-1926,31,Female,95334.04,London,2024-04-19,Makeup,137.47,0.0,4,Oily Clarity,Streetwear Glam
CUST-1050,19,Male,99407.3,Los Angeles,2024-02-03,Makeup,127.46,0.0,4,Combination Balance,Streetwear Glam
CUST-1305,38,Female,61445.63,Tokyo,2023-05-06,Bath & Body,79.47,0.0,3,Dry / Dehydrated,Streetwear Glam
CUST-1353,38,Female,20000.0,London,2024-03-18,Fragrance,76.83,0.0,4,Sensitive Glow,Minimalist Chic
CUST-1194,47,Female,79264.15,Paris,2024-03-27,Haircare,188.01,0.05,2,Oily Clarity,Minimalist Chic
CUST-1554,23,Female,110063.65,New York,2023-12-13,Makeup,182.48,0.0,4,Dry / Dehydrated,Streetwear Glam
CUST-1803,18,Female,92562.58,London,2023-01-30,Bath & Body,217.73,0.15,1,Mature Luminosity,French Riviera
CUST-1466,19,Male,20000.0,London,2023-07-28,Haircare,169.89,0.15,2,Mature Luminosity,Streetwear Glam
CUST-1886,47,Female,64521.66,Tokyo,2023-11-13,Makeup,58.14,0.0,4,Oily Clarity,Old Money Luxe
CUST-1723,30,Female,119808.03,Paris,2023-02-11,Skincare,190.28,0.0,4,Combination Balance,Streetwear Glam
CUST-1592,38,Female,26729.16,London,2023-09-01,Makeup,71.17,0.1,2,Mature Luminosity,Streetwear Glam
CUST-1443,18,Male,39340.0,Tokyo,2024-03-28,Haircare,172.96,0.05,3,Dry / Dehydrated,French Riviera
CUST-1324,33,Female,52897.15,New York,2023-12-30,Bath & Body,40.33,0.15,4,Mature Luminosity,Streetwear Glam
CUST-1249,37,Female,99465.59,Dubai,2023-08-08,Makeup,134.33,0.1,1,Mature Luminosity,French Riviera
CUST-1698,32,Male,93341.69,Milan,2023-04-08,Bath & Body,141.89,0.05,1,Sensitive Glow,French Riviera
CUST-2157,47,Female,94586.04,Tokyo,2024-05-09,Skincare,35.44,0.15,4,Dry / Dehydrated,Streetwear Glam
CUST-1757,37,Female,111867.27,Tokyo,2024-06-14,Makeup,156.36,0.15,3,Sensitive Glow,French Riviera
CUST-1478,29,Female,52810.56,Los Angeles,2024-03-21,Bath & Body,83.91,0.05,1,Oily Clarity,French Riviera
CUST-2136,43,Female,55544.7,New York,2023-11-11,Fragrance,152.79,0.0,2,Combination Balance,Minimalist Chic
CUST-1260,41,Female,47837.29,New York,2024-03-09,Fragrance,165.62,0.15,1,Sensitive Glow,Quiet Luxury
CUST-1485,28,Female,104517.92,Los Angeles,2023-01-27,Makeup,146.94,0.15,3,Oily Clarity,Quiet Luxury
CUST-1962,39,Female,110379.73,Paris,2023-03-14,Bath & Body,102.76,0.0,2,Mature Luminosity,Old Money Luxe
CUST-1786,43,Female,50194.95,Los Angeles,2024-03-01,Makeup,99.13,0.0,1,Mature Luminosity,French Riviera
CUST-1166,22,Female,67547.9,Dubai,2023-09-14,Haircare,94.16,0.0,1,Oily Clarity,Quiet Luxury
CUST-1544,39,Female,60890.99,Paris,2024-04-03,Haircare,45.11,0.1,2,Oily Clarity,Minimalist Chic
CUST-1565,26,Male,110977.01,Milan,2023-09-16,Makeup,128.31,0.0,1,Combination Balance,Old Money Luxe
CUST-1970,44,Female,57125.44,London,2023-05-03,Makeup,113.27,0.0,2,Dry / Dehydrated,French Riviera
CUST-1729,21,Female,55807.06,Los Angeles,2024-01-22,Fragrance,113.85,0.15,4,Oily Clarity,Quiet Luxury
CUST-1299,26,Male,94242.17,Los Angeles,2023-08-01,Bath & Body,228.12,0.15,2,Combination Balance,Streetwear Glam
CUST-1643,27,Female,105009.35,Dubai,2024-02-08,Fragrance,92.27,0.1,4,Sensitive Glow,Minimalist Chic
CUST-1246,47,Female,60436.67,New York,2023-09-29,Skincare,162.62,0.05,4,Sensitive Glow,Quiet Luxury
CUST-2032,33,Male,83651.68,New York,2024-06-01,Makeup,127.71,0.0,3,Oily Clarity,Streetwear Glam
CUST-1022,22,Male,91866.97,New York,2024-05-13,Bath & Body,144.83,0.0,2,Sensitive Glow,Minimalist Chic
CUST-1606,18,Female,69800.45,Paris,2023-12-07,Skincare,174.91,0.0,1,Oily Clarity,Old Money Luxe
CUST-1754,53,Female,125323.58,Tokyo,2024-01-16,Makeup,93.27,0.2,2,Oily Clarity,Streetwear Glam
CUST-2137,44,Male,75584.18,London,2023-11-10,Fragrance,220.92,0.05,2,Oily Clarity,French Riviera
CUST-1220,19,Non-Binary,81117.82,New York,2024-04-17,Haircare,87.97,0.05,1,Combination Balance,Minimalist Chic
CUST-1928,34,Female,49506.59,New York,2024-01-30,Makeup,154.79,0.15,3,Mature Luminosity,Minimalist Chic
CUST-1661,35,Non-Binary,82150.4,Paris,2024-01-21,Skincare,28.99,0.05,4,Dry / Dehydrated,French Riviera
CUST-2131,43,Female,37439.39,Tokyo,2024-02-20,Bath & Body,116.86,0.0,2,Sensitive Glow,French Riviera
CUST-1768,26,Male,103161.44,Dubai,2024-06-23,Skincare,127.03,0.0,4,Oily Clarity,French Riviera
CUST-1810,35,Female,101238.66,London,2023-01-24,Bath & Body,134.19,0.0,2,Mature Luminosity,Old Money Luxe
CUST-1579,51,Female,50631.62,New York,2023-05-20,Fragrance,145.87,0.0,1,Mature Luminosity,Old Money Luxe
CUST-2047,25,Female,67863.42,Paris,2023-12-11,Makeup,190.59,0.05,3,Oily Clarity,Old Money Luxe
CUST-1139,20,Female,97475.37,London,2024-01-16,Makeup,142.07,0.0,4,Dry / Dehydrated,Quiet Luxury
CUST-1334,26,Male,78745.31,Milan,2023-01-28,Makeup,153.69,0.0,2,Dry / Dehydrated,French Riviera
CUST-1731,18,Male,33107.65,New York,2023-04-04,Skincare,64.16,0.05,2,Oily Clarity,French Riviera
CUST-1142,32,Male,97549.96,Tokyo,2023-08-07,Haircare,98.14,0.0,1,Mature Luminosity,Old Money Luxe
CUST-2074,40,Female,69213.69,Tokyo,2023-03-04,Haircare,160.09,0.0,1,Sensitive Glow,Quiet Luxury
CUST-1183,21,Female,67109.15,Los Angeles,2024-05-15,Makeup,178.37,0.05,4,Oily Clarity,Minimalist Chic
CUST-1236,38,Male,54666.0,Los Angeles,2024-05-15,Bath & Body,204.22,0.0,1,Sensitive Glow,Minimalist Chic
CUST-1115,32,Female,46937.97,Milan,2024-06-24,Fragrance,46.43,0.0,3,Dry / Dehydrated,Old Money Luxe
CUST-1461,18,Female,66582.37,Tokyo,2023-03-31,Skincare,107.24,0.0,3,Dry / Dehydrated,Minimalist Chic
CUST-1476,18,Male,103402.53,London,2023-02-18,Makeup,127.66,0.05,2,Mature Luminosity,French Riviera
CUST-1661,31,Female,57686.38,Tokyo,2024-02-23,Haircare,118.74,0.15,2,Dry / Dehydrated,Quiet Luxury
CUST-1593,30,Female,74513.09,Tokyo,2023-09-10,Skincare,23.53,0.0,2,Oily Clarity,Quiet Luxury
CUST-1139,26,Male,56069.1,Paris,2024-03-22,Makeup,33.81,0.1,2,Mature Luminosity,Old Money Luxe
CUST-1427,43,Female,53349.14,London,2024-03-20,Fragrance,133.94,0.0,1,Oily Clarity,Old Money Luxe
CUST-1715,30,Female,80218.06,Milan,2023-04-28,Skincare,73.89,0.1,2,Mature Luminosity,French Riviera
CUST-2042,41,Female,96301.95,Los Angeles,2023-08-05,Makeup,136.96,0.0,2,Oily Clarity,Minimalist Chic
CUST-1311,42,Female,95804.78,Dubai,2024-02-27,Skincare,190.37,0.05,2,Mature Luminosity,French Riviera
CUST-1544,29,Female,37246.0,Dubai,2023-09-27,Bath & Body,156.09,0.0,1,Mature Luminosity,Streetwear Glam
CUST-1327,32,Female,84014.35,Los Angeles,2023-02-07,Makeup,107.06,0.2,3,Mature Luminosity,French Riviera
CUST-1685,18,Non-Binary,68221.44,London,2023-01-16,Bath & Body,189.55,0.05,1,Combination Balance,Streetwear Glam
CUST-1244,38,Female,78856.24,Milan,2023-10-28,Bath & Body,68.98,0.05,1,Oily Clarity,Old Money Luxe
CUST-1912,51,Female,73894.71,Dubai,2024-02-10,Fragrance,149.64,0.2,2,Oily Clarity,Minimalist Chic
CUST-1378,56,Male,52245.41,Paris,2023-07-02,Skincare,128.0,0.1,1,Oily Clarity,Old Money Luxe
CUST-1421,44,Female,40019.76,London,2024-01-20,Fragrance,128.39,0.0,4,Combination Balance,Minimalist Chic
CUST-1621,31,Male,64094.22,New York,2023-04-04,Haircare,123.97,0.0,2,Dry / Dehydrated,Minimalist Chic
CUST-2160,35,Male,60129.49,Los Angeles,2024-01-12,Bath & Body,122.04,0.0,4,Sensitive Glow,Quiet Luxury
CUST-1048,32,Non-Binary,61515.21,New York,2024-06-05,Skincare,41.17,0.05,1,Sensitive Glow,Minimalist Chic
CUST-1683,28,Female,69776.36,London,2023-08-29,Haircare,194.36,0.2,4,Oily Clarity,French Riviera
CUST-1937,21,Female,55597.5,Tokyo,2023-12-20,Fragrance,127.16,0.0,4,Sensitive Glow,Streetwear Glam
CUST-1983,34,Non-Binary,71030.29,Dubai,2023-05-01,Fragrance,105.64,0.0,4,Combination Balance,Minimalist Chic
CUST-1159,36,Female,27941.74,Dubai,2024-04-15,Skincare,179.75,0.0,2,Dry / Dehydrated,Old Money Luxe
CUST-1102,36,Female,48250.98,Los Angeles,2024-03-31,Skincare,187.64,0.2,4,Combination Balance,Old Money Luxe
CUST-1621,38,Female,102809.97,Tokyo,2023-10-20,Haircare,145.72,0.0,3,Mature Luminosity,Minimalist Chic
CUST-1199,27,Male,123108.4,Paris,2023-08-11,Bath & Body,167.26,0.0,3,Sensitive Glow,Minimalist Chic
CUST-1866,30,Female,107839.8,Milan,2023-12-16,Bath & Body,148.98,0.0,2,Dry / Dehydrated,French Riviera
CUST-1855,27,Female,87519.56,Milan,2023-05-05,Skincare,105.78,0.0,4,Combination Balance,Old Money Luxe
CUST-1245,41,Female,96809.25,New York,2024-05-11,Makeup,98.44,0.0,2,Combination Balance,Streetwear Glam
CUST-1419,58,Female,78337.75,Paris,2023-09-28,Skincare,85.83,0.0,3,Oily Clarity,Minimalist Chic
CUST-1029,33,Female,98948.81,Paris,2023-12-03,Skincare,158.28,0.05,3,Sensitive Glow,Streetwear Glam
CUST-2187,53,Female,43170.97,Milan,2023-07-16,Fragrance,176.62,0.0,4,Combination Balance,French Riviera
CUST-1046,27,Non-Binary,75178.03,Milan,2024-05-12,Fragrance,173.89,0.1,2,Oily Clarity,Old Money Luxe
CUST-1313,33,Female,104793.01,London,2024-01-18,Skincare,155.29,0.05,4,Oily Clarity,Streetwear Glam
CUST-1061,34,Female,20000.0,Paris,2023-11-21,Haircare,162.2,0.0,2,Oily Clarity,Streetwear Glam
CUST-1844,19,Male,90050.46,London,2023-11-12,Skincare,123.45,0.0,1,Mature Luminosity,Old Money Luxe
CUST-1129,21,Female,114836.42,Los Angeles,2023-06-21,Bath & Body,103.3,0.0,4,Combination Balance,Streetwear Glam
CUST-1415,34,Female,67102.97,Los Angeles,2024-01-17,Bath & Body,112.87,0.0,3,Dry / Dehydrated,French Riviera
CUST-1385,30,Female,75411.02,London,2023-07-11,Haircare,75.1,0.0,1,Dry / Dehydrated,Old Money Luxe
CUST-2153,38,Male,90004.07,Los Angeles,2023-01-03,Haircare,93.88,0.0,1,Mature Luminosity,Streetwear Glam
CUST-1474,34,Female,48264.94,Milan,2023-05-18,Skincare,106.54,0.05,2,Combination Balance,French Riviera
CUST-1181,21,Female,68837.74,Dubai,2024-03-03,Bath & Body,122.76,0.0,2,Oily Clarity,Streetwear Glam
CUST-2115,50,Female,78550.49,London,2023-04-13,Bath & Body,68.39,0.15,2,Combination Balance,Quiet Luxury
CUST-2107,46,Female,76716.75,London,2024-01-15,Bath & Body,151.46,0.0,3,Combination Balance,Streetwear Glam
CUST-1356,35,Female,88849.22,Dubai,2023-03-18,Haircare,136.88,0.0,4,Combination Balance,Streetwear Glam
CUST-1711,31,Female,55575.73,Los Angeles,2023-05-29,Bath & Body,133.55,0.1,3,Sensitive Glow,Streetwear Glam
CUST-2110,30,Female,105228.6,Tokyo,2023-08-19,Bath & Body,144.64,0.05,2,Oily Clarity,Old Money Luxe
CUST-1518,37,Female,86957.51,London,2023-05-04,Bath & Body,121.68,0.0,3,Combination Balance,Streetwear Glam
CUST-1923,39,Female,72175.03,Los Angeles,2023-06-08,Fragrance,78.11,0.1,2,Sensitive Glow,Old Money Luxe
CUST-1703,49,Female,91766.25,Dubai,2023-12-23,Makeup,144.47,0.15,1,Mature Luminosity,French Riviera
CUST-2106,26,Male,74825.19,Milan,2024-01-07,Makeup,129.33,0.0,2,Mature Luminosity,Minimalist Chic
CUST-1421,43,Female,77786.33,Los Angeles,2023-04-27,Haircare,263.79,0.0,1,Dry / Dehydrated,Streetwear Glam
CUST-1229,32,Female,127934.32,Dubai,2024-02-14,Fragrance,169.85,0.1,1,Dry / Dehydrated,Quiet Luxury
CUST-1212,26,Female,104836.71,Dubai,2023-08-14,Skincare,74.64,0.15,4,Combination Balance,Quiet Luxury
CUST-1337,34,Female,42425.57,Milan,2023-10-20,Makeup,124.41,0.15,4,Combination Balance,Streetwear Glam
CUST-1239,33,Female,51876.54,New York,2023-10-20,Bath & Body,164.5,0.0,2,Mature Luminosity,Streetwear Glam
CUST-2071,21,Female,132330.14,Milan,2024-02-14,Haircare,91.68,0.05,1,Sensitive Glow,Quiet Luxury
CUST-1719,44,Female,102749.25,Milan,2024-06-23,Haircare,86.61,0.0,2,Dry / Dehydrated,Minimalist Chic
CUST-1929,27,Female,92480.05,London,2023-11-14,Makeup,116.72,0.0,1,Dry / Dehydrated,Quiet Luxury
CUST-1220,38,Female,33071.28,Tokyo,2023-07-04,Makeup,69.04,0.05,2,Dry / Dehydrated,French Riviera
CUST-1495,18,Female,69395.84,Los Angeles,2024-04-05,Haircare,111.57,0.05,3,Combination Balance,Minimalist Chic
CUST-2109,35,Male,91059.0,Milan,2023-09-05,Skincare,76.41,0.0,1,Sensitive Glow,Old Money Luxe
CUST-1033,30,Female,52364.57,Paris,2024-02-20,Bath & Body,111.95,0.0,2,Dry / Dehydrated,Minimalist Chic
CUST-1380,28,Male,75480.14,Los Angeles,2023-04-29,Skincare,105.47,0.0,1,Dry / Dehydrated,French Riviera
CUST-1926,25,Female,46130.88,Paris,2024-06-03,Haircare,121.13,0.15,3,Combination Balance,Streetwear Glam
CUST-1021,30,Female,74406.0,Milan,2024-04-17,Fragrance,207.49,0.1,3,Combination Balance,French Riviera
CUST-1794,43,Female,88405.52,New York,2024-04-07,Makeup,127.02,0.1,1,Combination Balance,Streetwear Glam
CUST-1979,35,Male,50123.07,Milan,2023-06-25,Fragrance,118.89,0.0,1,Mature Luminosity,Old Money Luxe
CUST-2006,18,Female,76904.81,Paris,2024-06-26,Haircare,164.67,0.15,1,Combination Balance,French Riviera
CUST-1063,26,Female,34908.91,New York,2024-02-19,Haircare,86.39,0.0,4,Oily Clarity,Quiet Luxury
CUST-1200,51,Male,92345.64,Tokyo,2023-07-06,Fragrance,151.44,0.0,3,Mature Luminosity,French Riviera
CUST-2004,31,Female,110343.58,Paris,2023-06-02,Haircare,202.21,0.15,3,Dry / Dehydrated,Streetwear Glam
CUST-1177,45,Male,45430.3,Tokyo,2023-10-29,Bath & Body,154.43,0.0,4,Mature Luminosity,Old Money Luxe
CUST-1169,32,Female,92775.74,London,2023-09-04,Skincare,75.55,0.0,1,Oily Clarity,Streetwear Glam
CUST-1690,34,Female,86102.78,London,2023-01-27,Fragrance,151.65,0.05,2,Oily Clarity,Old Money Luxe
CUST-1661,33,Female,65003.17,New York,2023-03-04,Fragrance,81.77,0.0,4,Oily Clarity,Minimalist Chic
CUST-1840,31,Female,112350.13,Paris,2024-01-07,Skincare,147.04,0.05,3,Sensitive Glow,Quiet Luxury
CUST-1057,18,Female,74463.48,Dubai,2024-06-01,Haircare,66.58,0.0,3,Dry / Dehydrated,Quiet Luxury
CUST-1371,24,Male,58767.53,Tokyo,2024-01-24,Bath & Body,180.41,0.1,2,Mature Luminosity,Streetwear Glam
CUST-2097,33,Female,79717.35,Milan,2023-09-18,Skincare,116.99,0.15,3,Combination Balance,Quiet Luxury
CUST-1240,25,Female,79935.78,Milan,2023-02-07,Fragrance,134.75,0.1,3,Oily Clarity,Minimalist Chic
CUST-1925,24,Male,98839.87,New York,2024-06-08,Makeup,90.39,0.05,4,Dry / Dehydrated,French Riviera
CUST-1678,21,Female,105495.36,Tokyo,2023-04-25,Skincare,60.82,0.0,3,Sensitive Glow,Old Money Luxe
CUST-1407,23,Female,99270.49,Tokyo,2024-01-15,Haircare,74.62,0.0,2,Sensitive Glow,Old Money Luxe
CUST-1793,23,Female,70329.62,Los Angeles,2024-02-06,Makeup,87.7,0.05,4,Oily Clarity,Old Money Luxe
CUST-1619,18,Female,65851.11,London,2023-01-12,Makeup,151.94,0.05,1,Combination Balance,Quiet Luxury
CUST-2010,38,Female,135644.07,London,2024-05-21,Haircare,68.77,0.05,2,Dry / Dehydrated,Old Money Luxe
CUST-1336,23,Female,44157.65,London,2024-04-21,Makeup,132.62,0.0,1,Mature Luminosity,Quiet Luxury
CUST-1048,18,Female,53773.47,Tokyo,2023-04-28,Haircare,98.41,0.2,3,Combination Balance,Streetwear Glam
CUST-1042,53,Female,76531.32,Milan,2024-06-08,Fragrance,35.08,0.05,3,Combination Balance,Quiet Luxury
CUST-1217,42,Female,93667.12,Tokyo,2024-01-31,Haircare,86.77,0.0,4,Dry / Dehydrated,French Riviera
CUST-1893,18,Male,42776.06,Dubai,2023-11-24,Haircare,143.22,0.0,1,Dry / Dehydrated,Old Money Luxe
CUST-1178,44,Female,44009.83,New York,2023-09-26,Bath & Body,45.09,0.15,1,Oily Clarity,Streetwear Glam
CUST-2038,55,Female,84210.09,London,2023-12-23,Makeup,65.74,0.15,1,Dry / Dehydrated,Old Money Luxe
CUST-1331,29,Female,80785.16,Paris,2023-10-30,Fragrance,143.25,0.05,3,Sensitive Glow,Minimalist Chic
CUST-1913,34,Female,63244.37,Milan,2024-03-14,Fragrance,105.75,0.05,3,Combination Balance,Quiet Luxury
CUST-1538,58,Female,49064.3,Tokyo,2023-03-04,Skincare,113.27,0.0,2,Sensitive Glow,Quiet Luxury
CUST-1846,32,Male,76896.14,Paris,2023-08-03,Fragrance,77.85,0.05,4,Dry / Dehydrated,Minimalist Chic
CUST-1414,38,Male,72755.27,London,2023-02-18,Bath & Body,213.15,0.0,3,Sensitive Glow,Streetwear Glam
CUST-1022,24,Female,62505.04,New York,2023-08-04,Skincare,155.15,0.0,2,Mature Luminosity,Old Money Luxe
CUST-1230,24,Female,49174.28,Dubai,2024-01-10,Bath & Body,155.69,0.05,1,Mature Luminosity,Quiet Luxury
CUST-1018,35,Female,87117.42,New York,2024-03-14,Makeup,67.36,0.1,4,Combination Balance,Minimalist Chic
CUST-1983,21,Female,114127.54,Los Angeles,2023-10-11,Makeup,151.61,0.1,3,Sensitive Glow,Streetwear Glam
CUST-1979,40,Male,46970.75,Tokyo,2024-04-15,Makeup,100.01,0.1,4,Dry / Dehydrated,Minimalist Chic
CUST-1794,37,Female,91429.34,Dubai,2024-02-01,Fragrance,150.92,0.05,3,Dry / Dehydrated,Minimalist Chic
CUST-1260,30,Female,72005.68,Los Angeles,2023-05-12,Fragrance,95.1,0.15,1,Sensitive Glow,Old Money Luxe
CUST-1978,18,Female,46629.55,Dubai,2023-09-02,Skincare,163.14,0.1,4,Mature Luminosity,Minimalist Chic
CUST-1505,21,Female,71692.7,Milan,2024-05-25,Haircare,138.99,0.05,2,Combination Balance,Minimalist Chic
CUST-1537,27,Female,110118.45,Tokyo,2023-06-06,Skincare,136.48,0.0,3,Oily Clarity,Old Money Luxe
CUST-1656,18,Female,65100.78,Los Angeles,2023-10-02,Haircare,76.02,0.1,1,Dry / Dehydrated,Minimalist Chic
CUST-1765,23,Female,94924.5,Tokyo,2024-01-12,Haircare,58.93,0.05,4,Mature Luminosity,Minimalist Chic
CUST-1260,41,Female,70969.58,Tokyo,2024-04-02,Fragrance,96.28,0.05,2,Mature Luminosity,Streetwear Glam
CUST-1322,48,Female,92896.59,London,2023-09-11,Fragrance,111.2,0.15,2,Mature Luminosity,French Riviera
CUST-2018,39,Female,71985.72,Los Angeles,2023-09-20,Skincare,130.57,0.0,4,Oily Clarity,Quiet Luxury
CUST-1063,23,Female,116842.99,Tokyo,2024-03-25,Skincare,39.42,0.0,3,Mature Luminosity,Old Money Luxe
CUST-1298,35,Male,86260.3,Los Angeles,2023-09-09,Skincare,93.52,0.1,2,Combination Balance,French Riviera
CUST-1805,23,Female,81991.72,New York,2023-12-19,Haircare,81.46,0.05,3,Combination Balance,French Riviera
CUST-2096,55,Female,34745.71,Dubai,2024-06-14,Bath & Body,184.75,0.0,1,Combination Balance,Streetwear Glam
CUST-2047,30,Female,80127.21,Tokyo,2024-02-08,Haircare,188.83,0.0,1,Mature Luminosity,Quiet Luxury
CUST-2175,51,Female,81640.11,London,2023-07-12,Haircare,75.5,0.0,1,Combination Balance,Old Money Luxe
CUST-2002,27,Female,121656.83,New York,2024-03-11,Fragrance,82.29,0.05,1,Mature Luminosity,Quiet Luxury
CUST-1128,30,Female,50795.33,New York,2023-10-03,Bath & Body,211.92,0.2,4,Combination Balance,French Riviera
CUST-2051,42,Female,53771.96,London,2023-09-09,Bath & Body,106.07,0.0,4,Combination Balance,Minimalist Chic
CUST-2159,45,Female,91077.78,London,2023-04-13,Bath & Body,130.98,0.0,2,Combination Balance,Minimalist Chic
CUST-1686,18,Female,54676.58,Dubai,2023-08-13,Haircare,124.28,0.05,1,Combination Balance,French Riviera
CUST-1868,29,Male,58352.47,Milan,2023-11-27,Makeup,45.28,0.1,2,Mature Luminosity,Minimalist Chic
CUST-1604,18,Male,105180.91,London,2023-07-06,Bath & Body,125.05,0.0,4,Mature Luminosity,Quiet Luxury
CUST-1657,26,Female,46626.91,London,2023-02-18,Haircare,134.34,0.0,1,Mature Luminosity,Quiet Luxury
CUST-1355,18,Male,83592.88,Paris,2023-05-27,Bath & Body,107.45,0.0,3,Sensitive Glow,Minimalist Chic
CUST-1690,45,Female,46134.54,London,2023-03-11,Haircare,62.04,0.0,3,Combination Balance,Minimalist Chic
CUST-1802,18,Female,53337.1,Tokyo,2023-07-13,Bath & Body,152.84,0.05,4,Mature Luminosity,Streetwear Glam
CUST-2100,46,Female,70161.36,New York,2023-08-26,Makeup,114.77,0.05,2,Combination Balance,Quiet Luxury
CUST-1147,31,Female,76773.4,New York,2023-09-14,Skincare,178.03,0.15,1,Oily Clarity,Quiet Luxury
CUST-1805,45,Female,70377.88,Paris,2023-08-04,Skincare,79.15,0.15,1,Sensitive Glow,French Riviera
CUST-2013,30,Female,100114.95,Tokyo,2023-04-05,Fragrance,131.48,0.0,1,Mature Luminosity,French Riviera
CUST-2046,29,Female,113136.76,Dubai,2024-04-11,Haircare,197.68,0.0,4,Sensitive Glow,French Riviera
CUST-1104,46,Male,85663.07,Tokyo,2023-07-26,Haircare,78.76,0.0,2,Mature Luminosity,Old Money Luxe
CUST-1975,40,Non-Binary,122145.27,Tokyo,2024-05-09,Haircare,48.58,0.0,4,Combination Balance,Old Money Luxe
CUST-1286,31,Female,51764.6,London,2023-07-11,Skincare,98.06,0.0,4,Combination Balance,Old Money Luxe
CUST-1084,43,Female,59738.84,Los Angeles,2023-01-31,Skincare,194.91,0.0,4,Combination Balance,Old Money Luxe
CUST-2123,35,Female,75794.24,Dubai,2023-07-08,Bath & Body,109.49,0.0,3,Sensitive Glow,Old Money Luxe
CUST-1866,28,Female,80731.82,London,2024-05-29,Skincare,109.07,0.0,2,Mature Luminosity,Old Money Luxe
CUST-1020,39,Male,84097.28,Paris,2024-06-03,Bath & Body,120.37,0.0,3,Mature Luminosity,French Riviera
CUST-1582,34,Female,53203.52,Tokyo,2023-11-18,Makeup,147.04,0.0,3,Sensitive Glow,Minimalist Chic
CUST-2168,46,Female,73383.52,Los Angeles,2023-12-23,Bath & Body,91.92,0.0,1,Mature Luminosity,French Riviera
CUST-1484,38,Non-Binary,71872.63,London,2023-10-30,Skincare,60.6,0.1,3,Mature Luminosity,Quiet Luxury
CUST-1648,25,Female,108235.79,Los Angeles,2023-08-23,Makeup,141.67,0.05,3,Sensitive Glow,Streetwear Glam
CUST-1416,32,Female,133042.87,Dubai,2023-07-23,Fragrance,160.61,0.1,3,Dry / Dehydrated,Minimalist Chic
CUST-1186,18,Female,52560.27,Dubai,2023-03-01,Fragrance,85.01,0.0,3,Combination Balance,Streetwear Glam
CUST-1255,29,Female,84098.17,Paris,2023-06-21,Makeup,145.29,0.1,2,Oily Clarity,Minimalist Chic
CUST-1495,26,Female,59818.44,Tokyo,2023-09-30,Fragrance,120.9,0.0,1,Sensitive Glow,Minimalist Chic
CUST-1451,33,Female,74484.66,New York,2024-06-16,Skincare,192.11,0.05,1,Dry / Dehydrated,Minimalist Chic
CUST-1631,35,Female,72437.92,Tokyo,2023-11-17,Fragrance,185.96,0.1,3,Mature Luminosity,Streetwear Glam
CUST-1913,37,Female,52385.58,London,2024-04-17,Makeup,154.84,0.0,1,Dry / Dehydrated,Old Money Luxe
CUST-1836,33,Female,98484.08,Milan,2023-02-11,Haircare,137.17,0.0,3,Oily Clarity,Minimalist Chic
CUST-1787,39,Male,33656.19,Los Angeles,2024-04-08,Fragrance,181.16,0.0,1,Oily Clarity,Old Money Luxe
CUST-2108,22,Female,91200.69,Los Angeles,2023-08-07,Bath & Body,226.54,0.1,3,Sensitive Glow,Streetwear Glam
CUST-1894,18,Male,144087.46,Los Angeles,2023-07-04,Fragrance,114.98,0.0,2,Combination Balance,French Riviera
CUST-1042,42,Female,80884.03,Tokyo,2023-03-18,Fragrance,104.75,0.0,3,Mature Luminosity,Streetwear Glam
CUST-1905,25,Female,89175.32,Dubai,2023-10-25,Makeup,109.15,0.15,1,Combination Balance,Minimalist Chic
CUST-1158,32,Female,105230.43,Dubai,2023-02-22,Haircare,52.35,0.1,2,Sensitive Glow,Streetwear Glam
CUST-1424,38,Female,122700.27,London,2023-12-30,Bath & Body,132.97,0.05,1,Combination Balance,Streetwear Glam
CUST-1561,34,Non-Binary,47798.11,London,2023-09-13,Bath & Body,137.1,0.15,1,Sensitive Glow,Streetwear Glam
CUST-1961,39,Female,75069.72,Paris,2023-09-01,Fragrance,113.04,0.15,4,Sensitive Glow,Old Money Luxe
CUST-1926,38,Female,128451.38,Milan,2023-01-24,Skincare,155.62,0.0,1,Oily Clarity,Quiet Luxury
CUST-1706,24,Female,94004.84,New York,2024-02-26,Haircare,228.52,0.0,4,Dry / Dehydrated,Streetwear Glam
CUST-1893,27,Male,43836.87,Milan,2023-11-23,Haircare,176.99,0.05,2,Oily Clarity,Old Money Luxe
CUST-1895,33,Non-Binary,89839.87,New York,2023-06-06,Bath & Body,138.19,0.1,1,Sensitive Glow,French Riviera
CUST-1750,30,Male,55352.88,New York,2024-02-16,Haircare,143.09,0.0,4,Sensitive Glow,Minimalist Chic
CUST-1448,36,Female,89487.65,Los Angeles,2023-07-08,Fragrance,107.76,0.05,1,Mature Luminosity,Quiet Luxury
CUST-2087,43,Female,66072.26,Los Angeles,2024-01-25,Makeup,40.9,0.2,3,Dry / Dehydrated,Streetwear Glam
CUST-1746,26,Female,85702.24,Paris,2023-10-29,Makeup,98.42,0.0,1,Dry / Dehydrated,Minimalist Chic
CUST-1189,35,Non-Binary,88163.98,Dubai,2023-09-03,Fragrance,77.63,0.1,3,Dry / Dehydrated,French Riviera
CUST-1162,31,Female,69561.77,Dubai,2023-06-29,Bath & Body,69.83,0.2,3,Oily Clarity,Minimalist Chic
CUST-1600,29,Female,95604.08,London,2023-11-27,Haircare,98.41,0.0,1,Combination Balance,Minimalist Chic
CUST-1469,23,Female,52300.21,Tokyo,2024-06-10,Bath & Body,137.38,0.1,2,Sensitive Glow,Quiet Luxury
CUST-1136,37,Female,44455.37,London,2023-02-17,Skincare,101.4,0.05,4,Mature Luminosity,Old Money Luxe
CUST-2172,27,Female,75538.87,Milan,2024-02-26,Makeup,109.06,0.0,2,Combination Balance,Quiet Luxury
CUST-1963,21,Female,75113.52,Tokyo,2023-12-02,Makeup,144.24,0.0,2,Sensitive Glow,Old Money Luxe
CUST-1400,38,Female,48126.3,Dubai,2023-10-21,Skincare,95.3,0.1,4,Dry / Dehydrated,Old Money Luxe
CUST-1551,30,Female,84348.82,Los Angeles,2024-05-17,Makeup,144.38,0.15,3,Mature Luminosity,Old Money Luxe
CUST-1947,41,Non-Binary,86582.72,Dubai,2024-05-25,Bath & Body,154.52,0.15,4,Sensitive Glow,Minimalist Chic
CUST-2092,31,Male,58445.29,London,2023-11-28,Makeup,145.81,0.0,1,Dry / Dehydrated,French Riviera
CUST-1351,47,Female,69585.45,Los Angeles,2023-09-28,Bath & Body,159.63,0.05,3,Mature Luminosity,Old Money Luxe
CUST-2025,29,Male,99012.6,Dubai,2024-01-15,Skincare,95.87,0.15,2,Oily Clarity,Minimalist Chic
CUST-1342,30,Female,87990.94,Paris,2023-01-16,Haircare,112.94,0.0,2,Sensitive Glow,Minimalist Chic
CUST-1495,39,Female,34363.01,Los Angeles,2024-04-11,Fragrance,120.21,0.15,4,Combination Balance,Quiet Luxury
CUST-1571,33,Female,49484.37,Tokyo,2024-06-17,Makeup,79.2,0.2,1,Oily Clarity,Minimalist Chic
CUST-1225,21,Male,29185.44,Milan,2023-09-13,Makeup,141.57,0.05,3,Sensitive Glow,Quiet Luxury
CUST-1086,30,Male,20000.0,Paris,2023-06-17,Haircare,112.37,0.0,4,Sensitive Glow,Old Money Luxe
CUST-1588,29,Female,78533.56,Tokyo,2024-01-02,Fragrance,115.13,0.05,2,Oily Clarity,Streetwear Glam
CUST-2127,28,Female,76783.43,Dubai,2023-02-22,Haircare,41.76,0.15,1,Mature Luminosity,Streetwear Glam
CUST-2064,44,Female,118571.66,New York,2024-05-19,Fragrance,104.16,0.0,2,Mature Luminosity,Streetwear Glam
CUST-1514,18,Female,76903.98,Dubai,2024-01-29,Haircare,172.97,0.0,1,Sensitive Glow,Quiet Luxury
CUST-2023,18,Male,92638.61,London,2024-06-13,Skincare,106.13,0.05,2,Sensitive Glow,Old Money Luxe
CUST-1752,27,Female,94742.66,Los Angeles,2023-01-25,Bath & Body,98.45,0.0,4,Dry / Dehydrated,Quiet Luxury
CUST-1844,42,Male,60316.31,Tokyo,2023-01-01,Haircare,150.45,0.0,1,Combination Balance,French Riviera
CUST-1048,41,Non-Binary,76482.65,New York,2023-07-05,Haircare,85.98,0.0,3,Sensitive Glow,Old Money Luxe
CUST-1441,30,Female,65796.81,Tokyo,2023-06-06,Makeup,17.98,0.0,3,Oily Clarity,Quiet Luxury
CUST-1286,45,Male,30147.92,Milan,2024-01-05,Bath & Body,49.16,0.0,4,Oily Clarity,Minimalist Chic
CUST-1291,35,Female,88999.11,Paris,2023-10-07,Makeup,146.68,0.0,3,Oily Clarity,French Riviera
CUST-1996,37,Male,89917.38,Tokyo,2024-03-04,Haircare,121.66,0.0,3,Oily Clarity,French Riviera
CUST-1419,48,Female,32134.43,Tokyo,2024-04-07,Makeup,133.52,0.0,4,Oily Clarity,Old Money Luxe
CUST-1502,22,Female,93321.48,London,2023-11-21,Skincare,43.43,0.1,2,Combination Balance,French Riviera
CUST-1108,47,Male,60962.2,New York,2023-03-18,Haircare,112.84,0.0,3,Oily Clarity,Streetwear Glam
CUST-1159,21,Female,95465.59,Dubai,2023-07-26,Bath & Body,19.06,0.0,1,Combination Balance,Quiet Luxury
CUST-2129,44,Female,87494.82,Tokyo,2024-01-24,Skincare,64.27,0.1,4,Oily Clarity,Old Money Luxe
CUST-1721,18,Female,130443.63,New York,2023-10-10,Makeup,120.85,0.05,1,Combination Balance,Quiet Luxury
CUST-1339,18,Female,64640.33,Paris,2023-07-26,Skincare,145.52,0.0,1,Sensitive Glow,Quiet Luxury
CUST-1552,35,Female,67301.4,Paris,2023-10-11,Skincare,85.66,0.05,1,Mature Luminosity,Minimalist Chic
CUST-2067,44,Female,113356.13,New York,2023-07-08,Skincare,107.46,0.15,3,Oily Clarity,Streetwear Glam
CUST-1684,18,Female,55774.91,Los Angeles,2023-03-23,Fragrance,112.12,0.15,4,Oily Clarity,French Riviera
CUST-1668,33,Female,95044.79,New York,2024-01-01,Bath & Body,133.16,0.05,2,Dry / Dehydrated,Quiet Luxury
CUST-2199,31,Male,52515.67,Paris,2023-08-19,Haircare,150.51,0.05,1,Oily Clarity,Streetwear Glam
CUST-2052,46,Female,90590.96,Paris,2023-05-20,Fragrance,120.05,0.0,1,Mature Luminosity,Quiet Luxury
CUST-1137,31,Male,130236.67,London,2024-01-31,Haircare,104.98,0.1,1,Combination Balance,Streetwear Glam
CUST-1547,24,Female,86586.24,London,2024-05-09,Makeup,161.84,0.0,3,Sensitive Glow,Old Money Luxe
CUST-1786,18,Female,59636.77,New York,2023-05-18,Haircare,173.06,0.0,4,Sensitive Glow,Old Money Luxe
CUST-1090,41,Female,93619.73,New York,2023-07-28,Skincare,200.97,0.1,2,Sensitive Glow,Minimalist Chic
CUST-1856,21,Female,82790.72,Dubai,2023-05-15,Makeup,154.72,0.05,1,Oily Clarity,Minimalist Chic
CUST-1874,43,Male,80478.63,Dubai,2024-06-03,Fragrance,97.0,0.05,3,Combination Balance,Minimalist Chic
CUST-1001,39,Male,69659.24,Paris,2023-12-01,Makeup,73.56,0.1,1,Dry / Dehydrated,French Riviera
CUST-1988,26,Female,72346.6,Los Angeles,2023-04-14,Skincare,61.05,0.0,3,Sensitive Glow,Streetwear Glam
CUST-1339,38,Female,110016.31,Milan,2023-04-16,Haircare,94.02,0.15,3,Dry / Dehydrated,Old Money Luxe
CUST-1941,44,Female,77384.76,Los Angeles,2023-07-11,Bath & Body,97.23,0.1,4,Mature Luminosity,French Riviera
CUST-1960,35,Female,56818.6,New York,2023-05-20,Fragrance,118.4,0.2,3,Mature Luminosity,Quiet Luxury
CUST-1677,35,Female,66142.15,Milan,2024-06-24,Bath & Body,21.82,0.05,2,Mature Luminosity,Minimalist Chic
CUST-2065,19,Female,94228.44,Milan,2023-11-04,Bath & Body,163.98,0.05,2,Mature Luminosity,Minimalist Chic
CUST-1463,42,Male,45952.0,Los Angeles,2023-05-17,Skincare,147.06,0.05,1,Oily Clarity,Streetwear Glam
CUST-1557,49,Female,65995.05,New York,2024-05-17,Fragrance,221.45,0.0,2,Combination Balance,Streetwear Glam
CUST-1828,26,Female,66372.12,Paris,2023-11-12,Fragrance,80.41,0.05,4,Combination Balance,French Riviera
CUST-1218,35,Female,43654.33,Los Angeles,2023-08-08,Makeup,100.17,0.05,4,Mature Luminosity,Minimalist Chic
CUST-1448,42,Male,49210.68,London,2023-09-26,Haircare,161.52,0.1,3,Sensitive Glow,Old Money Luxe
CUST-2110,24,Female,84364.51,Dubai,2023-08-25,Bath & Body,214.4,0.2,1,Oily Clarity,Streetwear Glam
CUST-1858,18,Male,33866.86,Dubai,2024-06-19,Bath & Body,105.72,0.0,2,Combination Balance,Old Money Luxe
CUST-1496,27,Female,71065.51,London,2023-09-02,Fragrance,192.09,0.1,3,Oily Clarity,Old Money Luxe
CUST-1642,34,Female,55268.62,Paris,2023-01-20,Haircare,172.8,0.1,1,Oily Clarity,Streetwear Glam
CUST-1315,46,Female,87660.52,Tokyo,2023-07-16,Haircare,127.45,0.0,2,Dry / Dehydrated,French Riviera
CUST-1758,40,Female,88845.88,Paris,2023-07-26,Bath & Body,77.01,0.0,2,Sensitive Glow,Streetwear Glam
CUST-2007,47,Male,82291.92,Tokyo,2023-04-10,Fragrance,79.12,0.0,4,Sensitive Glow,Streetwear Glam
CUST-1880,29,Female,43483.9,Los Angeles,2023-10-31,Makeup,152.3,0.2,1,Combination Balance,Minimalist Chic
CUST-1337,36,Female,81321.21,New York,2023-04-17,Makeup,199.91,0.0,4,Mature Luminosity,French Riviera
CUST-1771,19,Female,68116.94,Los Angeles,2023-01-08,Skincare,198.87,0.05,2,Dry / Dehydrated,Old Money Luxe
CUST-1168,26,Female,123954.67,Los Angeles,2024-01-14,Skincare,164.84,0.15,3,Sensitive Glow,Quiet Luxury
CUST-1877,28,Female,56638.97,Tokyo,2023-12-25,Skincare,94.53,0.1,1,Sensitive Glow,Old Money Luxe
CUST-1004,33,Female,87732.51,Tokyo,2024-01-21,Makeup,139.13,0.15,3,Dry / Dehydrated,Minimalist Chic
CUST-1596,18,Female,106852.71,Los Angeles,2023-03-13,Bath & Body,81.61,0.0,2,Combination Balance,Quiet Luxury
CUST-1179,20,Female,37721.22,Paris,2023-11-07,Makeup,99.29,0.0,4,Combination Balance,French Riviera
CUST-1204,23,Female,70120.46,Paris,2023-01-21,Fragrance,133.56,0.1,3,Dry / Dehydrated,Old Money Luxe
CUST-1000,41,Female,88813.08,Los Angeles,2024-04-16,Makeup,133.6,0.0,4,Sensitive Glow,Streetwear Glam
CUST-2004,20,Female,87949.33,Paris,2023-08-12,Bath & Body,52.94,0.15,3,Mature Luminosity,French Riviera
CUST-2077,29,Non-Binary,104181.4,Paris,2023-04-24,Fragrance,70.8,0.05,1,Combination Balance,Minimalist Chic
CUST-1133,18,Female,85616.83,Tokyo,2023-05-08,Fragrance,145.3,0.0,4,Combination Balance,Minimalist Chic
CUST-2054,31,Female,99995.22,Paris,2023-09-01,Haircare,107.28,0.05,3,Mature Luminosity,Minimalist Chic
CUST-1581,23,Male,93607.87,Paris,2023-12-04,Haircare,151.95,0.0,4,Combination Balance,Minimalist Chic
CUST-1968,34,Female,45121.7,Los Angeles,2023-07-17,Haircare,94.14,0.0,1,Combination Balance,Quiet Luxury
CUST-1627,21,Non-Binary,20000.0,New York,2024-04-26,Haircare,131.34,0.0,2,Oily Clarity,Minimalist Chic
CUST-1633,50,Female,84931.66,Milan,2023-09-13,Bath & Body,159.3,0.0,4,Sensitive Glow,Minimalist Chic
CUST-1944,30,Male,89771.72,London,2024-05-31,Makeup,89.33,0.05,1,Dry / Dehydrated,Old Money Luxe
CUST-1120,47,Female,37953.86,Dubai,2023-06-13,Skincare,127.88,0.0,4,Sensitive Glow,Old Money Luxe
CUST-1919,18,Female,92222.8,London,2024-05-28,Makeup,76.46,0.1,2,Dry / Dehydrated,French Riviera
CUST-1681,36,Female,83339.62,Milan,2023-09-06,Bath & Body,74.11,0.0,2,Mature Luminosity,Minimalist Chic
CUST-1986,28,Female,48620.35,Tokyo,2024-06-14,Haircare,118.01,0.1,2,Dry / Dehydrated,Quiet Luxury
CUST-1619,26,Female,69166.95,Milan,2024-01-16,Makeup,80.26,0.15,1,Oily Clarity,Old Money Luxe
CUST-1745,41,Male,91907.83,London,2023-04-15,Haircare,173.61,0.05,1,Sensitive Glow,French Riviera
CUST-1135,34,Male,71076.38,Paris,2023-03-24,Skincare,127.09,0.1,4,Combination Balance,Streetwear Glam
CUST-1382,33,Female,64399.99,Los Angeles,2024-01-24,Haircare,167.15,0.1,1,Oily Clarity,Streetwear Glam
CUST-1662,28,Female,64870.63,Tokyo,2023-07-21,Makeup,151.34,0.0,2,Combination Balance,Streetwear Glam
CUST-1644,28,Female,97696.23,Los Angeles,2023-01-22,Fragrance,49.29,0.05,3,Sensitive Glow,Old Money Luxe
CUST-1336,21,Male,77317.9,New York,2023-10-25,Haircare,80.47,0.05,4,Dry / Dehydrated,Streetwear Glam
CUST-1685,24,Female,20000.0,London,2023-02-04,Skincare,128.26,0.0,2,Sensitive Glow,Minimalist Chic
CUST-2050,48,Female,90798.16,Dubai,2023-01-02,Haircare,79.62,0.1,4,Combination Balance,Minimalist Chic
CUST-1369,18,Female,68194.45,Tokyo,2024-06-28,Skincare,108.79,0.15,4,Dry / Dehydrated,French Riviera
CUST-1702,38,Non-Binary,93515.98,Los Angeles,2023-02-06,Fragrance,146.69,0.0,2,Combination Balance,French Riviera
CUST-1005,41,Female,38140.43,Paris,2023-06-01,Haircare,245.68,0.0,1,Mature Luminosity,Minimalist Chic
CUST-1432,43,Female,105048.01,London,2023-04-06,Bath & Body,133.78,0.0,4,Mature Luminosity,French Riviera
CUST-2087,19,Female,64659.98,Tokyo,2023-09-02,Fragrance,138.84,0.0,2,Mature Luminosity,Quiet Luxury
CUST-1402,38,Female,83997.14,Tokyo,2023-03-13,Skincare,70.74,0.05,3,Oily Clarity,Quiet Luxury
CUST-2120,40,Male,98982.16,New York,2023-04-22,Fragrance,229.99,0.2,4,Oily Clarity,Old Money Luxe
CUST-1582,32,Male,61140.73,New York,2024-03-04,Skincare,160.02,0.1,3,Oily Clarity,Quiet Luxury
CUST-1128,34,Female,70686.89,Tokyo,2024-06-15,Haircare,72.92,0.1,2,Oily Clarity,Quiet Luxury
CUST-2171,37,Male,130614.31,London,2023-02-02,Bath & Body,187.06,0.05,4,Mature Luminosity,Minimalist Chic
CUST-1920,50,Female,53959.81,New York,2024-02-01,Bath & Body,127.3,0.0,2,Dry / Dehydrated,Minimalist Chic
CUST-2186,30,Female,32928.91,New York,2024-06-18,Haircare,146.04,0.05,2,Combination Balance,Old Money Luxe
CUST-2086,45,Female,71043.84,London,2023-05-30,Skincare,95.19,0.1,1,Sensitive Glow,Streetwear Glam
CUST-1489,32,Female,34896.53,Tokyo,2023-03-14,Skincare,101.32,0.0,4,Oily Clarity,Old Money Luxe
CUST-1155,48,Male,88858.13,Los Angeles,2023-03-20,Bath & Body,243.69,0.15,3,Mature Luminosity,Quiet Luxury
CUST-1853,49,Female,115173.18,Paris,2024-02-13,Fragrance,191.61,0.0,2,Combination Balance,Quiet Luxury
CUST-1104,37,Female,65076.45,Tokyo,2024-04-09,Fragrance,53.29,0.0,3,Sensitive Glow,Quiet Luxury
CUST-2131,48,Female,84456.47,New York,2023-03-02,Skincare,124.1,0.05,3,Sensitive Glow,Streetwear Glam
CUST-2148,29,Female,69390.09,Milan,2024-06-25,Bath & Body,81.2,0.15,3,Sensitive Glow,Quiet Luxury
CUST-1410,45,Female,119792.5,Paris,2023-11-01,Haircare,94.46,0.05,1,Dry / Dehydrated,French Riviera
CUST-1502,40,Female,107105.13,Tokyo,2023-11-30,Skincare,180.27,0.1,1,Dry / Dehydrated,Minimalist Chic
CUST-1528,58,Female,112983.43,London,2024-03-27,Bath & Body,121.78,0.05,1,Combination Balance,Streetwear Glam
CUST-1331,25,Female,68449.12,Tokyo,2023-09-04,Makeup,98.53,0.05,3,Sensitive Glow,French Riviera
CUST-1199,21,Female,86874.73,Los Angeles,2023-08-09,Bath & Body,129.09,0.05,1,Combination Balance,Quiet Luxury
CUST-2123,42,Female,78038.75,Milan,2023-11-07,Skincare,72.25,0.05,1,Dry / Dehydrated,Minimalist Chic
CUST-1248,18,Female,76871.61,Los Angeles,2023-07-15,Skincare,92.91,0.0,1,Sensitive Glow,Old Money Luxe
CUST-1553,27,Female,20244.62,London,2023-01-02,Skincare,220.13,0.0,4,Oily Clarity,French Riviera
CUST-1248,40,Non-Binary,86790.76,Dubai,2023-02-27,Fragrance,91.95,0.1,2,Oily Clarity,Quiet Luxury
CUST-1250,31,Female,42569.71,Tokyo,2023-11-23,Fragrance,128.01,0.05,2,Combination Balance,Old Money Luxe
CUST-1729,26,Male,75815.17,Los Angeles,2023-07-07,Skincare,115.08,0.0,3,Combination Balance,Minimalist Chic
CUST-1794,32,Female,29739.43,Los Angeles,2023-10-21,Makeup,196.63,0.1,1,Mature Luminosity,French Riviera
CUST-1037,18,Female,92826.83,Dubai,2024-03-14,Skincare,154.53,0.0,4,Dry / Dehydrated,Minimalist Chic
CUST-1298,29,Male,57363.35,New York,2024-02-19,Makeup,66.05,0.1,4,Mature Luminosity,Quiet Luxury
CUST-1397,45,Female,28770.23,Tokyo,2023-02-04,Bath & Body,104.22,0.0,2,Dry / Dehydrated,French Riviera
CUST-1797,49,Female,84464.88,Los Angeles,2023-06-27,Haircare,94.26,0.1,1,Dry / Dehydrated,Quiet Luxury
CUST-1824,30,Male,82090.74,London,2023-08-05,Makeup,68.04,0.05,1,Sensitive Glow,Quiet Luxury
CUST-1990,18,Female,98821.89,Los Angeles,2023-02-14,Fragrance,84.2,0.0,1,Dry / Dehydrated,Minimalist Chic
CUST-2012,21,Female,71407.62,Dubai,2024-05-02,Haircare,15.0,0.0,1,Oily Clarity,French Riviera
CUST-1755,28,Female,77543.64,London,2024-02-05,Skincare,87.9,0.0,1,Dry / Dehydrated,Streetwear Glam
CUST-1385,43,Female,64457.2,Paris,2023-09-15,Fragrance,42.61,0.0,2,Combination Balance,Old Money Luxe
CUST-1762,30,Female,42872.75,Milan,2023-09-07,Bath & Body,128.96,0.1,1,Oily Clarity,Old Money Luxe
CUST-1645,41,Male,100071.82,Los Angeles,2023-03-29,Haircare,92.28,0.0,2,Dry / Dehydrated,Minimalist Chic
CUST-1196,34,Female,86927.9,Dubai,2023-10-17,Fragrance,102.43,0.0,3,Mature Luminosity,Old Money Luxe
CUST-1278,36,Male,37154.22,Tokyo,2023-09-02,Haircare,86.35,0.0,4,Mature Luminosity,Quiet Luxury
CUST-1697,37,Non-Binary,57636.45,Paris,2023-07-31,Fragrance,48.09,0.1,1,Dry / Dehydrated,French Riviera
CUST-1503,36,Male,60770.76,New York,2023-02-13,Fragrance,97.59,0.05,2,Oily Clarity,French Riviera
CUST-1079,37,Female,119823.78,Los Angeles,2023-11-02,Skincare,87.0,0.1,2,Dry / Dehydrated,French Riviera
CUST-1280,24,Female,84227.36,Milan,2023-09-03,Bath & Body,98.97,0.05,4,Oily Clarity,Minimalist Chic
CUST-1574,43,Female,121367.02,New York,2023-10-19,Haircare,131.34,0.05,4,Dry / Dehydrated,Quiet Luxury
CUST-1745,18,Female,100246.34,Paris,2024-04-24,Haircare,185.52,0.1,4,Combination Balance,French Riviera
CUST-1833,40,Non-Binary,66555.09,Paris,2023-12-31,Skincare,127.05,0.0,2,Combination Balance,French Riviera
CUST-1378,27,Female,84802.95,Milan,2023-12-04,Skincare,164.05,0.0,1,Sensitive Glow,Quiet Luxury
CUST-1205,42,Female,37409.51,New York,2023-09-05,Skincare,145.99,0.05,2,Dry / Dehydrated,French Riviera
CUST-1683,33,Female,68407.37,New York,2023-09-16,Skincare,147.9,0.05,1,Sensitive Glow,Quiet Luxury
CUST-1434,34,Female,87897.66,Dubai,2023-01-16,Skincare,91.37,0.0,4,Sensitive Glow,Old Money Luxe
CUST-1566,22,Male,112838.98,New York,2023-12-26,Fragrance,76.75,0.2,2,Mature Luminosity,Old Money Luxe
CUST-2124,47,Male,61386.8,Dubai,2024-01-20,Fragrance,70.06,0.0,2,Combination Balance,Quiet Luxury
CUST-1609,19,Female,80044.54,Paris,2024-06-24,Haircare,145.59,0.1,3,Dry / Dehydrated,French Riviera
CUST-1860,21,Female,61568.07,Paris,2023-04-01,Bath & Body,114.47,0.05,1,Combination Balance,Old Money Luxe
CUST-1280,33,Non-Binary,51555.33,Paris,2023-11-08,Skincare,85.42,0.05,2,Mature Luminosity,Old Money Luxe
CUST-1218,45,Female,61819.35,Tokyo,2023-04-02,Skincare,130.39,0.0,3,Oily Clarity,French Riviera
CUST-1831,40,Male,94107.51,Dubai,2023-10-13,Skincare,88.61,0.1,1,Combination Balance,Minimalist Chic
CUST-2149,50,Female,67257.96,Los Angeles,2024-04-29,Makeup,158.8,0.0,3,Dry / Dehydrated,French Riviera
CUST-1344,18,Female,119858.23,London,2023-10-12,Fragrance,116.18,0.05,2,Dry / Dehydrated,Old Money Luxe
CUST-1963,35,Male,32279.27,London,2023-05-21,Makeup,71.35,0.0,4,Sensitive Glow,Quiet Luxury
CUST-1488,35,Non-Binary,65707.99,Tokyo,2023-08-09,Skincare,151.96,0.05,2,Mature Luminosity,French Riviera
CUST-2181,33,Female,47320.18,Los Angeles,2023-06-07,Makeup,157.9,0.1,4,Oily Clarity,Quiet Luxury
CUST-1487,41,Female,78036.43,Paris,2023-02-01,Haircare,144.37,0.1,4,Sensitive Glow,Quiet Luxury
CUST-1795,41,Male,79165.08,London,2023-10-26,Fragrance,100.4,0.0,3,Combination Balance,French Riviera
CUST-1278,29,Male,87616.34,Tokyo,2024-02-04,Fragrance,129.88,0.0,4,Oily Clarity,Quiet Luxury
CUST-1589,31,Female,78383.41,New York,2023-01-06,Makeup,70.0,0.0,2,Mature Luminosity,Old Money Luxe
CUST-1860,37,Female,125144.21,New York,2023-03-29,Fragrance,183.15,0.15,4,Oily Clarity,Old Money Luxe
CUST-1234,43,Male,82303.39,Tokyo,2024-02-25,Fragrance,78.26,0.15,1,Sensitive Glow,French Riviera
CUST-1262,25,Female,55648.97,Dubai,2023-02-11,Makeup,71.84,0.05,1,Mature Luminosity,Old Money Luxe
CUST-1509,53,Female,90442.23,London,2023-05-22,Skincare,126.05,0.15,3,Sensitive Glow,Minimalist Chic
CUST-1095,35,Female,60760.01,Milan,2023-01-14,Skincare,175.71,0.0,2,Oily Clarity,Minimalist Chic
CUST-1446,48,Female,48965.52,New York,2024-06-23,Skincare,65.76,0.1,3,Mature Luminosity,Old Money Luxe
CUST-1430,22,Male,20000.0,Milan,2024-01-31,Skincare,174.98,0.05,4,Dry / Dehydrated,Streetwear Glam
CUST-1219,28,Female,67750.39,New York,2023-09-12,Makeup,111.48,0.0,4,Oily Clarity,Minimalist Chic
CUST-1301,57,Female,74615.26,Milan,2023-08-27,Skincare,111.02,0.05,4,Combination Balance,French Riviera
CUST-1841,25,Female,102308.68,Tokyo,2023-10-22,Fragrance,127.53,0.0,2,Combination Balance,Streetwear Glam
CUST-1412,21,Female,28398.38,Los Angeles,2024-01-03,Makeup,185.63,0.1,3,Sensitive Glow,Streetwear Glam
CUST-1723,24,Female,116088.45,London,2023-03-26,Makeup,126.89,0.05,2,Oily Clarity,Streetwear Glam
CUST-1560,29,Female,76292.7,Tokyo,2023-10-20,Skincare,173.68,0.0,2,Combination Balance,Old Money Luxe
CUST-1887,47,Female,26563.8,Tokyo,2023-04-15,Makeup,84.65,0.1,4,Dry / Dehydrated,Old Money Luxe
CUST-1939,33,Female,133957.27,Dubai,2024-01-21,Bath & Body,119.56,0.0,3,Sensitive Glow,Streetwear Glam
CUST-1226,26,Female,69557.17,New York,2024-04-27,Makeup,114.77,0.0,2,Combination Balance,French Riviera
CUST-1362,25,Female,90363.83,Tokyo,2023-12-02,Skincare,112.57,0.0,3,Oily Clarity,Quiet Luxury
CUST-1133,34,Female,50260.49,Dubai,2023-07-15,Haircare,191.11,0.0,1,Combination Balance,French Riviera
CUST-1459,28,Male,89934.59,Tokyo,2023-02-24,Makeup,15.0,0.0,1,Combination Balance,Streetwear Glam
CUST-1799,21,Female,71596.9,New York,2023-06-23,Makeup,92.36,0.0,1,Oily Clarity,Minimalist Chic
CUST-1897,28,Female,80355.19,London,2023-01-27,Skincare,151.52,0.1,2,Sensitive Glow,Streetwear Glam
CUST-1787,18,Female,82863.79,London,2024-04-24,Fragrance,156.79,0.1,4,Mature Luminosity,Minimalist Chic
CUST-1224,34,Non-Binary,74877.98,New York,2023-05-24,Bath & Body,137.17,0.15,1,Mature Luminosity,French Riviera
CUST-1202,27,Female,54565.53,New York,2024-02-08,Fragrance,83.12,0.0,4,Combination Balance,Streetwear Glam
CUST-1041,31,Female,25718.66,Paris,2024-04-17,Fragrance,100.02,0.15,2,Dry / Dehydrated,Minimalist Chic
CUST-1579,34,Male,90027.07,New York,2023-05-15,Makeup,170.61,0.0,3,Mature Luminosity,Quiet Luxury
CUST-2176,25,Non-Binary,70222.82,Los Angeles,2023-09-27,Fragrance,75.2,0.0,1,Sensitive Glow,Streetwear Glam
CUST-2082,26,Female,64791.58,Paris,2023-12-07,Makeup,192.15,0.05,1,Dry / Dehydrated,French Riviera
CUST-2134,31,Male,111730.34,Tokyo,2024-05-05,Fragrance,158.88,0.0,2,Combination Balance,Old Money Luxe
CUST-1985,18,Female,81719.99,London,2023-05-24,Makeup,210.8,0.1,2,Dry / Dehydrated,French Riviera
CUST-1870,35,Male,79255.07,New York,2023-04-20,Bath & Body,94.33,0.0,1,Mature Luminosity,Minimalist Chic
CUST-1823,27,Female,104095.09,Milan,2023-11-12,Fragrance,183.97,0.0,2,Mature Luminosity,Quiet Luxury
CUST-1730,40,Female,64236.51,Paris,2023-09-06,Haircare,115.59,0.0,4,Oily Clarity,Quiet Luxury
CUST-1401,28,Female,101529.07,London,2023-04-19,Bath & Body,143.76,0.05,4,Dry / Dehydrated,French Riviera
CUST-1730,42,Female,49966.11,Tokyo,2023-11-20,Makeup,222.96,0.0,3,Mature Luminosity,French Riviera
CUST-2009,22,Male,36250.02,London,2024-06-29,Haircare,72.56,0.15,1,Mature Luminosity,Old Money Luxe
CUST-1156,18,Female,74863.58,Paris,2024-04-09,Fragrance,54.08,0.15,1,Sensitive Glow,Minimalist Chic
CUST-1841,31,Female,71087.38,Los Angeles,2023-09-14,Skincare,92.66,0.05,4,Sensitive Glow,Streetwear Glam
CUST-1844,32,Male,20000.0,Dubai,2023-04-16,Skincare,138.42,0.2,1,Dry / Dehydrated,Quiet Luxury
CUST-1903,28,Female,57203.2,Milan,2024-02-24,Makeup,220.44,0.0,1,Sensitive Glow,Minimalist Chic
CUST-1447,29,Female,99609.06,New York,2024-01-30,Skincare,53.53,0.0,1,Dry / Dehydrated,French Riviera
CUST-1023,36,Female,88757.59,Dubai,2023-01-14,Haircare,164.55,0.1,1,Dry / Dehydrated,French Riviera
CUST-1921,35,Non-Binary,52209.83,London,2023-02-22,Skincare,94.96,0.1,2,Combination Balance,Minimalist Chic
CUST-1243,30,Female,71748.6,Paris,2023-11-25,Bath & Body,167.37,0.05,1,Mature Luminosity,Quiet Luxury
CUST-1493,26,Male,165283.75,Paris,2023-08-31,Haircare,179.93,0.0,3,Combination Balance,Quiet Luxury
CUST-1342,29,Female,60598.74,Milan,2023-05-10,Skincare,166.79,0.0,1,Oily Clarity,Minimalist Chic
CUST-1843,44,Female,47719.91,New York,2023-07-27,Skincare,191.89,0.1,3,Dry / Dehydrated,Quiet Luxury
CUST-2193,25,Female,115916.09,London,2023-05-27,Fragrance,150.49,0.1,1,Combination Balance,Old Money Luxe
CUST-1874,24,Female,103291.96,Milan,2024-05-31,Bath & Body,45.48,0.1,2,Combination Balance,Streetwear Glam
CUST-2139,33,Female,110427.68,Milan,2024-01-16,Makeup,137.64,0.15,3,Dry / Dehydrated,Old Money Luxe
CUST-2170,56,Female,94329.29,Paris,2023-03-28,Bath & Body,220.0,0.0,3,Sensitive Glow,Minimalist Chic
CUST-1321,28,Female,72193.76,London,2023-10-20,Skincare,221.44,0.15,1,Sensitive Glow,Minimalist Chic
CUST-1428,19,Female,51129.58,London,2024-05-29,Makeup,103.65,0.0,3,Combination Balance,Streetwear Glam
CUST-1125,26,Female,93125.1,Milan,2024-02-06,Haircare,139.39,0.05,2,Sensitive Glow,Quiet Luxury
CUST-1275,18,Female,106421.45,Paris,2024-01-27,Skincare,50.48,0.0,1,Sensitive Glow,French Riviera
CUST-1613,18,Male,103008.08,Los Angeles,2023-05-09,Haircare,98.17,0.0,1,Sensitive Glow,Old Money Luxe
CUST-1325,31,Female,58223.14,Tokyo,2023-01-29,Haircare,113.33,0.05,4,Dry / Dehydrated,Minimalist Chic
CUST-1767,20,Female,83350.63,Paris,2023-11-10,Fragrance,131.01,0.0,3,Sensitive Glow,Streetwear Glam
CUST-1222,18,Female,118912.33,Paris,2023-08-13,Makeup,144.39,0.1,2,Sensitive Glow,Old Money Luxe
CUST-1314,34,Male,62405.49,Tokyo,2024-05-17,Skincare,15.0,0.05,3,Oily Clarity,Minimalist Chic
CUST-1340,43,Female,62747.25,New York,2023-03-13,Fragrance,157.31,0.0,2,Mature Luminosity,Quiet Luxury
CUST-2199,27,Female,75702.95,New York,2023-07-04,Haircare,152.43,0.15,1,Sensitive Glow,Quiet Luxury
CUST-2091,33,Female,57134.59,Milan,2023-11-16,Fragrance,125.76,0.0,2,Sensitive Glow,Streetwear Glam
CUST-1870,33,Female,20000.0,London,2023-06-18,Fragrance,141.36,0.1,3,Oily Clarity,French Riviera
CUST-1646,54,Female,108890.36,New York,2023-09-12,Fragrance,159.62,0.05,4,Sensitive Glow,Old Money Luxe
CUST-1401,31,Female,88948.13,Tokyo,2023-01-30,Bath & Body,22.38,0.0,2,Oily Clarity,Quiet Luxury
CUST-1952,34,Female,59399.54,Paris,2024-03-07,Fragrance,105.7,0.15,4,Dry / Dehydrated,Minimalist Chic
CUST-1110,33,Male,123404.93,London,2023-12-05,Fragrance,127.04,0.1,4,Dry / Dehydrated,Quiet Luxury
CUST-1981,33,Female,72283.95,Tokyo,2023-01-17,Fragrance,15.0,0.05,4,Sensitive Glow,Old Money Luxe
CUST-2060,35,Male,59644.88,London,2024-01-17,Fragrance,170.73,0.05,4,Sensitive Glow,Minimalist Chic
CUST-1492,25,Non-Binary,87568.78,Paris,2023-06-15,Fragrance,15.0,0.1,4,Mature Luminosity,Quiet Luxury
CUST-1151,33,Female,79482.96,London,2023-06-30,Fragrance,48.75,0.1,1,Mature Luminosity,Old Money Luxe
CUST-1694,18,Female,44329.28,Dubai,2023-05-03,Fragrance,122.28,0.0,1,Dry / Dehydrated,French Riviera
CUST-1534,29,Female,78217.26,New York,2024-05-02,Fragrance,111.73,0.0,4,Sensitive Glow,Minimalist Chic
CUST-1090,26,Female,100172.09,Tokyo,2023-12-05,Haircare,67.71,0.0,3,Sensitive Glow,Minimalist Chic
CUST-1451,27,Female,78754.77,Milan,2023-07-21,Skincare,76.68,0.0,3,Mature Luminosity,Minimalist Chic
CUST-1905,25,Female,47563.76,Paris,2023-12-20,Haircare,184.88,0.05,1,Mature Luminosity,Old Money Luxe
CUST-1659,20,Female,29047.31,Tokyo,2024-05-15,Makeup,97.06,0.05,2,Combination Balance,French Riviera
CUST-1061,28,Female,50031.85,Paris,2024-06-27,Skincare,79.08,0.0,1,Dry / Dehydrated,Old Money Luxe
CUST-1062,18,Male,96375.04,Paris,2023-02-10,Bath & Body,82.92,0.15,4,Sensitive Glow,Quiet Luxury
CUST-1166,28,Female,58959.88,Paris,2023-12-31,Makeup,218.56,0.2,1,Oily Clarity,Old Money Luxe
CUST-1899,40,Female,61553.64,Los Angeles,2024-02-03,Fragrance,126.38,0.2,2,Combination Balance,Old Money Luxe
CUST-1052,52,Female,65706.1,Milan,2023-01-27,Makeup,174.92,0.05,4,Combination Balance,French Riviera
CUST-1776,18,Female,117349.62,Milan,2023-01-27,Skincare,164.36,0.0,1,Mature Luminosity,French Riviera
CUST-1598,25,Female,46859.32,New York,2023-03-31,Makeup,92.96,0.0,2,Dry / Dehydrated,Quiet Luxury
CUST-1302,33,Female,111906.3,Dubai,2024-05-20,Fragrance,101.24,0.0,1,Mature Luminosity,Streetwear Glam
CUST-1588,47,Female,84305.84,Tokyo,2023-01-23,Fragrance,149.23,0.0,3,Dry / Dehydrated,Minimalist Chic
CUST-1359,28,Female,41714.59,Los Angeles,2024-06-25,Bath & Body,81.53,0.0,4,Mature Luminosity,Quiet Luxury
CUST-1086,25,Female,20527.18,New York,2023-03-18,Haircare,52.42,0.0,1,Oily Clarity,Old Money Luxe
CUST-2038,31,Female,109154.82,Tokyo,2023-10-08,Haircare,123.07,0.05,1,Dry / Dehydrated,Old Money Luxe
CUST-1100,18,Female,78814.14,Paris,2023-07-30,Bath & Body,156.05,0.15,3,Sensitive Glow,Streetwear Glam
CUST-1707,43,Female,101551.09,Milan,2023-07-16,Bath & Body,15.0,0.0,3,Dry / Dehydrated,French Riviera
CUST-2056,18,Non-Binary,97536.46,New York,2024-02-13,Fragrance,80.47,0.0,2,Sensitive Glow,Streetwear Glam
CUST-1773,35,Female,82428.75,Dubai,2023-05-31,Skincare,172.29,0.1,3,Sensitive Glow,Streetwear Glam
CUST-1305,36,Female,73122.9,Los Angeles,2023-06-20,Bath & Body,104.38,0.05,2,Mature Luminosity,Minimalist Chic
CUST-1658,24,Female,96688.01,New York,2023-01-05,Skincare,137.78,0.0,3,Combination Balance,French Riviera
CUST-1348,28,Female,51839.03,Los Angeles,2023-12-24,Fragrance,170.32,0.0,1,Oily Clarity,Old Money Luxe
CUST-2131,27,Female,56805.47,Milan,2023-06-15,Skincare,171.9,0.0,3,Oily Clarity,Old Money Luxe
CUST-1832,30,Female,69787.68,London,2023-04-04,Makeup,103.46,0.0,2,Oily Clarity,Quiet Luxury
CUST-2143,18,Female,78542.66,Tokyo,2023-07-01,Fragrance,106.0,0.0,3,Combination Balance,Old Money Luxe
CUST-2076,20,Non-Binary,97315.86,London,2023-09-07,Makeup,64.93,0.0,2,Dry / Dehydrated,Old Money Luxe
CUST-1548,43,Female,91104.63,Los Angeles,2023-05-10,Skincare,85.9,0.0,3,Dry / Dehydrated,Streetwear Glam
CUST-1517,33,Female,50108.94,Los Angeles,2023-06-14,Fragrance,129.73,0.0,3,Dry / Dehydrated,Quiet Luxury
CUST-2083,21,Male,126216.1,Milan,2023-09-04,Skincare,96.23,0.15,4,Combination Balance,French Riviera
CUST-1363,18,Female,70362.41,Dubai,2023-12-26,Haircare,174.83,0.2,2,Oily Clarity,Minimalist Chic
CUST-2056,18,Female,82626.03,London,2023-11-18,Haircare,148.21,0.1,3,Sensitive Glow,Quiet Luxury
CUST-1131,33,Female,65308.09,Tokyo,2023-05-16,Bath & Body,55.44,0.0,1,Sensitive Glow,Minimalist Chic
CUST-1134,21,Male,50573.05,London,2023-09-01,Haircare,92.39,0.1,2,Mature Luminosity,French Riviera
CUST-1349,44,Male,115856.86,Dubai,2024-06-03,Fragrance,105.04,0.0,2,Combination Balance,Streetwear Glam
CUST-1609,28,Female,58501.15,London,2024-02-22,Skincare,133.55,0.1,2,Sensitive Glow,Streetwear Glam
CUST-1267,32,Female,60952.41,New York,2023-02-11,Fragrance,191.85,0.0,4,Oily Clarity,Minimalist Chic
CUST-1213,45,Female,84418.01,New York,2024-03-31,Bath & Body,159.26,0.1,3,Dry / Dehydrated,Streetwear Glam
CUST-1083,40,Male,77030.82,Los Angeles,2023-07-02,Haircare,169.53,0.0,3,Combination Balance,Streetwear Glam
CUST-1320,27,Female,94817.57,New York,2023-02-07,Bath & Body,123.16,0.0,3,Combination Balance,Old Money Luxe
CUST-1382,30,Female,76483.95,Tokyo,2023-06-30,Makeup,106.89,0.2,1,Combination Balance,French Riviera
CUST-2113,18,Female,71596.67,Milan,2023-11-06,Makeup,145.88,0.05,3,Combination Balance,Minimalist Chic
CUST-1047,34,Male,119733.4,Milan,2023-02-02,Skincare,131.33,0.15,3,Oily Clarity,Streetwear Glam
CUST-1630,35,Female,43644.06,Tokyo,2023-08-16,Bath & Body,206.96,0.2,4,Combination Balance,Quiet Luxury
CUST-2179,21,Female,112302.98,Los Angeles,2023-09-23,Fragrance,160.77,0.15,3,Mature Luminosity,Old Money Luxe
CUST-1462,34,Female,72143.9,Milan,2023-02-11,Skincare,49.97,0.1,3,Combination Balance,Minimalist Chic
CUST-2138,46,Female,41341.48,Milan,2023-07-29,Fragrance,149.82,0.1,2,Mature Luminosity,Minimalist Chic
CUST-1564,26,Female,43175.17,New York,2023-12-25,Makeup,101.26,0.1,4,Oily Clarity,Quiet Luxury
CUST-1126,36,Male,50594.69,Milan,2023-04-07,Bath & Body,94.71,0.0,3,Dry / Dehydrated,French Riviera
CUST-1117,30,Female,83825.2,Los Angeles,2023-10-28,Bath & Body,96.11,0.05,2,Sensitive Glow,Minimalist Chic
CUST-1442,20,Female,45125.05,London,2023-02-21,Bath & Body,141.68,0.0,1,Sensitive Glow,Quiet Luxury
CUST-1527,41,Female,71807.32,Dubai,2023-10-19,Bath & Body,104.73,0.15,2,Dry / Dehydrated,Streetwear Glam
CUST-1454,18,Female,71131.75,Los Angeles,2023-12-16,Makeup,203.8,0.0,4,Dry / Dehydrated,Old Money Luxe
CUST-1193,32,Male,78592.03,Milan,2023-01-25,Fragrance,150.33,0.15,3,Oily Clarity,Quiet Luxury
CUST-1955,28,Male,115368.23,Milan,2024-01-22,Skincare,85.95,0.05,3,Mature Luminosity,Old Money Luxe
CUST-1406,36,Female,67935.43,London,2023-02-24,Fragrance,185.85,0.0,2,Dry / Dehydrated,Minimalist Chic
CUST-2008,29,Female,90293.74,London,2023-05-28,Makeup,82.79,0.0,2,Oily Clarity,French Riviera
CUST-1462,27,Female,75084.9,Paris,2023-06-07,Haircare,209.62,0.05,4,Dry / Dehydrated,Old Money Luxe
CUST-1171,24,Female,87141.68,Los Angeles,2024-04-11,Fragrance,95.15,0.15,3,Mature Luminosity,Streetwear Glam
CUST-1670,24,Male,76108.04,Tokyo,2023-07-29,Skincare,89.36,0.2,4,Oily Clarity,Quiet Luxury
CUST-1833,29,Female,98107.42,Los Angeles,2023-05-04,Fragrance,54.96,0.0,4,Mature Luminosity,Old Money Luxe
CUST-1021,27,Female,79905.43,London,2024-05-12,Makeup,141.63,0.0,4,Dry / Dehydrated,Old Money Luxe
CUST-1218,28,Female,52580.62,New York,2024-03-26,Haircare,83.57,0.05,3,Dry / Dehydrated,Quiet Luxury
CUST-1261,46,Female,57466.8,Los Angeles,2023-07-07,Fragrance,132.53,0.0,2,Mature Luminosity,Old Money Luxe
CUST-1500,23,Female,111287.54,Milan,2023-03-14,Haircare,79.15,0.0,2,Combination Balance,Streetwear Glam
CUST-2018,32,Female,92367.31,New York,2023-07-21,Bath & Body,161.64,0.0,4,Mature Luminosity,Old Money Luxe
CUST-1850,36,Female,21564.94,Paris,2023-05-30,Fragrance,104.18,0.05,4,Sensitive Glow,Streetwear Glam
CUST-1753,30,Female,62211.68,Dubai,2024-02-29,Bath & Body,148.3,0.15,1,Sensitive Glow,Old Money Luxe
CUST-1156,24,Female,85560.57,New York,2023-06-29,Fragrance,60.94,0.0,2,Dry / Dehydrated,Old Money Luxe
CUST-2077,31,Female,65539.94,Milan,2024-05-27,Fragrance,55.59,0.1,4,Combination Balance,Old Money Luxe
CUST-2104,28,Male,65177.33,New York,2024-05-02,Makeup,123.64,0.2,1,Sensitive Glow,Streetwear Glam
CUST-2085,41,Female,51599.19,Tokyo,2023-12-14,Bath & Body,64.65,0.0,3,Dry / Dehydrated,Quiet Luxury
CUST-1285,31,Female,74955.14,Los Angeles,2023-10-30,Haircare,63.22,0.1,3,Sensitive Glow,Minimalist Chic
CUST-1322,29,Female,80946.45,London,2023-05-02,Fragrance,144.2,0.1,3,Mature Luminosity,Quiet Luxury
CUST-1302,33,Female,98294.43,Paris,2024-04-15,Makeup,143.14,0.0,4,Oily Clarity,French Riviera
CUST-1686,29,Female,89406.98,New York,2023-02-28,Haircare,187.53,0.15,2,Dry / Dehydrated,Old Money Luxe
CUST-1522,43,Female,38627.0,Paris,2023-01-04,Bath & Body,178.32,0.1,3,Sensitive Glow,Quiet Luxury
CUST-2097,21,Male,61853.12,Tokyo,2023-01-11,Skincare,145.66,0.0,4,Combination Balance,Old Money Luxe
CUST-1691,30,Male,76838.34,London,2023-08-18,Haircare,170.72,0.0,4,Oily Clarity,Streetwear Glam
CUST-1891,40,Female,99782.08,Los Angeles,2023-06-06,Skincare,162.69,0.1,3,Mature Luminosity,Old Money Luxe
CUST-1238,35,Female,77508.07,Milan,2023-03-30,Makeup,45.64,0.0,4,Oily Clarity,Old Money Luxe
CUST-1086,27,Female,96537.38,London,2023-03-07,Skincare,117.18,0.0,4,Mature Luminosity,Minimalist Chic
CUST-1739,40,Female,52025.17,Tokyo,2024-01-18,Haircare,86.08,0.05,4,Mature Luminosity,Old Money Luxe
CUST-1055,30,Female,107931.83,Tokyo,2023-11-19,Makeup,36.31,0.0,3,Oily Clarity,Old Money Luxe
CUST-1656,42,Female,98207.92,Milan,2024-06-07,Makeup,128.77,0.0,2,Dry / Dehydrated,Minimalist Chic
CUST-1447,35,Female,83464.57,New York,2023-12-23,Bath & Body,66.15,0.05,4,Combination Balance,Old Money Luxe
CUST-1880,29,Male,89293.53,Dubai,2024-03-31,Fragrance,37.79,0.0,3,Sensitive Glow,Streetwear Glam
CUST-2171,30,Female,25379.19,Paris,2023-12-15,Haircare,120.01,0.1,1,Oily Clarity,Streetwear Glam
CUST-2149,40,Non-Binary,79433.41,Milan,2023-09-23,Makeup,77.88,0.1,3,Mature Luminosity,Minimalist Chic
CUST-2074,24,Female,81378.08,Los Angeles,2024-05-12,Bath & Body,133.22,0.0,1,Combination Balance,Old Money Luxe
CUST-1237,55,Female,74015.34,London,2023-10-21,Bath & Body,183.15,0.05,1,Mature Luminosity,Old Money Luxe
CUST-2080,18,Female,67943.52,Tokyo,2023-03-23,Makeup,123.61,0.05,1,Combination Balance,French Riviera
CUST-1486,41,Female,108588.08,Tokyo,2023-11-25,Fragrance,192.04,0.1,1,Mature Luminosity,Minimalist Chic
CUST-1834,27,Female,99393.47,Paris,2023-01-27,Makeup,151.2,0.15,1,Sensitive Glow,French Riviera
CUST-1254,27,Female,100159.46,Paris,2024-02-06,Skincare,154.54,0.0,4,Combination Balance,Streetwear Glam
CUST-1036,45,Female,58248.51,Dubai,2023-07-30,Skincare,210.93,0.05,4,Mature Luminosity,French Riviera
CUST-2156,24,Female,73157.24,Dubai,2024-05-04,Skincare,134.57,0.0,1,Combination Balance,French Riviera
CUST-2175,23,Female,65573.48,London,2023-08-14,Skincare,51.65,0.0,1,Oily Clarity,French Riviera
CUST-2193,32,Male,57552.17,Los Angeles,2024-03-05,Makeup,183.61,0.0,2,Oily Clarity,Quiet Luxury
CUST-2173,31,Female,58942.72,Dubai,2023-09-28,Haircare,159.27,0.2,1,Mature Luminosity,Quiet Luxury
CUST-1769,38,Female,60485.2,Los Angeles,2023-06-04,Bath & Body,153.99,0.0,4,Mature Luminosity,Quiet Luxury
CUST-1934,18,Male,77183.66,Paris,2023-03-07,Fragrance,171.63,0.0,4,Combination Balance,Minimalist Chic
CUST-2096,39,Male,48127.36,Los Angeles,2023-08-23,Bath & Body,21.11,0.0,4,Mature Luminosity,Streetwear Glam
CUST-2164,29,Female,44325.93,London,2023-08-16,Makeup,143.74,0.0,3,Combination Balance,Quiet Luxury
CUST-1210,26,Female,80068.7,New York,2023-04-28,Skincare,139.63,0.05,1,Mature Luminosity,French Riviera
CUST-2166,29,Female,57572.29,Dubai,2023-07-30,Makeup,99.05,0.1,3,Sensitive Glow,Minimalist Chic
CUST-1221,58,Non-Binary,122141.72,London,2024-05-22,Makeup,28.15,0.0,3,Combination Balance,Minimalist Chic
CUST-1880,33,Female,119348.54,Tokyo,2023-01-02,Fragrance,131.8,0.0,3,Mature Luminosity,Old Money Luxe
CUST-1835,30,Female,56301.25,Dubai,2023-12-13,Skincare,133.25,0.0,1,Mature Luminosity,Streetwear Glam
CUST-1317,18,Female,72873.92,Tokyo,2024-06-08,Skincare,91.95,0.0,4,Oily Clarity,Streetwear Glam
CUST-1062,37,Female,32806.03,Milan,2023-01-26,Haircare,116.17,0.05,2,Sensitive Glow,Minimalist Chic
CUST-1633,36,Female,94300.22,Dubai,2024-02-11,Makeup,120.65,0.0,1,Mature Luminosity,Quiet Luxury
CUST-1451,18,Non-Binary,93112.72,New York,2024-03-19,Fragrance,69.55,0.0,3,Combination Balance,Minimalist Chic
CUST-2065,31,Male,95646.39,London,2023-09-25,Fragrance,81.76,0.0,4,Dry / Dehydrated,French Riviera
CUST-1006,46,Female,77147.4,New York,2023-07-13,Haircare,101.06,0.0,1,Dry / Dehydrated,Minimalist Chic
CUST-2159,30,Female,81294.63,Dubai,2024-03-07,Haircare,141.11,0.1,4,Combination Balance,Old Money Luxe
CUST-2124,31,Female,85021.65,Los Angeles,2023-08-25,Makeup,102.83,0.1,3,Oily Clarity,Quiet Luxury
CUST-1734,36,Male,38717.77,Dubai,2023-08-16,Makeup,130.4,0.0,1,Oily Clarity,French Riviera
CUST-1191,29,Female,44378.82,Los Angeles,2023-04-14,Fragrance,63.51,0.1,1,Oily Clarity,Quiet Luxury
CUST-1774,41,Male,43500.29,New York,2024-05-16,Haircare,107.52,0.1,4,Dry / Dehydrated,Minimalist Chic
CUST-1030,23,Female,125571.65,Dubai,2024-06-22,Haircare,133.43,0.0,4,Oily Clarity,Old Money Luxe
CUST-1298,32,Female,74160.23,Los Angeles,2024-06-08,Makeup,134.81,0.0,3,Mature Luminosity,French Riviera
CUST-2170,43,Female,48156.97,New York,2024-04-06,Skincare,88.73,0.0,3,Combination Balance,Minimalist Chic
CUST-1546,23,Female,87715.91,Tokyo,2024-03-13,Fragrance,183.98,0.0,4,Sensitive Glow,Minimalist Chic
CUST-1636,28,Female,119945.97,Los Angeles,2024-05-20,Fragrance,148.82,0.0,3,Combination Balance,Old Money Luxe
CUST-1060,27,Female,70471.58,Los Angeles,2024-03-25,Makeup,131.31,0.05,4,Oily Clarity,Minimalist Chic
CUST-1002,29,Female,67093.09,Paris,2023-02-22,Fragrance,105.48,0.05,1,Oily Clarity,Quiet Luxury
CUST-1800,23,Female,90443.21,Tokyo,2023-05-17,Skincare,151.31,0.2,4,Dry / Dehydrated,Old Money Luxe
CUST-1792,52,Female,52406.28,Dubai,2023-06-30,Makeup,133.75,0.0,1,Dry / Dehydrated,Old Money Luxe
CUST-1395,36,Female,62345.06,Los Angeles,2023-02-12,Fragrance,160.13,0.05,3,Combination Balance,Old Money Luxe
CUST-1098,26,Female,84852.87,Paris,2023-11-19,Haircare,106.45,0.1,2,Mature Luminosity,Old Money Luxe
CUST-1571,27,Female,128331.62,Paris,2024-01-03,Bath & Body,51.57,0.1,1,Mature Luminosity,Old Money Luxe
CUST-1658,42,Female,73771.26,Paris,2023-06-30,Haircare,184.2,0.0,4,Oily Clarity,Minimalist Chic
CUST-2068,25,Male,90021.36,London,2023-06-24,Fragrance,184.55,0.0,2,Oily Clarity,Streetwear Glam
CUST-1294,38,Female,79868.31,Paris,2024-04-14,Bath & Body,66.03,0.0,1,Sensitive Glow,French Riviera
CUST-1553,25,Female,96228.86,Paris,2024-03-17,Haircare,107.98,0.0,3,Oily Clarity,Streetwear Glam
CUST-1576,35,Male,108500.0,Tokyo,2023-02-28,Makeup,101.34,0.05,2,Dry / Dehydrated,Streetwear Glam
CUST-1286,47,Male,67882.43,Milan,2023-03-26,Haircare,128.39,0.05,1,Oily Clarity,Minimalist Chic
CUST-1280,50,Male,107321.83,New York,2023-11-13,Skincare,183.25,0.0,1,Mature Luminosity,Old Money Luxe
CUST-2007,18,Female,91189.58,Milan,2023-10-30,Haircare,92.39,0.0,1,Oily Clarity,Old Money Luxe
CUST-1329,33,Female,76045.01,Dubai,2024-05-08,Fragrance,115.84,0.0,3,Dry / Dehydrated,French Riviera
CUST-1046,36,Male,63836.76,Tokyo,2023-10-30,Fragrance,121.95,0.05,3,Mature Luminosity,French Riviera
CUST-1137,37,Female,44983.55,London,2023-06-26,Makeup,116.91,0.0,4,Sensitive Glow,Streetwear Glam
CUST-1475,24,Female,78801.05,Paris,2023-08-14,Makeup,154.73,0.0,1,Combination Balance,French Riviera
CUST-1350,24,Female,61336.97,London,2023-01-28,Bath & Body,120.97,0.2,2,Oily Clarity,Old Money Luxe
CUST-1956,18,Female,30422.61,Dubai,2024-02-08,Skincare,188.57,0.0,4,Oily Clarity,Old Money Luxe
CUST-1419,44,Male,44267.05,Los Angeles,2023-02-16,Makeup,109.57,0.0,3,Dry / Dehydrated,Old Money Luxe
CUST-1334,18,Female,116086.1,Paris,2023-08-27,Haircare,104.06,0.15,4,Dry / Dehydrated,Minimalist Chic
CUST-1864,28,Female,80375.9,London,2023-01-07,Fragrance,48.8,0.0,1,Combination Balance,Minimalist Chic
CUST-1957,30,Female,86531.5,Tokyo,2023-08-14,Fragrance,153.8,0.0,4,Mature Luminosity,French Riviera
CUST-1770,42,Female,98688.93,Paris,2023-07-13,Makeup,199.0,0.2,4,Sensitive Glow,Streetwear Glam
CUST-1152,32,Female,72942.56,Milan,2024-02-20,Fragrance,170.1,0.0,1,Combination Balance,French Riviera
CUST-1541,38,Female,77563.88,Dubai,2023-09-24,Skincare,173.88,0.2,2,Sensitive Glow,Quiet Luxury
CUST-1661,29,Female,76219.98,Paris,2023-07-08,Makeup,20.56,0.05,1,Oily Clarity,French Riviera
CUST-2045,39,Female,66916.85,Paris,2024-04-14,Skincare,62.72,0.2,2,Oily Clarity,French Riviera
CUST-1583,30,Female,60944.6,Paris,2024-03-08,Makeup,196.18,0.05,3,Oily Clarity,Minimalist Chic
CUST-1512,36,Male,60226.89,Los Angeles,2023-07-27,Skincare,106.52,0.0,1,Oily Clarity,Streetwear Glam
CUST-2094,18,Non-Binary,128209.16,Paris,2023-01-19,Makeup,170.1,0.0,4,Oily Clarity,Streetwear Glam
CUST-2051,29,Female,72640.48,London,2023-09-30,Makeup,81.9,0.05,3,Dry / Dehydrated,Old Money Luxe
CUST-1330,36,Female,66577.16,Milan,2024-01-16,Skincare,151.57,0.1,1,Oily Clarity,Quiet Luxury
CUST-2098,39,Female,42875.78,Los Angeles,2023-08-10,Makeup,90.68,0.05,4,Dry / Dehydrated,Minimalist Chic
CUST-1534,21,Female,123607.55,Dubai,2023-03-29,Haircare,138.12,0.0,1,Sensitive Glow,Quiet Luxury
CUST-2118,30,Male,91842.95,New York,2023-01-06,Haircare,40.12,0.0,1,Mature Luminosity,Streetwear Glam
CUST-1478,36,Female,34528.89,Los Angeles,2023-08-13,Haircare,100.76,0.05,3,Sensitive Glow,Quiet Luxury
CUST-1497,18,Female,20000.0,Paris,2024-05-21,Fragrance,76.26,0.1,1,Sensitive Glow,Quiet Luxury
CUST-1652,18,Male,51392.7,Tokyo,2023-10-01,Skincare,19.64,0.1,3,Combination Balance,Minimalist Chic
CUST-2172,25,Female,70415.59,Los Angeles,2024-03-30,Haircare,137.79,0.05,4,Dry / Dehydrated,Streetwear Glam
CUST-2115,35,Female,39049.92,Milan,2024-06-03,Haircare,96.16,0.15,3,Oily Clarity,Old Money Luxe
CUST-1928,35,Female,77256.35,Tokyo,2023-07-26,Skincare,188.97,0.0,1,Oily Clarity,Streetwear Glam
CUST-1483,33,Female,67256.76,Tokyo,2024-01-08,Fragrance,127.05,0.05,1,Sensitive Glow,Old Money Luxe
CUST-1747,25,Female,76270.98,Los Angeles,2023-04-06,Skincare,152.1,0.05,1,Oily Clarity,Quiet Luxury
CUST-1294,30,Male,72611.57,Paris,2023-07-27,Makeup,114.59,0.05,4,Sensitive Glow,Minimalist Chic
CUST-1715,25,Non-Binary,100153.23,New York,2023-11-21,Makeup,140.59,0.0,2,Dry / Dehydrated,Streetwear Glam
CUST-1749,49,Female,62099.48,Paris,2024-01-10,Bath & Body,101.95,0.15,4,Mature Luminosity,Streetwear Glam
CUST-1214,18,Female,80385.65,Milan,2023-11-05,Bath & Body,166.81,0.05,1,Oily Clarity,Quiet Luxury
CUST-1307,28,Female,47651.84,Milan,2024-01-17,Skincare,128.46,0.0,2,Mature Luminosity,Minimalist Chic
CUST-1148,28,Female,87855.16,Dubai,2023-06-25,Makeup,23.63,0.0,2,Combination Balance,Quiet Luxury
CUST-1814,35,Female,85611.7,Tokyo,2023-04-21,Fragrance,149.23,0.05,1,Dry / Dehydrated,Quiet Luxury
CUST-2094,35,Female,101930.58,Los Angeles,2024-03-30,Bath & Body,152.09,0.0,1,Sensitive Glow,Streetwear Glam
CUST-2109,18,Female,67712.91,New York,2024-04-23,Fragrance,109.39,0.05,2,Dry / Dehydrated,Minimalist Chic
CUST-1259,30,Female,91006.78,Paris,2023-12-21,Bath & Body,158.11,0.1,4,Dry / Dehydrated,Quiet Luxury
CUST-1470,29,Female,46675.55,Milan,2023-07-01,Fragrance,142.98,0.0,4,Oily Clarity,Quiet Luxury
CUST-1513,49,Female,100473.3,Dubai,2023-06-17,Bath & Body,68.84,0.05,3,Sensitive Glow,French Riviera
CUST-1691,25,Female,67722.34,Los Angeles,2024-04-19,Fragrance,130.93,0.05,2,Mature Luminosity,Quiet Luxury
CUST-1135,40,Male,59760.64,Milan,2023-04-06,Skincare,125.77,0.15,3,Combination Balance,French Riviera
CUST-1925,34,Female,63522.1,Milan,2023-09-17,Fragrance,172.39,0.15,1,Mature Luminosity,Streetwear Glam
CUST-1073,42,Female,91300.04,Milan,2023-12-24,Haircare,184.77,0.1,3,Dry / Dehydrated,French Riviera
CUST-1366,34,Female,50450.99,London,2023-03-17,Fragrance,149.82,0.0,2,Oily Clarity,Streetwear Glam
CUST-1799,18,Male,87175.22,Tokyo,2024-03-21,Makeup,124.63,0.0,3,Mature Luminosity,Minimalist Chic
CUST-1053,20,Female,94872.85,Dubai,2023-03-29,Haircare,106.96,0.15,3,Combination Balance,Streetwear Glam
CUST-1159,34,Female,48548.46,Dubai,2023-12-08,Skincare,92.8,0.05,4,Oily Clarity,Streetwear Glam
CUST-2089,27,Male,49201.94,Tokyo,2024-01-03,Haircare,213.13,0.15,3,Mature Luminosity,Minimalist Chic
CUST-2176,38,Female,99676.72,Tokyo,2023-07-03,Fragrance,110.5,0.0,4,Oily Clarity,Minimalist Chic
CUST-1265,31,Non-Binary,58101.43,New York,2023-12-11,Fragrance,69.68,0.0,4,Mature Luminosity,Minimalist Chic
CUST-2011,18,Non-Binary,87430.65,Milan,2023-01-23,Skincare,19.82,0.1,4,Mature Luminosity,French Riviera
