Customer_ID,Age,Gender,City,Annual_Income,Purchase_Frequency,Total_Spending,Average_Order_Value,Max_Single_Spend,Total_Items_Count,Discount_Usage_Rate,Preferred_Category,Days_Since_Last_Purchase,Customer_Lifetime_Days,Monthly_Purchase_Rate,Cluster_KMeans,Cluster_Agglomerative,Cluster_DBSCAN,PCA1,PCA2,PCA3_1,PCA3_2,PCA3_3,Customer_Persona,RFM_Segment,RFM_Score,Predicted_CLV_3Yr,CLV_Tier
CUST-1000,36,Female,Los Angeles,77119.93,29,4470.0,154.14,427.0,73,0.05,Haircare,2,1092,0.8,2,0,0,1.3942407752509542,-0.18903512461492286,1.3942407752509542,-0.18903512461492286,-1.4127083351203449,VIP Cosmetics Enthusiasts ✨,Loyal Customers,355,4470.0,Gold Tier 🥇
CUST-1001,19,Male,Houston,28851.04,15,2326.0,155.07,332.0,42,0.07,Fragrance,1,1091,0.41,0,0,-1,-1.9826292129764942,0.08368439117291576,-1.9826292129764942,0.08368439117291576,0.6909200260272005,Occasional / New Shoppers 🌱,New / Promising,511,2326.0,Bronze Tier 🥉
CUST-1002,19,Female,Chicago,70722.18,15,2221.0,148.07,356.0,35,0.04,Skincare,1,1091,0.41,0,0,-1,-2.188606616365562,-0.8024596618133609,-2.188606616365562,-0.8024596618133609,-1.2340958633223298,Occasional / New Shoppers 🌱,New / Promising,511,2221.0,Bronze Tier 🥉
CUST-1003,48,Non-Binary,New York,80132.69,20,2944.0,147.2,427.0,53,0.0575,Bath & Body,1,1092,0.55,0,0,0,-1.0206252077355593,0.4117161233394389,-1.0206252077355593,0.4117161233394389,-0.5095736567634526,Occasional / New Shoppers 🌱,New / Promising,522,2944.0,Bronze Tier 🥉
CUST-1004,34,Female,Seattle,88411.17,18,3008.0,167.11,427.0,51,0.075,Makeup,1,1087,0.5,1,3,0,-0.9021220686954715,-0.8118396487391545,-0.9021220686954715,-0.8118396487391545,0.8500605512726014,Occasional / New Shoppers 🌱,New / Promising,512,3008.0,Bronze Tier 🥉
CUST-1005,22,Non-Binary,Chicago,59142.52,15,2753.0,183.53,412.0,36,0.0767,Skincare,356,736,0.61,3,2,-1,-1.6745881918291956,-1.9735337665226975,-1.6745881918291956,-1.9735337665226975,1.4292964893010116,Frequent Budget Buyers 🛍️,Lost Customers,211,2753.0,Bronze Tier 🥉
CUST-1006,61,Male,Los Angeles,62779.02,22,3560.0,161.82,427.0,54,0.0318,Skincare,2,1091,0.6,0,0,0,0.0016704003266442516,1.3069664702918193,0.0016704003266442516,1.3069664702918193,-1.3429200073282475,Occasional / New Shoppers 🌱,Potential Loyalists,323,3560.0,Bronze Tier 🥉
CUST-1007,34,Female,Chicago,69728.57,23,4080.0,177.39,427.0,59,0.0826,Makeup,1,1091,0.63,1,3,0,0.7331512816909107,-0.5133518519389316,0.7331512816909107,-0.5133518519389316,1.2616375512269704,Occasional / New Shoppers 🌱,Loyal Customers,534,4080.0,Silver Tier 🥈
CUST-1008,27,Male,New York,70058.31,23,3719.0,161.7,427.0,68,0.0609,Haircare,363,731,0.94,3,2,1,-0.31663264163280297,-1.6652959672003955,-0.31663264163280297,-1.6652959672003955,-0.49929283874488883,Frequent Budget Buyers 🛍️,At Risk,133,3719.0,Silver Tier 🥈
CUST-1009,48,Female,Seattle,72224.55,24,4015.0,167.29,427.0,52,0.05,Bath & Body,2,1092,0.66,2,1,0,0.665586857704669,0.32022192375193775,0.665586857704669,0.32022192375193775,-0.5943450530085563,VIP Cosmetics Enthusiasts ✨,Loyal Customers,334,4015.0,Silver Tier 🥈
CUST-1010,42,Female,Dallas,100786.21,23,3819.0,166.04,427.0,64,0.05,Haircare,1,1091,0.63,0,0,0,0.346036892821283,-0.6607237217389583,0.346036892821283,-0.6607237217389583,-0.7729765582709482,Occasional / New Shoppers 🌱,Loyal Customers,533,3819.0,Silver Tier 🥈
CUST-1011,48,Female,New York,61263.92,26,4257.0,163.73,427.0,62,0.0692,Fragrance,1,1093,0.71,2,1,0,1.031203199162918,0.6214907363144965,1.031203199162918,0.6214907363144965,0.20338782675951095,VIP Cosmetics Enthusiasts ✨,Champions,544,4257.0,Silver Tier 🥈
CUST-1012,56,Female,San Francisco,80038.6,26,3618.0,139.15,307.0,53,0.0673,Haircare,1,1093,0.71,0,1,0,0.10257692890702916,0.9375173693836648,0.10257692890702916,0.9375173693836648,-0.5622285980703583,Occasional / New Shoppers 🌱,Loyal Customers,543,3618.0,Silver Tier 🥈
CUST-1013,33,Non-Binary,Houston,60347.17,21,3285.0,156.43,427.0,56,0.0595,Makeup,1,1090,0.58,0,0,0,-0.4727037730952277,0.013081485818849738,-0.4727037730952277,0.013081485818849738,-0.26187817478093395,Occasional / New Shoppers 🌱,New / Promising,522,3285.0,Bronze Tier 🥉
CUST-1014,45,Female,New York,44609.57,16,1523.0,95.19,157.0,43,0.0625,Fragrance,1,1092,0.44,0,0,-1,-3.509822107380801,1.8716613583890076,-3.509822107380801,1.8716613583890076,-1.165028096482022,Occasional / New Shoppers 🌱,New / Promising,511,1523.0,Bronze Tier 🥉
CUST-1015,30,Female,Los Angeles,59719.09,32,5509.0,172.16,427.0,82,0.0594,Makeup,1,1093,0.88,2,1,0,2.885675757003118,-0.3495891920918341,2.885675757003118,-0.3495891920918341,-0.6353227698991398,VIP Cosmetics Enthusiasts ✨,Champions,555,5509.0,Platinum Tier 💎
CUST-1016,62,Male,Seattle,106994.03,32,5684.0,177.62,427.0,77,0.0734,Bath & Body,1,1093,0.88,2,1,-1,3.1015778827715548,-0.02436202376756849,3.1015778827715548,-0.02436202376756849,0.23193312788397583,VIP Cosmetics Enthusiasts ✨,Champions,555,5684.0,Platinum Tier 💎
CUST-1017,45,Male,Miami,65663.09,25,3808.0,152.32,427.0,59,0.064,Fragrance,1,1091,0.69,0,0,0,0.35894553199701124,0.5438204871654848,0.35894553199701124,0.5438204871654848,-0.33702484069241107,Occasional / New Shoppers 🌱,Loyal Customers,543,3808.0,Silver Tier 🥈
CUST-1018,58,Female,Seattle,34482.16,33,5875.0,178.03,427.0,89,0.0606,Makeup,1,1093,0.91,2,1,-1,3.434409783328118,1.5723687873626417,3.434409783328118,1.5723687873626417,-0.09654731679557446,VIP Cosmetics Enthusiasts ✨,Champions,555,5875.0,Platinum Tier 💎
CUST-1019,58,Female,Houston,129283.89,11,1902.0,172.91,427.0,35,0.0591,Bath & Body,2,729,0.45,0,0,-1,-2.519114712510619,-0.6893039802041061,-2.519114712510619,-0.6893039802041061,0.6674739324864546,Occasional / New Shoppers 🌱,New / Promising,311,1902.0,Bronze Tier 🥉
CUST-1020,51,Female,Dallas,45262.88,30,4672.0,155.73,427.0,69,0.065,Makeup,1,1092,0.82,2,1,0,1.724504640546559,1.30083553232048,1.724504640546559,1.30083553232048,-0.37072306678483435,VIP Cosmetics Enthusiasts ✨,Champions,555,4672.0,Gold Tier 🥇
CUST-1021,43,Female,Los Angeles,68675.57,22,3506.0,159.36,427.0,45,0.0705,Fragrance,2,1089,0.61,1,0,0,-0.13385190255333249,0.2457126556902712,-0.13385190255333249,0.2457126556902712,0.3413147856827418,Occasional / New Shoppers 🌱,Potential Loyalists,323,3506.0,Bronze Tier 🥉
CUST-1022,35,Female,Miami,62515.21,25,3466.0,138.64,335.0,64,0.066,Haircare,1,1091,0.69,0,0,0,-0.15317364013572426,0.3283387723671096,-0.15317364013572426,0.3283387723671096,-0.6637189708873298,Occasional / New Shoppers 🌱,Loyal Customers,543,3466.0,Bronze Tier 🥉
CUST-1023,43,Female,Dallas,84837.33,17,2348.0,138.12,427.0,51,0.0529,Haircare,357,737,0.69,3,2,2,-2.5152208768138116,-0.8671914286217682,-2.5152208768138116,-0.8671914286217682,-1.0393002758764458,Frequent Budget Buyers 🛍️,Lost Customers,111,2348.0,Bronze Tier 🥉
CUST-1024,52,Female,San Francisco,90988.57,28,3897.0,139.18,365.0,65,0.0714,Skincare,2,1092,0.77,2,1,0,0.5517731369176132,0.4659717060998656,0.5517731369176132,0.4659717060998656,-0.5901641073909353,VIP Cosmetics Enthusiasts ✨,Loyal Customers,354,3897.0,Silver Tier 🥈
CUST-1025,31,Female,Chicago,98199.87,23,4041.0,175.7,427.0,61,0.0717,Haircare,2,1092,0.63,1,0,0,0.6601228157591185,-1.3251277915472537,0.6601228157591185,-1.3251277915472537,0.48217747595336313,Occasional / New Shoppers 🌱,Loyal Customers,334,4041.0,Silver Tier 🥈
CUST-1026,26,Female,Los Angeles,78633.27,28,4108.0,146.71,427.0,85,0.0946,Haircare,1,1092,0.77,1,3,-1,0.8154150323424918,-0.6731082578560088,0.8154150323424918,-0.6731082578560088,0.6052580974015755,Occasional / New Shoppers 🌱,Champions,554,4108.0,Silver Tier 🥈
CUST-1027,41,Female,Los Angeles,56158.45,25,3221.0,128.84,298.0,62,0.066,Fragrance,2,1092,0.69,0,0,0,-0.5066112363160264,0.930146160038728,-0.5066112363160264,0.930146160038728,-0.8281613326699723,Occasional / New Shoppers 🌱,Lost Customers,342,3221.0,Bronze Tier 🥉
CUST-1028,48,Female,Miami,59496.58,30,4485.0,149.5,427.0,73,0.08,Fragrance,2,1091,0.82,2,1,0,1.4452923674244853,0.8740357783139132,1.4452923674244853,0.8740357783139132,0.11377040796742639,VIP Cosmetics Enthusiasts ✨,Loyal Customers,355,4485.0,Gold Tier 🥇
CUST-1029,41,Female,San Francisco,82147.91,17,2999.0,176.41,427.0,46,0.0794,Haircare,1,1091,0.47,1,3,0,-0.8641085230010395,-0.45155316951239416,-0.8641085230010395,-0.45155316951239416,1.4798177742257768,Occasional / New Shoppers 🌱,New / Promising,512,2999.0,Bronze Tier 🥉
CUST-1030,58,Non-Binary,Seattle,68212.67,26,3994.0,153.62,341.0,60,0.0904,Bath & Body,1,1093,0.71,1,3,0,0.6371533826740609,1.0732256242239735,0.6371533826740609,1.0732256242239735,1.0576855756536665,Occasional / New Shoppers 🌱,Champions,544,3994.0,Silver Tier 🥈
CUST-1031,44,Female,Miami,50741.94,25,4082.0,163.28,427.0,71,0.072,Fragrance,356,736,1.02,3,2,1,0.26726464269060535,-0.3594763161854993,0.26726464269060535,-0.3594763161854993,0.22888568965480238,Frequent Budget Buyers 🛍️,Need Attention,244,4082.0,Silver Tier 🥈
CUST-1032,50,Female,San Francisco,76200.39,21,2938.0,139.9,427.0,54,0.1071,Fragrance,356,375,1.68,3,2,-1,-1.563387966515269,-0.39415253956442237,-1.563387966515269,-0.39415253956442237,1.5695298604039911,Frequent Budget Buyers 🛍️,Need Attention,222,5147.2,Gold Tier 🥇
CUST-1033,58,Female,Miami,52659.97,23,3165.0,137.61,338.0,56,0.063,Fragrance,356,734,0.94,3,2,1,-1.1217671828994507,0.6883485392962941,-1.1217671828994507,0.6883485392962941,-0.63642687302916,Frequent Budget Buyers 🛍️,Need Attention,232,3165.0,Bronze Tier 🥉
CUST-1034,37,Female,Dallas,86196.22,20,2161.0,108.05,265.0,55,0.08,Haircare,1,1093,0.55,0,0,0,-2.3432560167060665,0.2617621903622652,-2.3432560167060665,0.2617621903622652,-0.5294413722932672,Occasional / New Shoppers 🌱,New / Promising,521,2161.0,Bronze Tier 🥉
CUST-1035,18,Male,New York,55672.55,22,3362.0,152.82,326.0,52,0.0705,Bath & Body,1,1093,0.6,0,3,0,-0.37090158344635177,-0.5795130329612164,-0.37090158344635177,-0.5795130329612164,0.019459166819724382,Occasional / New Shoppers 🌱,New / Promising,522,3362.0,Bronze Tier 🥉
CUST-1036,20,Female,Seattle,65182.88,17,2924.0,172.0,427.0,47,0.0735,Makeup,1,1090,0.47,1,0,0,-1.0011106080058287,-1.0081111509097715,-1.0011106080058287,-1.0081111509097715,0.9745612457195951,Occasional / New Shoppers 🌱,New / Promising,512,2924.0,Bronze Tier 🥉
CUST-1037,35,Female,Dallas,33473.28,18,3017.0,167.61,427.0,40,0.0639,Bath & Body,1,1091,0.49,0,0,0,-0.8410978758256223,0.5983943402729863,-0.8410978758256223,0.5983943402729863,0.6240696760749719,Occasional / New Shoppers 🌱,New / Promising,512,3017.0,Bronze Tier 🥉
CUST-1038,35,Female,San Francisco,67589.71,22,2887.0,131.23,319.0,58,0.0705,Skincare,356,738,0.89,3,2,1,-1.6075444583435754,-0.7440151872942562,-1.6075444583435754,-0.7440151872942562,-0.6491364207455895,Frequent Budget Buyers 🛍️,Need Attention,221,2887.0,Bronze Tier 🥉
CUST-1039,33,Male,Miami,109717.24,17,3674.0,216.12,427.0,44,0.0824,Fragrance,356,734,0.69,3,2,-1,-0.17166898148919418,-3.15331614836898,-0.17166898148919418,-3.15331614836898,2.240094656673067,Frequent Budget Buyers 🛍️,Lost Customers,213,3674.0,Silver Tier 🥈
CUST-1040,36,Female,New York,55023.46,23,3140.0,136.52,295.0,66,0.0652,Makeup,2,1092,0.63,0,0,0,-0.6855742036040291,0.5860329739703107,-0.6855742036040291,0.5860329739703107,-0.5719328598953001,Occasional / New Shoppers 🌱,Lost Customers,332,3140.0,Bronze Tier 🥉
CUST-1041,45,Female,New York,87492.28,25,3984.0,159.36,405.0,58,0.074,Fragrance,1,1092,0.69,1,3,0,0.5961137403607984,-0.11493572571086816,0.5961137403607984,-0.11493572571086816,0.22473138157465006,Occasional / New Shoppers 🌱,Champions,544,3984.0,Silver Tier 🥈
CUST-1042,57,Male,Houston,90302.31,22,3789.0,172.23,427.0,57,0.0568,Bath & Body,358,735,0.9,3,2,1,-0.1797003909965865,-0.8066382618746971,-0.1797003909965865,-0.8066382618746971,-0.20382172287150369,Frequent Budget Buyers 🛍️,Lost Customers,123,3789.0,Silver Tier 🥈
CUST-1043,28,Female,Chicago,56074.72,23,3660.0,159.13,427.0,61,0.0652,Fragrance,357,737,0.94,3,2,1,-0.3925614816864603,-1.2212825380773868,-0.3925614816864603,-1.2212825380773868,-0.2588137480661508,Frequent Budget Buyers 🛍️,At Risk,133,3660.0,Silver Tier 🥈
CUST-1044,48,Female,Los Angeles,82168.93,16,2401.0,150.06,412.0,37,0.1062,Makeup,2,1091,0.44,1,3,-1,-1.9294554115788716,0.23659963083465546,-1.9294554115788716,0.23659963083465546,2.271949517691931,Occasional / New Shoppers 🌱,New / Promising,311,2401.0,Bronze Tier 🥉
CUST-1045,63,Female,Chicago,58765.44,23,3502.0,152.26,427.0,55,0.0804,Skincare,1,1093,0.63,1,0,0,-0.12085214410751001,1.58360517519166,-0.12085214410751001,1.58360517519166,0.8233469756840828,Occasional / New Shoppers 🌱,Loyal Customers,533,3502.0,Bronze Tier 🥉
CUST-1046,42,Female,Chicago,109222.88,25,3854.0,154.16,427.0,50,0.058,Bath & Body,356,733,1.02,3,2,1,-0.09661087707094787,-1.7389087278629292,-0.09661087707094787,-1.7389087278629292,-1.0583063316092072,Frequent Budget Buyers 🛍️,Need Attention,243,3854.0,Silver Tier 🥈
CUST-1047,62,Male,San Francisco,22400.88,16,2249.0,140.56,427.0,38,0.0656,Fragrance,356,737,0.65,3,2,-1,-2.6260799194868913,1.561935716091155,-2.6260799194868913,1.561935716091155,0.25434604137758093,Frequent Budget Buyers 🛍️,Lost Customers,211,2249.0,Bronze Tier 🥉
CUST-1048,28,Female,Houston,49843.58,26,4868.0,187.23,427.0,61,0.0769,Skincare,2,1090,0.72,2,1,0,1.8983088931385514,-0.4683700120682706,1.8983088931385514,-0.4683700120682706,1.0819076579649887,VIP Cosmetics Enthusiasts ✨,Loyal Customers,345,4868.0,Gold Tier 🥇
CUST-1049,19,Female,Seattle,60221.3,20,3119.0,155.95,330.0,50,0.0625,Bath & Body,356,737,0.81,3,2,1,-1.2454128823138495,-1.7227519049636006,-1.2454128823138495,-1.7227519049636006,-0.3761897631833881,Frequent Budget Buyers 🛍️,Need Attention,222,3119.0,Bronze Tier 🥉
CUST-1050,49,Non-Binary,San Francisco,62870.48,20,2411.0,120.55,273.0,49,0.08,Skincare,1,1093,0.55,0,0,0,-1.9060020184957305,1.2486115601385115,-1.9060020184957305,1.2486115601385115,0.03502505005449954,Occasional / New Shoppers 🌱,New / Promising,521,2411.0,Bronze Tier 🥉
CUST-1051,37,Female,Houston,46371.56,26,3675.0,141.35,281.0,55,0.0577,Bath & Body,2,1092,0.71,0,1,0,0.19745330029544755,0.7960821595238023,0.19745330029544755,0.7960821595238023,-0.9700791029137485,Occasional / New Shoppers 🌱,Loyal Customers,343,3675.0,Silver Tier 🥈
CUST-1052,30,Female,San Francisco,68101.89,24,3757.0,156.54,427.0,58,0.0688,Makeup,1,1092,0.66,0,0,0,0.2512950644798091,-0.33685993230249317,0.2512950644798091,-0.33685993230249317,-0.06759133717818362,Occasional / New Shoppers 🌱,Loyal Customers,533,3757.0,Silver Tier 🥈
CUST-1053,30,Female,Houston,66462.48,17,3115.0,183.24,427.0,40,0.0765,Fragrance,1,1087,0.47,1,0,0,-0.651575976780113,-0.7091733377448967,-0.651575976780113,-0.7091733377448967,1.5006290910481277,Occasional / New Shoppers 🌱,New / Promising,512,3115.0,Bronze Tier 🥉
CUST-1054,64,Male,Houston,55815.19,28,4831.0,172.54,427.0,71,0.0679,Makeup,2,1091,0.77,2,1,0,1.894204356642007,1.418009674725903,1.894204356642007,1.418009674725903,0.40415441124672,VIP Cosmetics Enthusiasts ✨,Loyal Customers,355,4831.0,Gold Tier 🥇
CUST-1055,28,Female,Seattle,72207.11,25,3454.0,138.16,317.0,67,0.068,Skincare,2,1090,0.69,0,0,0,-0.186003022650698,-0.25753333172103776,-0.186003022650698,-0.25753333172103776,-0.6941329511955219,Occasional / New Shoppers 🌱,Loyal Customers,343,3454.0,Bronze Tier 🥉
CUST-1056,47,Female,New York,77971.46,25,3479.0,139.16,427.0,70,0.054,Makeup,1,1093,0.69,0,0,0,-0.12404526553233196,0.5555638954780799,-0.12404526553233196,0.5555638954780799,-1.2316469049018932,Occasional / New Shoppers 🌱,Loyal Customers,543,3479.0,Bronze Tier 🥉
CUST-1057,22,Female,New York,28829.78,21,3246.0,154.57,336.0,41,0.0643,Makeup,2,1090,0.58,0,0,0,-0.529711436335905,0.2581073070876072,-0.529711436335905,0.2581073070876072,0.008565233462926331,Occasional / New Shoppers 🌱,New / Promising,322,3246.0,Bronze Tier 🥉
CUST-1058,41,Female,San Francisco,62716.28,23,4284.0,186.26,427.0,61,0.0935,Makeup,1,1090,0.63,1,3,0,1.047675004748167,-0.14127594813250705,1.047675004748167,-0.14127594813250705,2.1419987505762714,Occasional / New Shoppers 🌱,Loyal Customers,534,4284.0,Silver Tier 🥈
CUST-1059,60,Female,New York,49869.09,16,2407.0,150.44,287.0,43,0.1,Haircare,2,1088,0.44,1,3,-1,-1.8822422658923186,1.632876808052763,-1.8822422658923186,1.632876808052763,2.2608707860525246,Occasional / New Shoppers 🌱,New / Promising,311,2407.0,Bronze Tier 🥉
CUST-1060,32,Female,Houston,22000.0,18,2683.0,149.06,369.0,45,0.0472,Fragrance,1,1091,0.49,0,0,-1,-1.405526979544637,1.0269571591218307,-1.405526979544637,1.0269571591218307,-0.6592970910108656,Occasional / New Shoppers 🌱,New / Promising,511,2683.0,Bronze Tier 🥉
CUST-1061,43,Male,Seattle,92100.95,22,4487.0,203.95,427.0,55,0.0909,Fragrance,1,1091,0.6,1,1,0,1.375254135373048,-1.0251813906506815,1.375254135373048,-1.0251813906506815,2.391452107455691,Occasional / New Shoppers 🌱,Potential Loyalists,525,4487.0,Gold Tier 🥇
CUST-1062,50,Male,Los Angeles,61365.24,22,3244.0,147.45,326.0,58,0.0659,Makeup,1,1092,0.6,0,0,0,-0.5293003261838694,0.9624813953575407,-0.5293003261838694,0.9624813953575407,-0.09372580702048097,Occasional / New Shoppers 🌱,New / Promising,522,3244.0,Bronze Tier 🥉
CUST-1063,21,Female,Houston,64751.82,20,3738.0,186.9,427.0,47,0.065,Makeup,357,732,0.82,3,2,1,-0.2294952414921678,-2.19957659714875,-0.2294952414921678,-2.19957659714875,0.5449845314474671,Frequent Budget Buyers 🛍️,Lost Customers,123,3738.0,Silver Tier 🥈
CUST-1064,51,Female,Miami,91238.6,19,3122.0,164.32,427.0,58,0.0711,Fragrance,2,1091,0.52,1,0,0,-0.7245095377752608,0.010657606206239331,-0.7245095377752608,0.010657606206239331,0.6504736983990691,Occasional / New Shoppers 🌱,New / Promising,312,3122.0,Bronze Tier 🥉
CUST-1065,58,Female,San Francisco,79297.28,28,4770.0,170.36,342.0,65,0.0679,Haircare,1,1092,0.77,2,1,0,1.7901022776057816,0.5778823215306358,1.7901022776057816,0.5778823215306358,0.16172286338350927,VIP Cosmetics Enthusiasts ✨,Champions,555,4770.0,Gold Tier 🥇
CUST-1066,50,Non-Binary,Seattle,45404.3,21,3339.0,159.0,315.0,54,0.0714,Haircare,2,1092,0.58,0,0,0,-0.37328583878982446,1.1696740101460228,-0.37328583878982446,1.1696740101460228,0.6399227661357867,Occasional / New Shoppers 🌱,New / Promising,322,3339.0,Bronze Tier 🥉
CUST-1067,24,Female,Chicago,57882.1,19,3292.0,173.26,387.0,51,0.0447,Makeup,1,1093,0.52,0,0,0,-0.41454556695483835,-0.6050729722706453,-0.41454556695483835,-0.6050729722706453,-0.49903827356305464,Occasional / New Shoppers 🌱,New / Promising,512,3292.0,Bronze Tier 🥉
CUST-1068,38,Non-Binary,Miami,56377.5,24,3862.0,160.92,427.0,64,0.0771,Haircare,1,1093,0.66,1,3,0,0.4166310339053235,0.2720337474457967,0.4166310339053235,0.2720337474457967,0.6012705888910665,Occasional / New Shoppers 🌱,Loyal Customers,534,3862.0,Silver Tier 🥈
CUST-1069,21,Female,Dallas,59628.99,13,2175.0,167.31,427.0,30,0.0692,Bath & Body,2,1092,0.36,0,3,-1,-2.1522394269123377,-0.7537071038918959,-2.1522394269123377,-0.7537071038918959,0.9500891371006099,Occasional / New Shoppers 🌱,New / Promising,311,2175.0,Bronze Tier 🥉
CUST-1070,29,Female,Houston,109664.1,21,3076.0,146.48,427.0,57,0.0381,Bath & Body,2,1092,0.58,0,0,0,-0.8274517091379023,-1.2235074549857285,-0.8274517091379023,-1.2235074549857285,-1.9096957551011478,Occasional / New Shoppers 🌱,New / Promising,322,3076.0,Bronze Tier 🥉
CUST-1071,35,Female,San Francisco,53475.19,26,5408.0,208.0,427.0,67,0.0577,Skincare,1,1092,0.71,2,1,-1,2.7005131453953575,-0.4963030950927107,2.7005131453953575,-0.4963030950927107,0.6988194613509554,VIP Cosmetics Enthusiasts ✨,Champions,545,5408.0,Platinum Tier 💎
CUST-1072,58,Male,San Francisco,22000.0,24,3548.0,147.83,332.0,58,0.0417,Fragrance,1,1093,0.66,0,0,0,0.012477055411422982,2.364093139473739,0.012477055411422982,2.364093139473739,-1.1417988363830442,Occasional / New Shoppers 🌱,Loyal Customers,533,3548.0,Bronze Tier 🥉
CUST-1073,58,Female,Los Angeles,77817.09,29,4391.0,151.41,390.0,74,0.0621,Fragrance,2,1092,0.8,2,1,0,1.293316510300048,0.915386902318934,1.293316510300048,0.915386902318934,-0.6805747361018728,VIP Cosmetics Enthusiasts ✨,Loyal Customers,354,4391.0,Silver Tier 🥈
CUST-1074,58,Female,Chicago,45349.82,21,3030.0,144.29,335.0,58,0.069,Makeup,1,1090,0.58,0,0,0,-0.8597327718435444,1.7953138676340707,-0.8597327718435444,1.7953138676340707,0.21075867074844987,Occasional / New Shoppers 🌱,New / Promising,522,3030.0,Bronze Tier 🥉
CUST-1075,36,Female,Dallas,98106.85,23,4640.0,201.74,427.0,55,0.0761,Makeup,1,1092,0.63,2,1,0,1.5814651865887857,-1.4693456629831743,1.5814651865887857,-1.4693456629831743,1.424788656644039,VIP Cosmetics Enthusiasts ✨,Loyal Customers,535,4640.0,Gold Tier 🥇
CUST-1076,23,Female,Los Angeles,108511.99,24,3598.0,149.92,354.0,64,0.0854,Skincare,1,1088,0.66,1,3,0,-0.033132992432167566,-1.6036722507478176,-0.033132992432167566,-1.6036722507478176,0.30367803501240775,Occasional / New Shoppers 🌱,Loyal Customers,533,3598.0,Bronze Tier 🥉
CUST-1077,37,Female,Seattle,40236.54,23,2949.0,128.22,331.0,59,0.0543,Haircare,2,1092,0.63,0,0,0,-0.9593407968383257,1.1404741266500547,-0.9593407968383257,1.1404741266500547,-1.2423578011196523,Occasional / New Shoppers 🌱,Lost Customers,332,2949.0,Bronze Tier 🥉
CUST-1078,21,Female,Chicago,85340.49,32,4851.0,151.59,427.0,77,0.0703,Bath & Body,1,1092,0.88,2,1,0,1.9832394346740774,-1.1189224016948554,1.9832394346740774,-1.1189224016948554,-0.8450999997279465,VIP Cosmetics Enthusiasts ✨,Champions,555,4851.0,Gold Tier 🥇
CUST-1079,64,Female,Miami,46274.18,23,2861.0,124.39,349.0,63,0.0804,Makeup,2,1091,0.63,0,0,0,-1.0972267410885614,2.3577198386988623,-1.0972267410885614,2.3577198386988623,0.1794491624943718,Occasional / New Shoppers 🌱,Lost Customers,331,2861.0,Bronze Tier 🥉
CUST-1080,40,Female,Seattle,50116.26,16,2147.0,134.19,427.0,39,0.0625,Fragrance,2,1089,0.44,0,0,0,-2.3537877723940093,0.9193316669111979,-2.3537877723940093,0.9193316669111979,-0.22762431515814666,Occasional / New Shoppers 🌱,New / Promising,311,2147.0,Bronze Tier 🥉
CUST-1081,20,Female,Seattle,61249.08,23,3798.0,165.13,427.0,65,0.0609,Makeup,1,1091,0.63,0,0,0,0.31192206458324906,-0.7865103996513224,0.31192206458324906,-0.7865103996513224,-0.22514020719662528,Occasional / New Shoppers 🌱,Loyal Customers,533,3798.0,Silver Tier 🥈
CUST-1082,62,Female,Seattle,98465.12,24,3582.0,149.25,340.0,56,0.0729,Skincare,2,1092,0.66,1,3,0,-0.009263631047719035,0.6126494165119813,-0.009263631047719035,0.6126494165119813,0.06702444805516819,Occasional / New Shoppers 🌱,Loyal Customers,333,3582.0,Bronze Tier 🥉
CUST-1083,36,Female,Seattle,81241.82,25,3744.0,149.76,427.0,69,0.048,Bath & Body,357,737,1.02,3,2,1,-0.2389559079677051,-1.2710002368026208,-0.2389559079677051,-1.2710002368026208,-1.5717766118262517,Frequent Budget Buyers 🛍️,At Risk,143,3744.0,Silver Tier 🥈
CUST-1084,58,Female,Seattle,31323.31,29,4406.0,151.93,427.0,62,0.0707,Bath & Body,357,737,1.18,3,2,-1,0.839111280277416,0.9967467397302076,0.839111280277416,0.9967467397302076,-0.16813854850379584,Frequent Budget Buyers 🛍️,At Risk,155,4406.0,Gold Tier 🥇
CUST-1085,64,Male,Miami,56653.82,22,3141.0,142.77,320.0,61,0.1,Haircare,1,1092,0.6,1,3,-1,-0.7042077637107973,1.7971180480630449,-0.7042077637107973,1.7971180480630449,1.6508998667643455,Occasional / New Shoppers 🌱,New / Promising,522,3141.0,Bronze Tier 🥉
CUST-1086,19,Female,Dallas,29382.45,35,5200.0,148.57,385.0,96,0.0686,Skincare,1,1090,0.96,2,1,-1,2.6080823437306537,0.21587253716660013,2.6080823437306537,0.21587253716660013,-0.9159847515409841,VIP Cosmetics Enthusiasts ✨,Champions,555,5200.0,Platinum Tier 💎
CUST-1087,33,Female,New York,57658.24,22,3224.0,146.55,395.0,56,0.0773,Haircare,2,1092,0.6,1,0,0,-0.5831472051846088,0.20047031752840683,-0.5831472051846088,0.20047031752840683,0.3222367484895745,Occasional / New Shoppers 🌱,New / Promising,322,3224.0,Bronze Tier 🥉
CUST-1088,37,Female,Chicago,84953.37,21,2840.0,135.24,427.0,60,0.0643,Fragrance,1,1093,0.58,0,0,0,-1.2043343820474806,-0.08419811070049307,-1.2043343820474806,-0.08419811070049307,-0.6732152960888017,Occasional / New Shoppers 🌱,New / Promising,521,2840.0,Bronze Tier 🥉
CUST-1089,34,Female,Miami,74230.47,23,3191.0,138.74,324.0,54,0.0435,Makeup,1,1092,0.63,0,0,0,-0.6020368850483986,0.014583143694722325,-0.6020368850483986,0.014583143694722325,-1.730165297878331,Occasional / New Shoppers 🌱,Lost Customers,532,3191.0,Bronze Tier 🥉
CUST-1090,44,Male,New York,44452.48,16,2650.0,165.62,427.0,45,0.0625,Fragrance,2,1089,0.44,0,0,0,-1.4077006749287486,0.8029630779070716,-1.4077006749287486,0.8029630779070716,0.657775230119822,Occasional / New Shoppers 🌱,New / Promising,311,2650.0,Bronze Tier 🥉
CUST-1091,60,Female,Dallas,73351.4,24,3868.0,161.17,369.0,55,0.0667,Bath & Body,1,1092,0.66,1,0,0,0.4416923028770326,0.9621749695206874,0.4416923028770326,0.9621749695206874,0.18856993086989482,Occasional / New Shoppers 🌱,Loyal Customers,534,3868.0,Silver Tier 🥈
CUST-1092,49,Female,Houston,111115.3,22,3919.0,178.14,427.0,53,0.0864,Skincare,1,1093,0.6,1,3,-1,0.4804744432582977,-0.80076914304839,0.4804744432582977,-0.80076914304839,1.4428955188195516,Occasional / New Shoppers 🌱,Potential Loyalists,524,3919.0,Silver Tier 🥈
CUST-1093,62,Female,Miami,115430.82,11,813.0,73.91,118.0,28,0.0864,Fragrance,357,731,0.45,3,0,-1,-5.60112333118445,0.1614404004955561,-5.60112333118445,0.1614404004955561,-0.6214325724901879,Frequent Budget Buyers 🛍️,Lost Customers,111,813.0,Bronze Tier 🥉
CUST-1094,39,Male,Los Angeles,26440.53,26,3182.0,122.38,402.0,66,0.0865,Bath & Body,2,1091,0.71,1,0,-1,-0.525340757700276,1.63513258049228,-0.525340757700276,1.63513258049228,0.11561924006764271,Occasional / New Shoppers 🌱,Lost Customers,342,3182.0,Bronze Tier 🥉
CUST-1095,33,Male,Houston,68332.84,24,3315.0,138.12,307.0,64,0.0625,Bath & Body,1,1093,0.66,0,0,0,-0.4056317527511816,0.09511735195109208,-0.4056317527511816,0.09511735195109208,-0.8357518986320374,Occasional / New Shoppers 🌱,Lost Customers,532,3315.0,Bronze Tier 🥉
CUST-1096,20,Female,Miami,87983.96,22,4381.0,199.14,427.0,53,0.075,Bath & Body,1,1090,0.61,2,1,0,1.2055175309216128,-1.9752590855704122,1.2055175309216128,-1.9752590855704122,1.2832410393028237,VIP Cosmetics Enthusiasts ✨,Potential Loyalists,524,4381.0,Silver Tier 🥈
CUST-1097,64,Female,New York,73599.38,18,2312.0,128.44,313.0,46,0.0611,Bath & Body,1,1093,0.49,0,0,0,-2.071258916765687,1.6343263617410158,-2.071258916765687,1.6343263617410158,-0.4983288569695974,Occasional / New Shoppers 🌱,New / Promising,511,2312.0,Bronze Tier 🥉
CUST-1098,36,Female,New York,116850.54,24,3348.0,139.5,427.0,56,0.0521,Bath & Body,2,1092,0.66,0,0,0,-0.3774948084206632,-0.9579118533732044,-0.3774948084206632,-0.9579118533732044,-1.569208591972024,Occasional / New Shoppers 🌱,Lost Customers,332,3348.0,Bronze Tier 🥉
CUST-1099,62,Female,Seattle,59723.75,18,2620.0,145.56,341.0,42,0.0917,Makeup,2,1087,0.5,1,3,0,-1.5526777056829943,1.578208885144944,-1.5526777056829943,1.578208885144944,1.5432013710830095,Occasional / New Shoppers 🌱,New / Promising,311,2620.0,Bronze Tier 🥉
CUST-1100,54,Male,New York,51623.56,25,4437.0,177.48,427.0,53,0.084,Haircare,1,1091,0.69,2,1,0,1.2862531864402114,0.9257219044071945,1.2862531864402114,0.9257219044071945,1.4800808858940169,VIP Cosmetics Enthusiasts ✨,Champions,545,4437.0,Gold Tier 🥇
CUST-1101,42,Male,New York,71056.41,13,2186.0,168.15,339.0,35,0.0654,Skincare,1,1091,0.36,0,0,0,-2.1142859375266108,0.00829798552995772,-2.1142859375266108,0.00829798552995772,0.9070739508987734,Occasional / New Shoppers 🌱,New / Promising,511,2186.0,Bronze Tier 🥉
CUST-1102,43,Female,Chicago,105588.46,23,3412.0,148.35,341.0,62,0.0674,Haircare,1,1093,0.63,1,0,0,-0.2951088426439812,-0.48762605847987656,-0.2951088426439812,-0.48762605847987656,-0.3757137704401911,Occasional / New Shoppers 🌱,Loyal Customers,533,3412.0,Bronze Tier 🥉
CUST-1103,18,Male,Chicago,80446.1,27,3355.0,124.26,310.0,69,0.0593,Fragrance,356,738,1.1,3,2,-1,-0.7609173473591349,-1.764491595049871,-0.7609173473591349,-1.764491595049871,-1.9585849315804307,Frequent Budget Buyers 🛍️,Need Attention,242,3355.0,Bronze Tier 🥉
CUST-1104,46,Female,Miami,47730.46,26,3922.0,150.85,427.0,62,0.0654,Bath & Body,1,1092,0.71,2,1,0,0.5566356912097994,1.0575534246591098,0.5566356912097994,1.0575534246591098,-0.26295297936990736,VIP Cosmetics Enthusiasts ✨,Champions,544,3922.0,Silver Tier 🥈
CUST-1105,32,Female,Dallas,46994.64,27,5293.0,196.04,427.0,73,0.0667,Bath & Body,1,1092,0.74,2,1,0,2.5204352297362926,-0.31766908613838835,2.5204352297362926,-0.31766908613838835,0.7818009217657831,VIP Cosmetics Enthusiasts ✨,Champions,545,5293.0,Platinum Tier 💎
CUST-1106,33,Female,San Francisco,40580.79,32,4449.0,139.03,335.0,80,0.0688,Bath & Body,1,1092,0.88,2,1,0,1.4922494370464776,0.7813241125891857,1.4922494370464776,0.7813241125891857,-0.8843414096338618,VIP Cosmetics Enthusiasts ✨,Champions,555,4449.0,Gold Tier 🥇
CUST-1107,19,Female,San Francisco,88862.3,19,2916.0,153.47,427.0,44,0.0974,Haircare,1,1090,0.52,1,3,-1,-1.1192517837310125,-1.4010580062077849,-1.1192517837310125,-1.4010580062077849,1.4144277307767452,Occasional / New Shoppers 🌱,New / Promising,512,2916.0,Bronze Tier 🥉
CUST-1108,25,Female,Houston,48494.09,24,4285.0,178.54,412.0,50,0.0438,Fragrance,1,1093,0.66,2,1,0,1.0739691325273255,-0.40084926303878693,1.0739691325273255,-0.40084926303878693,-0.6878048027201902,VIP Cosmetics Enthusiasts ✨,Loyal Customers,534,4285.0,Silver Tier 🥈
CUST-1109,41,Male,Miami,94820.35,22,2333.0,106.05,279.0,59,0.0841,Makeup,1,1091,0.6,1,0,-1,-2.002873301852941,0.28475462862585665,-2.002873301852941,0.28475462862585665,-0.5234359842699298,Occasional / New Shoppers 🌱,New / Promising,521,2333.0,Bronze Tier 🥉
CUST-1110,47,Female,Dallas,65627.03,35,5311.0,151.74,427.0,90,0.0757,Makeup,1,1092,0.96,2,1,0,2.743785516839123,0.6585239499666834,2.743785516839123,0.6585239499666834,-0.42861502812563024,VIP Cosmetics Enthusiasts ✨,Champions,555,5311.0,Platinum Tier 💎
CUST-1111,51,Male,Miami,84125.78,28,4443.0,158.68,427.0,74,0.0714,Bath & Body,1,1090,0.77,2,1,0,1.3207039902377125,0.2859787912965861,1.3207039902377125,0.2859787912965861,-0.055265123164507705,VIP Cosmetics Enthusiasts ✨,Champions,555,4443.0,Gold Tier 🥇
CUST-1112,34,Female,San Francisco,54565.8,29,4043.0,139.41,427.0,60,0.0621,Bath & Body,1,1092,0.8,2,1,0,0.8101693992702392,0.4809766090761476,0.8101693992702392,0.4809766090761476,-1.076447733725713,VIP Cosmetics Enthusiasts ✨,Champions,554,4043.0,Silver Tier 🥈
CUST-1113,40,Female,Los Angeles,42012.48,25,4400.0,176.0,427.0,60,0.068,Bath & Body,1,1093,0.69,2,1,0,1.239336835886572,0.5100218007186341,1.239336835886572,0.5100218007186341,0.5656010194385354,VIP Cosmetics Enthusiasts ✨,Champions,544,4400.0,Silver Tier 🥈
CUST-1114,64,Female,Houston,79936.48,23,3239.0,140.83,318.0,57,0.0543,Bath & Body,358,734,0.94,3,2,-1,-1.0163214313996924,0.2744709122106743,-1.0163214313996924,0.2744709122106743,-1.0904975522347613,Frequent Budget Buyers 🛍️,Lost Customers,132,3239.0,Bronze Tier 🥉
CUST-1115,57,Non-Binary,Miami,47554.01,25,4377.0,175.08,427.0,63,0.074,Skincare,358,736,1.02,3,2,1,0.710596233985915,0.17841670751126193,0.710596233985915,0.17841670751126193,0.769515300238655,Frequent Budget Buyers 🛍️,At Risk,144,4377.0,Silver Tier 🥈
CUST-1116,34,Male,Chicago,74920.06,27,4265.0,157.96,387.0,62,0.0481,Makeup,1,1093,0.74,2,0,0,1.0572180524299295,-0.2917945845721696,1.0572180524299295,-0.2917945845721696,-1.2778133529361,VIP Cosmetics Enthusiasts ✨,Champions,544,4265.0,Silver Tier 🥈
CUST-1117,24,Non-Binary,Chicago,77130.03,24,4638.0,193.25,427.0,52,0.0583,Makeup,1,1091,0.66,2,1,0,1.5734408249397283,-1.399016619854929,1.5734408249397283,-1.399016619854929,0.2515100421662031,VIP Cosmetics Enthusiasts ✨,Loyal Customers,535,4638.0,Gold Tier 🥇
CUST-1118,59,Female,Houston,74168.01,18,3354.0,186.33,427.0,51,0.0528,Haircare,1,1087,0.5,0,0,0,-0.2497397441637622,0.5351995597538167,-0.2497397441637622,0.5351995597538167,0.5405727647728862,Occasional / New Shoppers 🌱,New / Promising,512,3354.0,Bronze Tier 🥉
CUST-1119,60,Male,Dallas,40844.37,16,2890.0,180.62,427.0,42,0.0438,Bath & Body,2,1086,0.44,0,0,-1,-0.9284724714461766,1.4990221198531593,-0.9284724714461766,1.4990221198531593,0.2734659459469419,Occasional / New Shoppers 🌱,New / Promising,311,2890.0,Bronze Tier 🥉
CUST-1120,54,Male,Miami,112958.48,13,1734.0,133.38,316.0,33,0.0538,Makeup,356,734,0.53,3,0,-1,-3.5773572185781832,-0.9551787560003369,-3.5773572185781832,-0.9551787560003369,-0.9034889428900226,Frequent Budget Buyers 🛍️,Lost Customers,211,1734.0,Bronze Tier 🥉
CUST-1121,37,Female,Chicago,52864.3,24,3782.0,157.58,385.0,51,0.0417,Makeup,1,1093,0.66,0,0,0,0.32679176196866805,0.4102951578513656,0.32679176196866805,0.4102951578513656,-1.2527966761163574,Occasional / New Shoppers 🌱,Loyal Customers,533,3782.0,Silver Tier 🥈
CUST-1122,38,Female,Dallas,49504.78,28,3909.0,139.61,282.0,68,0.0589,Bath & Body,2,1092,0.77,2,1,0,0.5938411202078333,0.8002212281817372,0.5938411202078333,0.8002212281817372,-1.0997538129833093,VIP Cosmetics Enthusiasts ✨,Loyal Customers,354,3909.0,Silver Tier 🥈
CUST-1123,55,Female,Seattle,57139.08,15,2380.0,158.67,327.0,36,0.0667,Makeup,2,1084,0.42,0,0,0,-1.8646274429805303,1.132038291208068,-1.8646274429805303,1.132038291208068,0.7843033319010669,Occasional / New Shoppers 🌱,New / Promising,311,2380.0,Bronze Tier 🥉
CUST-1124,26,Non-Binary,New York,52057.68,27,4287.0,158.78,427.0,68,0.0519,Fragrance,2,1092,0.74,2,1,0,1.0920867801477792,-0.14906667060916698,1.0920867801477792,-0.14906667060916698,-1.0097420751461275,VIP Cosmetics Enthusiasts ✨,Loyal Customers,344,4287.0,Silver Tier 🥈
CUST-1125,25,Female,Miami,98712.46,28,3948.0,141.0,315.0,66,0.0732,Bath & Body,2,1091,0.77,2,1,0,0.5940609153232737,-1.1006141511878147,0.5940609153232737,-1.1006141511878147,-0.740242164609576,VIP Cosmetics Enthusiasts ✨,Loyal Customers,354,3948.0,Silver Tier 🥈
CUST-1126,46,Female,Seattle,89909.27,17,2953.0,173.71,427.0,36,0.05,Makeup,2,1092,0.47,0,0,0,-0.9249799644792595,-0.3144825937395655,-0.9249799644792595,-0.3144825937395655,-0.06628910927145915,Occasional / New Shoppers 🌱,New / Promising,312,2953.0,Bronze Tier 🥉
CUST-1127,20,Female,Houston,56578.65,22,4011.0,182.32,427.0,70,0.0568,Fragrance,1,1090,0.61,2,1,0,0.6599851953015679,-0.924310082666509,0.6599851953015679,-0.924310082666509,0.10959017938754348,VIP Cosmetics Enthusiasts ✨,Potential Loyalists,524,4011.0,Silver Tier 🥈
CUST-1128,40,Female,New York,49561.0,28,4428.0,158.14,427.0,66,0.0786,Bath & Body,2,1091,0.77,2,1,0,1.3053520438368305,0.5831660224084106,1.3053520438368305,0.5831660224084106,0.38720486353569944,VIP Cosmetics Enthusiasts ✨,Loyal Customers,355,4428.0,Gold Tier 🥇
CUST-1129,41,Male,Houston,87380.27,20,2832.0,141.6,427.0,49,0.0875,Bath & Body,358,735,0.82,3,2,-1,-1.7410471920835284,-1.1237861975323291,-1.7410471920835284,-1.1237861975323291,0.5517913937650822,Frequent Budget Buyers 🛍️,Lost Customers,121,2832.0,Bronze Tier 🥉
CUST-1130,30,Female,Los Angeles,47528.0,23,3226.0,140.26,427.0,61,0.0652,Haircare,1,1093,0.63,0,0,0,-0.5523585000011189,0.4179858070626788,-0.5523585000011189,0.4179858070626788,-0.4863967664284431,Occasional / New Shoppers 🌱,Lost Customers,532,3226.0,Bronze Tier 🥉
CUST-1131,42,Female,Los Angeles,57530.05,23,3733.0,162.3,427.0,54,0.0761,Makeup,2,1091,0.63,1,3,0,0.21899152520664275,0.419301160200632,0.21899152520664275,0.419301160200632,0.6842908300520972,Occasional / New Shoppers 🌱,Loyal Customers,333,3733.0,Silver Tier 🥈
CUST-1132,50,Female,Chicago,42203.96,36,6704.0,186.22,427.0,92,0.0722,Makeup,1,1092,0.99,2,1,-1,4.570252899871507,0.8346438476005037,4.570252899871507,0.8346438476005037,0.37607004651342985,VIP Cosmetics Enthusiasts ✨,Champions,555,6704.0,Platinum Tier 💎
CUST-1133,36,Female,Dallas,87203.68,27,4434.0,164.22,427.0,60,0.0556,Makeup,1,1091,0.74,2,1,0,1.2852014658030144,-0.6015619442108548,1.2852014658030144,-0.6015619442108548,-0.7901112598335339,VIP Cosmetics Enthusiasts ✨,Champions,545,4434.0,Gold Tier 🥇
CUST-1134,24,Female,Miami,80257.92,16,2097.0,131.06,289.0,37,0.0719,Skincare,356,735,0.65,3,2,3,-2.984108493099937,-1.627161840548531,-2.984108493099937,-1.627161840548531,-0.34576298498171987,Frequent Budget Buyers 🛍️,Lost Customers,211,2097.0,Bronze Tier 🥉
CUST-1135,40,Female,San Francisco,86264.99,20,3253.0,162.65,305.0,48,0.05,Fragrance,2,1084,0.55,0,0,0,-0.5170167180620319,-0.3589010137608141,-0.5170167180620319,-0.3589010137608141,-0.5925964020987574,Occasional / New Shoppers 🌱,New / Promising,322,3253.0,Bronze Tier 🥉
CUST-1136,25,Male,San Francisco,77894.8,22,3352.0,152.36,427.0,55,0.0682,Fragrance,2,1092,0.6,0,0,0,-0.39464120595620433,-0.7701045830555553,-0.39464120595620433,-0.7701045830555553,-0.1704963474818,Occasional / New Shoppers 🌱,New / Promising,322,3352.0,Bronze Tier 🥉
CUST-1137,20,Male,Chicago,74837.12,20,2806.0,140.3,361.0,40,0.06,Skincare,2,1092,0.55,0,0,0,-1.2716449083856787,-0.7579242512041173,-1.2716449083856787,-0.7579242512041173,-0.7869765228005913,Occasional / New Shoppers 🌱,New / Promising,321,2806.0,Bronze Tier 🥉
CUST-1138,60,Male,Chicago,61409.17,23,4478.0,194.7,390.0,56,0.0717,Skincare,2,1089,0.63,2,0,0,1.3787923864251186,0.7392836457305447,1.3787923864251186,0.7392836457305447,1.4443855198320854,VIP Cosmetics Enthusiasts ✨,Loyal Customers,335,4478.0,Gold Tier 🥇
CUST-1139,30,Female,Seattle,58451.69,22,3256.0,148.0,395.0,63,0.05,Skincare,1,1093,0.6,0,0,0,-0.512176756624061,0.05201533275778325,-0.512176756624061,0.05201533275778325,-1.042539404617279,Occasional / New Shoppers 🌱,New / Promising,522,3256.0,Bronze Tier 🥉
CUST-1140,63,Female,New York,62957.88,26,4417.0,169.88,427.0,67,0.0788,Fragrance,1,1091,0.71,2,1,0,1.2662545803559306,1.2194020092369828,1.2662545803559306,1.2194020092369828,0.9709819578295352,VIP Cosmetics Enthusiasts ✨,Champions,545,4417.0,Gold Tier 🥇
CUST-1141,44,Female,Los Angeles,56202.61,16,2903.0,181.44,303.0,34,0.0844,Fragrance,357,736,0.65,3,2,-1,-1.458484065146406,-0.7888708741814245,-1.458484065146406,-0.7888708741814245,1.9080582667902217,Frequent Budget Buyers 🛍️,Lost Customers,111,2903.0,Bronze Tier 🥉
CUST-1142,24,Female,Los Angeles,57345.27,29,4166.0,143.66,427.0,66,0.0931,Makeup,356,738,1.18,3,2,-1,0.4463631201602295,-1.2387947125502707,0.4463631201602295,-1.2387947125502707,0.28966659906338643,Frequent Budget Buyers 🛍️,Need Attention,254,4166.0,Silver Tier 🥈
CUST-1143,59,Female,New York,80573.65,20,2654.0,132.7,402.0,42,0.0675,Haircare,2,1092,0.55,0,0,0,-1.4994848059766044,1.146581807664806,-1.4994848059766044,1.146581807664806,-0.2873201637774045,Occasional / New Shoppers 🌱,New / Promising,321,2654.0,Bronze Tier 🥉
CUST-1144,43,Female,Miami,26617.1,17,3015.0,177.35,427.0,44,0.0676,Fragrance,1,1093,0.47,0,0,0,-0.7881759352895655,1.0177547740041448,-0.7881759352895655,1.0177547740041448,1.2424874871066942,Occasional / New Shoppers 🌱,New / Promising,512,3015.0,Bronze Tier 🥉
CUST-1145,53,Male,Los Angeles,91136.77,24,3351.0,139.62,285.0,65,0.0708,Makeup,1,1091,0.66,1,3,0,-0.3562763243332125,0.49620988261104215,-0.3562763243332125,0.49620988261104215,-0.32762776320323606,Occasional / New Shoppers 🌱,Lost Customers,532,3351.0,Bronze Tier 🥉
CUST-1146,26,Female,Dallas,86505.48,29,4884.0,168.41,427.0,73,0.0672,Makeup,356,738,1.18,2,2,-1,1.4395785627521678,-2.2045185604753645,1.4395785627521678,-2.2045185604753645,-0.5172364313850363,VIP Cosmetics Enthusiasts ✨,Need Attention,255,4884.0,Gold Tier 🥇
CUST-1147,48,Female,Houston,70323.39,21,3702.0,176.29,427.0,52,0.0643,Haircare,1,1093,0.58,1,0,0,0.1997396584122475,0.2124791801124889,0.1997396584122475,0.2124791801124889,0.574073503455685,Occasional / New Shoppers 🌱,Potential Loyalists,523,3702.0,Silver Tier 🥈
CUST-1148,22,Male,Chicago,93433.75,33,6255.0,189.55,427.0,84,0.0773,Bath & Body,2,1092,0.91,2,1,-1,3.847057386763789,-1.8826531540458369,3.847057386763789,-1.8826531540458369,0.3817620760598875,VIP Cosmetics Enthusiasts ✨,Loyal Customers,355,6255.0,Platinum Tier 💎
CUST-1149,50,Female,Miami,49538.97,18,2725.0,151.39,427.0,51,0.0861,Makeup,356,738,0.73,3,2,-1,-1.864659873284992,0.11421933323005304,-1.864659873284992,0.11421933323005304,1.1678448555512457,Frequent Budget Buyers 🛍️,Lost Customers,211,2725.0,Bronze Tier 🥉
CUST-1150,29,Female,Dallas,101424.9,17,2776.0,163.29,427.0,33,0.0853,Skincare,2,1090,0.47,1,3,0,-1.2949184818994068,-1.3443496886006867,-1.2949184818994068,-1.3443496886006867,1.2174913893767136,Occasional / New Shoppers 🌱,New / Promising,311,2776.0,Bronze Tier 🥉
CUST-1151,60,Female,Houston,78635.21,20,3828.0,191.4,427.0,55,0.06,Bath & Body,2,1090,0.55,1,0,0,0.4444756195781889,0.38534855819629665,0.4444756195781889,0.38534855819629665,0.8799921423039335,Occasional / New Shoppers 🌱,Potential Loyalists,323,3828.0,Silver Tier 🥈
CUST-1152,48,Female,San Francisco,81294.86,16,2080.0,130.0,298.0,48,0.0594,Haircare,357,737,0.65,3,2,2,-2.9875137459519148,-0.42598634648018263,-2.9875137459519148,-0.42598634648018263,-0.7906665857096656,Frequent Budget Buyers 🛍️,Lost Customers,111,2080.0,Bronze Tier 🥉
CUST-1153,61,Female,Seattle,82381.61,21,3276.0,156.0,427.0,53,0.0476,Bath & Body,2,1092,0.58,0,0,0,-0.4695548945068466,0.8871914199717359,-0.4695548945068466,0.8871914199717359,-0.7423928993477482,Occasional / New Shoppers 🌱,New / Promising,322,3276.0,Bronze Tier 🥉
CUST-1154,40,Male,Seattle,30988.22,27,3873.0,143.44,427.0,66,0.0556,Bath & Body,356,738,1.1,3,2,1,0.029013344851374266,0.2588742644284479,0.029013344851374266,0.2588742644284479,-1.1702529905688175,Frequent Budget Buyers 🛍️,Need Attention,244,3873.0,Silver Tier 🥈
CUST-1155,51,Female,Seattle,57761.19,24,3781.0,157.54,378.0,61,0.0792,Skincare,1,1092,0.66,1,3,0,0.3030473635291932,0.934113845233167,0.3030473635291932,0.934113845233167,0.7288603289240191,Occasional / New Shoppers 🌱,Loyal Customers,533,3781.0,Silver Tier 🥈
CUST-1156,24,Female,Miami,60847.67,23,3414.0,148.43,427.0,55,0.0587,Fragrance,358,731,0.94,3,2,1,-0.7726860856235706,-1.3704544577933224,-0.7726860856235706,-1.3704544577933224,-0.9264218853756196,Frequent Budget Buyers 🛍️,At Risk,133,3414.0,Bronze Tier 🥉
CUST-1157,50,Male,San Francisco,28382.54,18,3175.0,176.39,427.0,38,0.0806,Haircare,2,1091,0.49,1,0,0,-0.564513213748693,1.315666825318296,-0.564513213748693,1.315666825318296,1.8548353137551539,Occasional / New Shoppers 🌱,New / Promising,312,3175.0,Bronze Tier 🥉
CUST-1158,25,Female,San Francisco,98263.61,17,2923.0,171.94,427.0,46,0.0529,Makeup,1,1093,0.47,0,0,0,-1.0030946055446834,-1.542219863109278,-1.0030946055446834,-1.542219863109278,-0.20299198207635125,Occasional / New Shoppers 🌱,New / Promising,512,2923.0,Bronze Tier 🥉
CUST-1159,41,Female,Los Angeles,104499.13,25,4544.0,181.76,427.0,67,0.066,Skincare,1,1091,0.69,2,1,0,1.4138804034519536,-1.0624179073937159,1.4138804034519536,-1.0624179073937159,0.27134264710455663,VIP Cosmetics Enthusiasts ✨,Champions,545,4544.0,Gold Tier 🥇
CUST-1160,37,Male,Miami,49112.46,23,3351.0,145.7,303.0,63,0.0804,Fragrance,1,1093,0.63,1,0,0,-0.3680712816109998,0.6240250732610984,-0.3680712816109998,0.6240250732610984,0.4725730650677936,Occasional / New Shoppers 🌱,Lost Customers,532,3351.0,Bronze Tier 🥉
CUST-1161,60,Male,Miami,84210.74,35,5874.0,167.83,427.0,96,0.0543,Skincare,2,1092,0.96,2,1,-1,3.476440594510877,0.618638126539945,3.476440594510877,0.618638126539945,-1.0760178596787904,VIP Cosmetics Enthusiasts ✨,Loyal Customers,355,5874.0,Platinum Tier 💎
CUST-1162,19,Female,Miami,83383.17,21,3572.0,170.1,427.0,48,0.05,Skincare,1,1092,0.58,0,0,0,-0.030102339954848744,-1.441442946244276,-0.030102339954848744,-1.441442946244276,-0.6406589131210106,Occasional / New Shoppers 🌱,Potential Loyalists,523,3572.0,Bronze Tier 🥉
CUST-1163,37,Female,Dallas,45362.49,17,3105.0,182.65,427.0,46,0.0529,Bath & Body,357,732,0.7,3,2,1,-1.1299596293914502,-0.8434966838312468,-1.1299596293914502,-0.8434966838312468,0.286425671859513,Frequent Budget Buyers 🛍️,Lost Customers,112,3105.0,Bronze Tier 🥉
CUST-1164,31,Female,Miami,110893.71,30,4716.0,157.2,427.0,62,0.0783,Skincare,1,1090,0.83,2,1,0,1.7143953931366116,-1.3530055327782318,1.7143953931366116,-1.3530055327782318,-0.21522168073603307,VIP Cosmetics Enthusiasts ✨,Champions,555,4716.0,Gold Tier 🥇
CUST-1165,28,Female,Los Angeles,39818.99,24,4013.0,167.21,427.0,56,0.0562,Makeup,1,1091,0.66,2,1,0,0.6630547864434699,0.11587632571479149,0.6630547864434699,0.11587632571479149,-0.28263132370741767,VIP Cosmetics Enthusiasts ✨,Loyal Customers,534,4013.0,Silver Tier 🥈
CUST-1166,36,Female,Seattle,90386.96,23,3616.0,157.22,427.0,62,0.063,Haircare,358,736,0.94,3,2,1,-0.4750161416244888,-1.6377393618636356,-0.4750161416244888,-1.6377393618636356,-0.5404269504084777,Frequent Budget Buyers 🛍️,At Risk,133,3616.0,Silver Tier 🥈
CUST-1167,26,Female,Miami,63032.36,17,2917.0,171.59,427.0,46,0.0471,Bath & Body,2,1092,0.47,0,0,0,-0.986989574065224,-0.615008550814486,-0.986989574065224,-0.615008550814486,-0.29643012751814957,Occasional / New Shoppers 🌱,New / Promising,312,2917.0,Bronze Tier 🥉
CUST-1168,62,Female,Seattle,65434.45,26,4214.0,162.08,427.0,61,0.0481,Bath & Body,1,1093,0.71,2,1,0,0.9954247937170697,1.272409823406388,0.9954247937170697,1.272409823406388,-0.79619995153753,VIP Cosmetics Enthusiasts ✨,Champions,544,4214.0,Silver Tier 🥈
CUST-1169,22,Non-Binary,New York,31548.61,18,3146.0,174.78,401.0,41,0.0694,Makeup,356,737,0.73,3,2,-1,-1.1277429803098549,-1.1572398073812256,-1.1277429803098549,-1.1572398073812256,0.7849834005188214,Frequent Budget Buyers 🛍️,Lost Customers,212,3146.0,Bronze Tier 🥉
CUST-1170,47,Male,Dallas,53602.94,21,3766.0,179.33,427.0,54,0.0524,Bath & Body,2,1092,0.58,0,0,0,0.3207719970818491,0.5429604444803198,0.3207719970818491,0.5429604444803198,0.13982890437085596,Occasional / New Shoppers 🌱,Potential Loyalists,323,3766.0,Silver Tier 🥈
CUST-1171,38,Female,Miami,49119.82,18,2700.0,150.0,325.0,47,0.0778,Haircare,1,1092,0.49,0,0,0,-1.41351404262831,0.6008280087470698,-1.41351404262831,0.6008280087470698,0.8036750756092151,Occasional / New Shoppers 🌱,New / Promising,511,2700.0,Bronze Tier 🥉
CUST-1172,63,Female,Seattle,48545.16,27,5090.0,188.52,427.0,68,0.0593,Skincare,360,734,1.1,2,2,-1,1.7593457270695916,0.2619823959512474,1.7593457270695916,0.2619823959512474,0.2896709938621427,VIP Cosmetics Enthusiasts ✨,At Risk,145,5090.0,Gold Tier 🥇
CUST-1173,18,Male,Dallas,63191.16,15,3520.0,234.67,427.0,41,0.0967,Fragrance,2,1091,0.41,1,1,-1,0.2875153654859134,-1.9984138792946777,0.2875153654859134,-1.9984138792946777,3.8998242873251265,Occasional / New Shoppers 🌱,Potential Loyalists,313,3520.0,Bronze Tier 🥉
CUST-1174,47,Female,Chicago,69070.25,24,3531.0,147.12,427.0,64,0.0583,Skincare,1,1091,0.66,0,0,0,-0.06624678953250769,0.6444967380820561,-0.06624678953250769,0.6444967380820561,-0.6910109164837689,Occasional / New Shoppers 🌱,Loyal Customers,533,3531.0,Bronze Tier 🥉
CUST-1175,53,Female,Los Angeles,72300.04,20,3768.0,188.4,427.0,50,0.0675,Bath & Body,358,736,0.82,3,2,-1,-0.16156518676482734,-0.8190771936424212,-0.16156518676482734,-0.8190771936424212,0.9557130545132382,Frequent Budget Buyers 🛍️,Lost Customers,123,3768.0,Silver Tier 🥈
CUST-1176,61,Female,Houston,38370.74,31,4688.0,151.23,427.0,82,0.0677,Skincare,1,1091,0.85,2,1,0,1.7926481650920354,2.0376579881309493,1.7926481650920354,2.0376579881309493,-0.2904905627197002,VIP Cosmetics Enthusiasts ✨,Champions,555,4688.0,Gold Tier 🥇
CUST-1177,23,Non-Binary,Dallas,49166.28,16,2471.0,154.44,405.0,34,0.0844,Makeup,2,1090,0.44,1,0,-1,-1.780422681791715,-0.22943442981437792,-1.780422681791715,-0.22943442981437792,1.250737547811242,Occasional / New Shoppers 🌱,New / Promising,311,2471.0,Bronze Tier 🥉
CUST-1178,30,Female,Seattle,112270.31,36,4093.0,113.69,335.0,94,0.0583,Haircare,1,1093,0.99,2,1,-1,1.2286932189292454,-0.6944514519416723,1.2286932189292454,-0.6944514519416723,-2.769189760569256,VIP Cosmetics Enthusiasts ✨,Champions,554,4093.0,Silver Tier 🥈
CUST-1179,54,Female,San Francisco,77886.46,20,2921.0,146.05,393.0,47,0.055,Fragrance,356,738,0.81,3,2,1,-1.5477862407517207,-0.25539458433553236,-1.5477862407517207,-0.25539458433553236,-0.7931157398300874,Frequent Budget Buyers 🛍️,Need Attention,222,2921.0,Bronze Tier 🥉
CUST-1180,63,Female,Dallas,65149.33,23,4439.0,193.0,427.0,54,0.0891,Haircare,356,736,0.94,3,2,-1,0.8082953019667499,-0.2418593198310203,0.8082953019667499,-0.2418593198310203,2.0859415113717623,Frequent Budget Buyers 🛍️,Need Attention,235,4439.0,Gold Tier 🥇
CUST-1181,64,Male,Dallas,55938.94,16,2582.0,161.38,427.0,43,0.075,Skincare,364,730,0.66,3,2,2,-2.0430058776298616,0.4979526299319692,-2.0430058776298616,0.4979526299319692,1.0926598311014348,Frequent Budget Buyers 🛍️,Lost Customers,111,2582.0,Bronze Tier 🥉
CUST-1182,33,Female,New York,79003.22,20,2963.0,148.15,324.0,48,0.05,Haircare,1,1093,0.55,0,0,0,-0.9949569413779492,-0.31139272095553777,-0.9949569413779492,-0.31139272095553777,-0.9908894823442729,Occasional / New Shoppers 🌱,New / Promising,522,2963.0,Bronze Tier 🥉
CUST-1183,26,Female,Los Angeles,48390.63,17,3835.0,225.59,427.0,32,0.0412,Bath & Body,1,1092,0.47,2,0,-1,0.6838424713487987,-1.029714716228084,0.6838424713487987,-1.029714716228084,0.8939532788048503,VIP Cosmetics Enthusiasts ✨,Potential Loyalists,513,3835.0,Silver Tier 🥈
CUST-1184,34,Male,Miami,48805.59,16,2391.0,149.44,393.0,40,0.0562,Fragrance,2,1092,0.44,0,0,0,-1.8971763674055573,0.44080250378895075,-1.8971763674055573,0.44080250378895075,-0.19437409975332642,Occasional / New Shoppers 🌱,New / Promising,311,2391.0,Bronze Tier 🥉
CUST-1185,54,Male,Seattle,71367.1,29,4595.0,158.45,427.0,77,0.0828,Makeup,2,1092,0.8,2,1,0,1.5582355891751793,0.7352577919336756,1.5582355891751793,0.7352577919336756,0.5415723257498829,VIP Cosmetics Enthusiasts ✨,Loyal Customers,355,4595.0,Gold Tier 🥇
CUST-1186,18,Male,Miami,89454.74,20,3148.0,157.4,427.0,48,0.0625,Skincare,2,1092,0.55,0,0,0,-0.7208844614669052,-1.4741937538213585,-0.7208844614669052,-1.4741937538213585,-0.31785442687573595,Occasional / New Shoppers 🌱,New / Promising,322,3148.0,Bronze Tier 🥉
CUST-1187,53,Female,Chicago,35742.66,24,3530.0,147.08,326.0,62,0.0833,Fragrance,1,1093,0.66,1,3,0,-0.06181406477298386,1.7280862052063473,-0.06181406477298386,1.7280862052063473,0.8058013430178773,Occasional / New Shoppers 🌱,Loyal Customers,533,3530.0,Bronze Tier 🥉
CUST-1188,39,Female,Seattle,91224.69,22,3147.0,143.05,341.0,57,0.0977,Skincare,2,1090,0.61,1,3,0,-0.7373398360993143,-0.3033438112180665,-0.7373398360993143,-0.3033438112180665,1.1212826340112405,Occasional / New Shoppers 🌱,New / Promising,322,3147.0,Bronze Tier 🥉
CUST-1189,18,Male,Houston,87519.5,17,2717.0,159.82,427.0,48,0.0706,Haircare,2,1092,0.47,0,0,0,-1.3894567090116496,-1.4787484701733233,-1.3894567090116496,-1.4787484701733233,0.36778247316614454,Occasional / New Shoppers 🌱,New / Promising,311,2717.0,Bronze Tier 🥉
CUST-1190,62,Female,Los Angeles,84523.3,18,3010.0,167.22,427.0,45,0.0833,Haircare,2,1091,0.49,1,0,0,-0.8809429470071855,0.6629011372186605,-0.8809429470071855,0.6629011372186605,1.5443293523759665,Occasional / New Shoppers 🌱,New / Promising,312,3010.0,Bronze Tier 🥉
CUST-1191,39,Female,Houston,87979.21,26,4358.0,167.62,427.0,64,0.0885,Bath & Body,1,1091,0.71,1,3,0,1.136872241106566,-0.5718220431318015,1.136872241106566,-0.5718220431318015,1.0417501178953676,Occasional / New Shoppers 🌱,Champions,544,4358.0,Silver Tier 🥈
CUST-1192,37,Male,Los Angeles,106820.71,18,3313.0,184.06,427.0,43,0.0444,Makeup,1,1090,0.5,0,0,-1,-0.35369820406464525,-1.319359267867764,-0.35369820406464525,-1.319359267867764,-0.3232350230793729,Occasional / New Shoppers 🌱,New / Promising,512,3313.0,Bronze Tier 🥉
CUST-1193,41,Female,Chicago,90428.24,29,5115.0,176.38,427.0,79,0.0448,Fragrance,2,1091,0.8,2,1,0,2.282702155133452,-0.6059845582199225,2.282702155133452,-0.6059845582199225,-1.1282927874649828,VIP Cosmetics Enthusiasts ✨,Loyal Customers,355,5115.0,Gold Tier 🥇
CUST-1194,30,Female,Los Angeles,38610.16,19,3238.0,170.42,418.0,42,0.1,Bath & Body,1,1092,0.52,1,3,-1,-0.5340800403202213,0.13019662686739997,-0.5340800403202213,0.13019662686739997,2.367894385167606,Occasional / New Shoppers 🌱,New / Promising,512,3238.0,Bronze Tier 🥉
CUST-1195,62,Male,Seattle,75026.37,28,4801.0,171.46,427.0,66,0.0625,Skincare,1,1091,0.77,2,1,0,1.8438876675355091,0.8730796542771383,1.8438876675355091,0.8730796542771383,-0.02083859505502022,VIP Cosmetics Enthusiasts ✨,Champions,555,4801.0,Gold Tier 🥇
CUST-1196,31,Female,Dallas,50211.87,14,1437.0,102.64,286.0,39,0.0821,Fragrance,357,733,0.57,3,2,-1,-4.224483615252352,-0.15781597627590535,-4.224483615252352,-0.15781597627590535,-0.20489227297292925,Frequent Budget Buyers 🛍️,Lost Customers,111,1437.0,Bronze Tier 🥉
CUST-1197,35,Female,Chicago,73124.95,24,3731.0,155.46,326.0,53,0.0646,Skincare,1,1091,0.66,0,0,0,0.21667648791660002,-0.18880391552339054,0.21667648791660002,-0.18880391552339054,-0.28966845801532415,Occasional / New Shoppers 🌱,Loyal Customers,533,3731.0,Silver Tier 🥈
CUST-1198,28,Female,Houston,72695.06,20,3582.0,179.1,389.0,48,0.105,Bath & Body,356,738,0.81,3,2,-1,-0.5174524727509432,-1.9853433330070276,-0.5174524727509432,-1.9853433330070276,2.370843031029867,Frequent Budget Buyers 🛍️,Need Attention,223,3582.0,Bronze Tier 🥉
CUST-1199,64,Male,Seattle,33708.33,17,3323.0,195.47,427.0,42,0.0765,Haircare,2,728,0.7,1,0,-1,-0.2285181454517322,1.6103316066318571,-0.2285181454517322,1.6103316066318571,2.3099146024333534,Occasional / New Shoppers 🌱,New / Promising,312,3323.0,Bronze Tier 🥉
CUST-1200,20,Female,Miami,112740.3,27,4683.0,173.44,427.0,66,0.0611,Fragrance,358,736,1.1,3,2,-1,1.1044055419107233,-3.2252402686383443,1.1044055419107233,-3.2252402686383443,-0.7597269850925321,Frequent Budget Buyers 🛍️,At Risk,145,4683.0,Gold Tier 🥇
CUST-1201,58,Female,Dallas,75621.99,33,5022.0,152.18,427.0,84,0.0485,Fragrance,356,738,1.34,2,2,-1,1.8072662213251691,-0.05338061458647905,1.8072662213251691,-0.05338061458647905,-1.79894107746096,VIP Cosmetics Enthusiasts ✨,Need Attention,255,5022.0,Gold Tier 🥇
CUST-1202,41,Female,Chicago,94974.65,21,3663.0,174.43,427.0,50,0.0667,Fragrance,356,737,0.85,3,2,1,-0.38444401102664694,-1.7607826890253275,-0.38444401102664694,-1.7607826890253275,0.2491746219900089,Frequent Budget Buyers 🛍️,Need Attention,223,3663.0,Silver Tier 🥈
CUST-1203,54,Female,Dallas,85237.95,26,4968.0,191.08,427.0,67,0.0788,Makeup,1,1093,0.71,2,1,0,2.041920374361786,-0.10206133645236556,2.041920374361786,-0.10206133645236556,1.313232226385557,VIP Cosmetics Enthusiasts ✨,Champions,545,4968.0,Gold Tier 🥇
CUST-1204,42,Non-Binary,Seattle,56079.69,21,3240.0,154.29,427.0,58,0.0667,Bath & Body,1,1091,0.58,0,0,0,-0.5406211946573236,0.5881645105977779,-0.5406211946573236,0.5881645105977779,0.14966273468663685,Occasional / New Shoppers 🌱,New / Promising,522,3240.0,Bronze Tier 🥉
CUST-1205,18,Female,Houston,32563.81,18,2935.0,163.06,382.0,42,0.0861,Fragrance,2,1092,0.49,1,3,-1,-1.017463083658275,-0.19488069973012742,-1.017463083658275,-0.19488069973012742,1.4719012537671294,Occasional / New Shoppers 🌱,New / Promising,312,2935.0,Bronze Tier 🥉
CUST-1206,34,Male,Dallas,64641.21,22,3856.0,175.27,400.0,58,0.0455,Bath & Body,356,737,0.9,3,2,1,-0.06528861231027724,-1.3450402165094235,-0.06528861231027724,-1.3450402165094235,-0.7548125856412515,Frequent Budget Buyers 🛍️,Can't Lose Them,124,3856.0,Silver Tier 🥈
CUST-1207,45,Female,Chicago,43498.69,19,3091.0,162.68,290.0,44,0.0711,Haircare,2,1091,0.52,0,0,0,-0.7515011229218657,0.9103407729724979,-0.7515011229218657,0.9103407729724979,0.8226348442241453,Occasional / New Shoppers 🌱,New / Promising,312,3091.0,Bronze Tier 🥉
CUST-1208,55,Female,Miami,88751.18,28,3802.0,135.79,394.0,76,0.0768,Haircare,2,1092,0.77,1,1,0,0.4184111206017317,0.715255565725351,0.4184111206017317,0.715255565725351,-0.3669232154434892,Occasional / New Shoppers 🌱,Loyal Customers,353,3802.0,Silver Tier 🥈
CUST-1209,34,Female,Seattle,48869.46,25,3827.0,153.08,323.0,67,0.052,Bath & Body,2,1090,0.69,0,1,0,0.39701751445107597,0.41154120374485437,0.39701751445107597,0.41154120374485437,-0.9254852985595121,Occasional / New Shoppers 🌱,Loyal Customers,343,3827.0,Silver Tier 🥈
CUST-1210,22,Male,Seattle,93002.59,22,4940.0,224.55,427.0,43,0.0795,Makeup,2,1092,0.6,2,1,-1,2.0761617509218246,-2.3891620377948293,2.0761617509218246,-2.3891620377948293,2.1577742470029166,VIP Cosmetics Enthusiasts ✨,Potential Loyalists,325,4940.0,Gold Tier 🥇
CUST-1211,23,Female,San Francisco,62572.32,19,3469.0,182.58,427.0,43,0.0684,Bath & Body,361,731,0.78,3,2,1,-0.6426061450112986,-1.9985510002461369,-0.6426061450112986,-1.9985510002461369,0.7003435859290958,Frequent Budget Buyers 🛍️,Lost Customers,113,3469.0,Bronze Tier 🥉
CUST-1212,26,Male,Chicago,88589.43,24,4196.0,174.83,427.0,48,0.0688,Haircare,1,1093,0.66,2,0,0,0.8946383019463646,-1.3173901559217898,0.8946383019463646,-1.3173901559217898,0.2549491784219501,VIP Cosmetics Enthusiasts ✨,Loyal Customers,534,4196.0,Silver Tier 🥈
CUST-1213,30,Female,Chicago,81941.52,30,5330.0,177.67,427.0,67,0.0683,Skincare,2,1092,0.82,2,1,0,2.572612896545866,-0.9993888135830681,2.572612896545866,-0.9993888135830681,-0.034587728223854454,VIP Cosmetics Enthusiasts ✨,Loyal Customers,355,5330.0,Platinum Tier 💎
CUST-1214,31,Female,Dallas,73480.56,22,4036.0,183.45,427.0,52,0.0568,Makeup,1,1093,0.6,2,1,0,0.6974396001920037,-0.8088327219103196,0.6974396001920037,-0.8088327219103196,0.14310852574578195,VIP Cosmetics Enthusiasts ✨,Potential Loyalists,524,4036.0,Silver Tier 🥈
CUST-1215,26,Female,San Francisco,68663.01,30,3904.0,130.13,320.0,80,0.075,Bath & Body,2,1092,0.82,2,1,0,0.6362888633371193,-0.1376700821407005,0.6362888633371193,-0.1376700821407005,-0.8888881242644294,VIP Cosmetics Enthusiasts ✨,Loyal Customers,354,3904.0,Silver Tier 🥈
CUST-1216,27,Female,New York,83531.63,32,4220.0,131.88,427.0,82,0.0594,Bath & Body,1,1093,0.88,2,1,0,1.1648860688244418,-0.44781571192105535,1.1648860688244418,-0.44781571192105535,-1.837556922007327,VIP Cosmetics Enthusiasts ✨,Champions,554,4220.0,Silver Tier 🥈
CUST-1217,31,Female,Chicago,52340.08,18,3219.0,178.83,427.0,49,0.0639,Bath & Body,2,1091,0.49,0,0,0,-0.5053539167088053,-0.232453870380631,-0.5053539167088053,-0.232453870380631,0.7725956045120734,Occasional / New Shoppers 🌱,New / Promising,312,3219.0,Bronze Tier 🥉
CUST-1218,62,Male,Seattle,111835.6,19,2875.0,151.32,427.0,51,0.0474,Bath & Body,1,1093,0.52,0,0,0,-1.1262814774533036,0.28079106073122334,-1.1262814774533036,0.28079106073122334,-0.8937744550089521,Occasional / New Shoppers 🌱,New / Promising,511,2875.0,Bronze Tier 🥉
CUST-1219,49,Female,New York,70341.15,24,3412.0,142.17,427.0,62,0.0771,Fragrance,356,738,0.98,3,2,1,-0.7573445471450685,-0.28128904717324815,-0.7573445471450685,-0.28128904717324815,-0.05903639550970981,Frequent Budget Buyers 🛍️,At Risk,133,3412.0,Bronze Tier 🥉
CUST-1220,43,Male,Dallas,82046.85,27,4221.0,156.33,385.0,66,0.0796,Fragrance,356,738,1.1,3,2,-1,0.4739146612145728,-1.0809860006194387,0.4739146612145728,-1.0809860006194387,0.10851405632067512,Frequent Budget Buyers 🛍️,At Risk,144,4221.0,Silver Tier 🥈
CUST-1221,26,Female,New York,56935.09,18,2810.0,156.11,427.0,45,0.0583,Haircare,356,737,0.73,3,2,1,-1.7182813414309106,-1.293012555104011,-1.7182813414309106,-1.293012555104011,-0.36461406774915195,Frequent Budget Buyers 🛍️,Lost Customers,111,2810.0,Bronze Tier 🥉
CUST-1222,64,Female,San Francisco,104925.83,21,3535.0,168.33,337.0,60,0.0881,Skincare,1,1092,0.58,1,3,0,-0.09724096589840199,0.24283904741293813,-0.09724096589840199,0.24283904741293813,1.5126816630535462,Occasional / New Shoppers 🌱,Potential Loyalists,523,3535.0,Bronze Tier 🥉
CUST-1223,50,Female,New York,68411.12,18,2766.0,153.67,427.0,51,0.05,Makeup,1,1091,0.49,0,0,0,-1.2777363325482005,0.7106666087753816,-1.2777363325482005,0.7106666087753816,-0.497650168704754,Occasional / New Shoppers 🌱,New / Promising,511,2766.0,Bronze Tier 🥉
CUST-1224,25,Male,Dallas,69539.66,28,4868.0,173.86,427.0,75,0.0625,Fragrance,1,1093,0.77,2,1,0,1.9103230777951639,-0.8732660351775675,1.9103230777951639,-0.8732660351775675,-0.2622834740461965,VIP Cosmetics Enthusiasts ✨,Champions,555,4868.0,Gold Tier 🥇
CUST-1225,39,Male,Seattle,67056.83,26,4481.0,172.35,381.0,57,0.075,Makeup,1,1092,0.71,2,1,0,1.3394246817039437,-0.11001464984345719,1.3394246817039437,-0.11001464984345719,0.6040233226322737,VIP Cosmetics Enthusiasts ✨,Champions,545,4481.0,Gold Tier 🥇
CUST-1226,23,Male,San Francisco,82136.51,27,5382.0,199.33,427.0,74,0.0815,Skincare,356,738,1.1,2,1,-1,2.1068367058489383,-2.745008201168152,2.1068367058489383,-2.745008201168152,1.1360573996666636,VIP Cosmetics Enthusiasts ✨,At Risk,145,5382.0,Platinum Tier 💎
CUST-1227,61,Female,Dallas,94632.31,22,2709.0,123.14,307.0,55,0.0568,Fragrance,2,1088,0.61,0,0,0,-1.3748957000615047,1.066663773111689,-1.3748957000615047,1.066663773111689,-1.270095929609884,Occasional / New Shoppers 🌱,New / Promising,321,2709.0,Bronze Tier 🥉
CUST-1228,35,Female,Dallas,24765.0,24,3245.0,135.21,427.0,55,0.05,Fragrance,1,1093,0.66,0,0,0,-0.47075496502375724,1.3288853942175332,-0.47075496502375724,1.3288853942175332,-1.2755237455735295,Occasional / New Shoppers 🌱,Lost Customers,532,3245.0,Bronze Tier 🥉
CUST-1229,47,Female,Houston,82441.52,19,3123.0,164.37,427.0,45,0.0526,Bath & Body,2,1091,0.52,0,0,0,-0.7053358234238246,0.0536833550054973,-0.7053358234238246,0.0536833550054973,-0.2641237386666167,Occasional / New Shoppers 🌱,New / Promising,312,3123.0,Bronze Tier 🥉
CUST-1230,28,Female,San Francisco,105913.88,24,3757.0,156.54,427.0,58,0.0688,Fragrance,357,736,0.98,3,2,1,-0.2738693687181491,-2.411891388735039,-0.2738693687181491,-2.411891388735039,-0.494279566523321,Frequent Budget Buyers 🛍️,At Risk,133,3757.0,Silver Tier 🥈
CUST-1231,64,Female,Dallas,64355.77,29,3602.0,124.21,372.0,74,0.0914,Makeup,1,1092,0.8,1,3,-1,0.19745814872168485,1.9297649699880415,0.19745814872168485,1.9297649699880415,0.21814115703440348,Occasional / New Shoppers 🌱,Loyal Customers,553,3602.0,Silver Tier 🥈
CUST-1232,59,Female,Los Angeles,58811.7,29,5261.0,181.41,427.0,82,0.0638,Makeup,1,1093,0.8,2,1,0,2.5049457881720905,0.9662911656380448,2.5049457881720905,0.9662911656380448,0.2976882920306671,VIP Cosmetics Enthusiasts ✨,Champions,555,5261.0,Platinum Tier 💎
CUST-1233,46,Female,New York,79315.73,28,3661.0,130.75,338.0,71,0.075,Bath & Body,2,1087,0.77,1,1,0,0.22107140344829523,0.5794446431911121,0.22107140344829523,0.5794446431911121,-0.6159883825780067,Occasional / New Shoppers 🌱,Loyal Customers,353,3661.0,Silver Tier 🥈
CUST-1234,59,Female,Dallas,91586.69,23,3601.0,156.57,394.0,48,0.0848,Skincare,2,1088,0.63,1,3,0,0.0017119560993600167,0.5024899980074071,0.0017119560993600167,0.5024899980074071,0.9344984122807074,Occasional / New Shoppers 🌱,Loyal Customers,333,3601.0,Silver Tier 🥈
CUST-1235,53,Male,Chicago,69560.4,19,2892.0,152.21,427.0,50,0.0553,Makeup,1,1092,0.52,0,0,0,-1.0843809037360268,0.8478289403165651,-1.0843809037360268,0.8478289403165651,-0.316971872257784,Occasional / New Shoppers 🌱,New / Promising,511,2892.0,Bronze Tier 🥉
CUST-1236,31,Non-Binary,Miami,61180.75,20,2746.0,137.3,350.0,45,0.08,Bath & Body,1,1093,0.55,0,0,0,-1.3676254488054764,0.14487175589663734,-1.3676254488054764,0.14487175589663734,0.3167243276017245,Occasional / New Shoppers 🌱,New / Promising,521,2746.0,Bronze Tier 🥉
CUST-1237,41,Non-Binary,Miami,112394.47,17,2813.0,165.47,337.0,46,0.0618,Skincare,1,1093,0.47,0,0,-1,-1.204434950084887,-1.0110255764504656,-1.204434950084887,-1.0110255764504656,0.14091187042595804,Occasional / New Shoppers 🌱,New / Promising,511,2813.0,Bronze Tier 🥉
CUST-1238,19,Male,San Francisco,74168.15,29,5542.0,191.1,427.0,73,0.0552,Skincare,2,1092,0.8,2,1,0,2.8543873099394506,-1.54664268406546,2.8543873099394506,-1.54664268406546,-0.3322849315087513,VIP Cosmetics Enthusiasts ✨,Loyal Customers,355,5542.0,Platinum Tier 💎
CUST-1239,48,Female,New York,87768.42,19,2815.0,148.16,304.0,53,0.0842,Skincare,1,1092,0.52,1,3,0,-1.2544981854739061,0.16858215886237765,-1.2544981854739061,0.16858215886237765,0.881759730631205,Occasional / New Shoppers 🌱,New / Promising,511,2815.0,Bronze Tier 🥉
CUST-1240,38,Male,Seattle,26584.53,16,2741.0,171.31,427.0,41,0.05,Haircare,359,734,0.65,3,2,-1,-1.7215484500919958,-0.16876824916206407,-1.7215484500919958,-0.16876824916206407,0.028176780115203446,Frequent Budget Buyers 🛍️,Lost Customers,111,2741.0,Bronze Tier 🥉
CUST-1241,38,Female,Houston,51559.56,21,3432.0,163.43,340.0,53,0.081,Haircare,2,1092,0.58,1,3,0,-0.24568720968861008,0.3402639823891141,-0.24568720968861008,0.3402639823891141,1.093969048968798,Occasional / New Shoppers 🌱,Potential Loyalists,323,3432.0,Bronze Tier 🥉
CUST-1242,48,Female,Los Angeles,73860.28,26,3545.0,136.35,359.0,55,0.0558,Skincare,357,737,1.06,3,2,1,-0.4953591924990749,-0.2947338558431894,-0.4953591924990749,-0.2947338558431894,-1.4454872600809028,Frequent Budget Buyers 🛍️,At Risk,143,3545.0,Bronze Tier 🥉
CUST-1243,40,Female,Dallas,44726.14,24,3603.0,150.12,427.0,67,0.0562,Haircare,357,737,0.98,3,2,1,-0.4456479517063134,-0.19287261286811072,-0.4456479517063134,-0.19287261286811072,-0.8403851519412444,Frequent Budget Buyers 🛍️,At Risk,133,3603.0,Silver Tier 🥈
CUST-1244,38,Male,Seattle,62090.18,29,4169.0,143.76,340.0,83,0.0448,Skincare,2,1089,0.8,2,0,0,0.9951741995256129,0.4495393642745571,0.9951741995256129,0.4495393642745571,-1.839710990662766,VIP Cosmetics Enthusiasts ✨,Loyal Customers,354,4169.0,Silver Tier 🥈
CUST-1245,60,Male,Houston,42676.64,26,4071.0,156.58,427.0,73,0.0712,Skincare,1,1093,0.71,2,1,0,0.7824511485920441,1.7835675073945627,0.7824511485920441,1.7835675073945627,0.33186017845279125,VIP Cosmetics Enthusiasts ✨,Champions,544,4071.0,Silver Tier 🥈
CUST-1246,64,Female,Chicago,35222.54,25,3543.0,141.72,427.0,57,0.078,Bath & Body,1,1092,0.69,1,0,0,-0.00770858742724889,2.3810689515517267,-0.00770858742724889,2.3810689515517267,0.4348349380737454,Occasional / New Shoppers 🌱,Loyal Customers,543,3543.0,Bronze Tier 🥉
CUST-1247,54,Female,Miami,74944.45,19,2679.0,141.0,365.0,42,0.0553,Fragrance,1,1089,0.52,0,0,0,-1.447991629419646,0.9303315565971817,-1.447991629419646,0.9303315565971817,-0.6294408598356128,Occasional / New Shoppers 🌱,New / Promising,511,2679.0,Bronze Tier 🥉
CUST-1248,54,Female,New York,79261.01,17,2144.0,126.12,427.0,47,0.0735,Skincare,1,1092,0.47,0,0,0,-2.388016956394013,1.0083296000533748,-2.388016956394013,1.0083296000533748,0.009968260864270155,Occasional / New Shoppers 🌱,New / Promising,511,2144.0,Bronze Tier 🥉
CUST-1249,43,Female,Dallas,57035.07,23,2829.0,123.0,346.0,55,0.0478,Skincare,1,1093,0.63,0,0,0,-1.1426081544659894,1.117171145158302,-1.1426081544659894,1.117171145158302,-1.7441102000235902,Occasional / New Shoppers 🌱,Lost Customers,531,2829.0,Bronze Tier 🥉
CUST-1250,40,Female,Chicago,66245.13,17,3947.0,232.18,427.0,43,0.0676,Bath & Body,1,1093,0.47,1,0,-1,0.8643300222663058,-0.9052664009764723,0.8643300222663058,-0.9052664009764723,2.4173559508614337,Occasional / New Shoppers 🌱,Potential Loyalists,514,3947.0,Silver Tier 🥈
CUST-1251,24,Non-Binary,Miami,79505.8,11,2138.0,194.36,412.0,22,0.0364,Skincare,2,1089,0.3,0,0,-1,-1.939123613979732,-1.4280752493814362,-1.939123613979732,-1.4280752493814362,0.059202004118563516,Occasional / New Shoppers 🌱,New / Promising,311,2138.0,Bronze Tier 🥉
CUST-1252,39,Female,Seattle,74182.81,26,3166.0,121.77,313.0,69,0.0596,Fragrance,1,1090,0.72,0,0,0,-0.5555970060629603,0.5115827106118663,-0.5555970060629603,0.5115827106118663,-1.5199043003822048,Occasional / New Shoppers 🌱,Lost Customers,542,3166.0,Bronze Tier 🥉
CUST-1253,60,Female,Houston,44683.86,25,4345.0,173.8,427.0,62,0.062,Bath & Body,1,1093,0.69,2,1,0,1.1782155747034744,1.4833277885563119,1.1782155747034744,1.4833277885563119,0.37294413647952745,VIP Cosmetics Enthusiasts ✨,Champions,544,4345.0,Silver Tier 🥈
CUST-1254,46,Female,Houston,80897.1,24,3866.0,161.08,427.0,63,0.0687,Bath & Body,1,1093,0.66,1,0,0,0.42035373305543366,0.0771798688317718,0.42035373305543366,0.0771798688317718,0.1176217529757854,Occasional / New Shoppers 🌱,Loyal Customers,534,3866.0,Silver Tier 🥈
CUST-1255,50,Male,Miami,72986.99,23,3412.0,148.35,427.0,59,0.0783,Haircare,1,1089,0.63,1,3,0,-0.27723805152567144,0.6476774860061589,-0.27723805152567144,0.6476774860061589,0.4188029136530035,Occasional / New Shoppers 🌱,Loyal Customers,533,3412.0,Bronze Tier 🥉
CUST-1256,58,Female,Houston,47756.97,26,3480.0,133.85,427.0,59,0.0673,Skincare,1,1092,0.71,0,0,0,-0.07455636695377534,1.9126585263912774,-0.07455636695377534,1.9126585263912774,-0.4995362349279284,Occasional / New Shoppers 🌱,Loyal Customers,543,3480.0,Bronze Tier 🥉
CUST-1257,20,Female,Miami,71545.29,23,4299.0,186.91,427.0,54,0.05,Fragrance,356,737,0.94,3,2,-1,0.5854140683507204,-2.394319409560502,0.5854140683507204,-2.394319409560502,-0.4608553321853538,Frequent Budget Buyers 🛍️,At Risk,134,4299.0,Silver Tier 🥈
CUST-1258,36,Female,Dallas,85151.14,32,5495.0,171.72,380.0,81,0.0688,Bath & Body,2,1090,0.88,2,1,0,2.846662464759402,-0.6858086712766228,2.846662464759402,-0.6858086712766228,-0.2641185184358106,VIP Cosmetics Enthusiasts ✨,Loyal Customers,355,5495.0,Platinum Tier 💎
CUST-1259,23,Female,San Francisco,71694.39,20,3161.0,158.05,427.0,46,0.0675,Fragrance,356,734,0.82,3,2,1,-1.184308339073415,-1.8439889554579338,-1.184308339073415,-1.8439889554579338,-0.09898908992871205,Frequent Budget Buyers 🛍️,Lost Customers,122,3161.0,Bronze Tier 🥉
CUST-1260,18,Male,Houston,63645.12,19,3149.0,165.74,427.0,50,0.0553,Bath & Body,1,1091,0.52,0,0,0,-0.6742372490649666,-0.9504381441236188,-0.6742372490649666,-0.9504381441236188,-0.24861058985630788,Occasional / New Shoppers 🌱,New / Promising,512,3149.0,Bronze Tier 🥉
CUST-1261,29,Female,Los Angeles,48257.34,27,5088.0,188.44,427.0,51,0.0815,Haircare,1,1091,0.74,2,1,0,2.213243235174843,-0.40259665355380286,2.213243235174843,-0.40259665355380286,1.2942189695503437,VIP Cosmetics Enthusiasts ✨,Champions,545,5088.0,Gold Tier 🥇
CUST-1262,64,Female,Los Angeles,72800.44,23,3412.0,148.35,284.0,54,0.0413,Haircare,1,1090,0.63,0,0,0,-0.2349770155803263,1.4034610400407435,-0.2349770155803263,1.4034610400407435,-1.3121939624032948,Occasional / New Shoppers 🌱,Loyal Customers,533,3412.0,Bronze Tier 🥉
CUST-1263,19,Female,Houston,68532.58,20,3089.0,154.45,305.0,51,0.1125,Fragrance,356,736,0.82,3,2,-1,-1.3413393502390984,-1.977170331626982,-1.3413393502390984,-1.977170331626982,2.049665985129933,Frequent Budget Buyers 🛍️,Lost Customers,122,3089.0,Bronze Tier 🥉
CUST-1264,51,Non-Binary,Los Angeles,33944.79,24,3708.0,154.5,427.0,48,0.0667,Skincare,1,1088,0.66,0,1,0,0.21894545848684907,1.5841885322981444,0.21894545848684907,1.5841885322981444,0.15634327004838777,Occasional / New Shoppers 🌱,Loyal Customers,533,3708.0,Silver Tier 🥈
CUST-1265,47,Female,New York,27903.64,25,3642.0,145.68,427.0,60,0.062,Makeup,1,1093,0.69,0,1,0,0.1418628816344593,1.676575868770688,0.1418628816344593,1.676575868770688,-0.3787116329302954,Occasional / New Shoppers 🌱,Loyal Customers,543,3642.0,Silver Tier 🥈
CUST-1266,18,Female,Chicago,60712.53,18,2495.0,138.61,427.0,41,0.0611,Makeup,356,732,0.74,3,2,1,-2.2796667778472472,-1.5324209013303904,-2.2796667778472472,-1.5324209013303904,-0.7722949220977499,Frequent Budget Buyers 🛍️,Lost Customers,111,2495.0,Bronze Tier 🥉
CUST-1267,43,Female,Chicago,88917.16,23,2991.0,130.04,410.0,61,0.0913,Bath & Body,1,1092,0.63,1,3,0,-0.9503057867316979,0.1639053194469304,-0.9503057867316979,0.1639053194469304,0.44393718685613787,Occasional / New Shoppers 🌱,Lost Customers,532,2991.0,Bronze Tier 🥉
CUST-1268,51,Female,Seattle,83393.57,25,3850.0,154.0,329.0,57,0.08,Makeup,1,1093,0.69,1,3,0,0.4013132435392279,0.35795833417910566,0.4013132435392279,0.35795833417910566,0.4645666818001771,Occasional / New Shoppers 🌱,Loyal Customers,543,3850.0,Silver Tier 🥈
CUST-1269,26,Female,New York,67067.92,34,4103.0,120.68,334.0,92,0.0735,Bath & Body,1,1093,0.93,2,1,0,1.124237737584274,0.07387692337529275,1.124237737584274,0.07387692337529275,-1.4708682676468288,VIP Cosmetics Enthusiasts ✨,Champions,554,4103.0,Silver Tier 🥈
CUST-1270,62,Male,New York,71268.75,29,5324.0,183.59,427.0,80,0.0983,Makeup,2,1092,0.8,2,1,-1,2.556595257981631,0.7226892343771067,2.556595257981631,0.7226892343771067,2.0434996869689597,VIP Cosmetics Enthusiasts ✨,Loyal Customers,355,5324.0,Platinum Tier 💎
CUST-1271,42,Female,Chicago,52971.15,23,3331.0,144.83,340.0,65,0.0717,Bath & Body,1,1093,0.63,0,0,0,-0.389920232284702,0.8039610102617064,-0.389920232284702,0.8039610102617064,0.03644403940721733,Occasional / New Shoppers 🌱,Lost Customers,532,3331.0,Bronze Tier 🥉
CUST-1272,54,Female,Dallas,50995.6,30,5583.0,186.1,427.0,76,0.0617,Bath & Body,1,1093,0.82,2,1,0,2.962844426963282,0.8387520448547605,2.962844426963282,0.8387520448547605,0.24378140257611278,VIP Cosmetics Enthusiasts ✨,Champions,555,5583.0,Platinum Tier 💎
CUST-1273,38,Female,Dallas,90873.37,24,3636.0,151.5,427.0,67,0.0542,Bath & Body,1,1091,0.66,0,0,0,0.07348727825606925,-0.4009645219812545,0.07348727825606925,-0.4009645219812545,-0.9876332914805219,Occasional / New Shoppers 🌱,Loyal Customers,533,3636.0,Silver Tier 🥈
CUST-1274,23,Female,Dallas,66970.13,21,3543.0,168.71,412.0,56,0.0595,Fragrance,2,1091,0.58,0,0,0,-0.07217583198220007,-0.8341936930053785,-0.07217583198220007,-0.8341936930053785,-0.07143268562341314,Occasional / New Shoppers 🌱,Potential Loyalists,323,3543.0,Bronze Tier 🥉
CUST-1275,26,Non-Binary,Dallas,80466.12,22,3649.0,165.86,427.0,60,0.0705,Bath & Body,2,1092,0.6,1,0,0,0.0687572546598533,-0.9890973015293784,0.0687572546598533,-0.9890973015293784,0.28983243005980164,Occasional / New Shoppers 🌱,Potential Loyalists,323,3649.0,Silver Tier 🥈
CUST-1276,35,Female,Houston,64684.39,27,4885.0,180.93,366.0,67,0.063,Bath & Body,1,1093,0.74,2,1,0,1.934331607959101,-0.3653404524594716,1.934331607959101,-0.3653404524594716,0.13213746474671587,VIP Cosmetics Enthusiasts ✨,Champions,545,4885.0,Gold Tier 🥇
CUST-1277,58,Female,San Francisco,88179.0,25,4711.0,188.44,427.0,51,0.054,Bath & Body,1,1090,0.69,2,1,0,1.6946443776470916,0.1020180208899198,1.6946443776470916,0.1020180208899198,0.08729295211701318,VIP Cosmetics Enthusiasts ✨,Champions,545,4711.0,Gold Tier 🥇
CUST-1278,34,Female,Seattle,82713.24,19,2717.0,143.0,427.0,50,0.0605,Fragrance,1,1093,0.52,0,0,0,-1.4096009684983615,-0.2946397482563889,-1.4096009684983615,-0.2946397482563889,-0.5408586293228662,Occasional / New Shoppers 🌱,New / Promising,511,2717.0,Bronze Tier 🥉
CUST-1279,34,Female,Chicago,86947.34,22,3255.0,147.95,427.0,54,0.0659,Haircare,1,1093,0.6,0,0,0,-0.5418864916650471,-0.47192429200803226,-0.5418864916650471,-0.47192429200803226,-0.36954281215793455,Occasional / New Shoppers 🌱,New / Promising,522,3255.0,Bronze Tier 🥉
CUST-1280,24,Male,Dallas,28260.58,20,3337.0,166.85,303.0,41,0.09,Fragrance,2,1090,0.55,1,3,-1,-0.3874780668182365,0.15081688665699475,-0.3874780668182365,0.15081688665699475,1.7079574047471815,Occasional / New Shoppers 🌱,New / Promising,322,3337.0,Bronze Tier 🥉
CUST-1281,41,Female,Miami,68537.39,18,2895.0,160.83,427.0,48,0.0861,Fragrance,1,1092,0.49,1,3,0,-1.0899299036217918,0.102000012368304,-1.0899299036217918,0.102000012368304,1.41972437593794,Occasional / New Shoppers 🌱,New / Promising,511,2895.0,Bronze Tier 🥉
CUST-1282,28,Male,Chicago,92710.31,24,4781.0,199.21,427.0,55,0.0562,Haircare,1,1093,0.66,2,1,0,1.7834764791463853,-1.6702377902800158,1.7834764791463853,-1.6702377902800158,0.24889626805479875,VIP Cosmetics Enthusiasts ✨,Loyal Customers,535,4781.0,Gold Tier 🥇
CUST-1283,56,Male,San Francisco,45161.14,18,2653.0,147.39,427.0,45,0.0583,Bath & Body,1,1089,0.5,0,0,0,-1.4619063924806615,1.6617717804888614,-1.4619063924806615,1.6617717804888614,-0.0586539568834358,Occasional / New Shoppers 🌱,New / Promising,511,2653.0,Bronze Tier 🥉
CUST-1284,57,Female,Houston,90210.28,23,3433.0,149.26,427.0,64,0.1022,Haircare,2,1092,0.63,1,3,0,-0.2713375767984729,0.5216783830071485,-0.2713375767984729,0.5216783830071485,1.6086455612992743,Occasional / New Shoppers 🌱,Loyal Customers,333,3433.0,Bronze Tier 🥉
CUST-1285,60,Non-Binary,Dallas,64206.95,17,2794.0,164.35,328.0,43,0.0618,Bath & Body,356,738,0.69,3,2,2,-1.6895893645686986,0.09583218239243116,-1.6895893645686986,0.09583218239243116,0.3600829935501229,Frequent Budget Buyers 🛍️,Lost Customers,111,2794.0,Bronze Tier 🥉
CUST-1286,55,Female,New York,110051.23,19,2977.0,156.68,427.0,45,0.0474,Skincare,359,732,0.78,3,2,-1,-1.4602358320415334,-1.1540628149611192,-1.4602358320415334,-1.1540628149611192,-1.004426793554939,Frequent Budget Buyers 🛍️,Lost Customers,112,2977.0,Bronze Tier 🥉
CUST-1287,39,Female,San Francisco,39915.73,21,3645.0,173.57,427.0,44,0.0429,Fragrance,1,1091,0.58,0,1,0,0.13765823573941416,0.5834356165474958,0.13765823573941416,0.5834356165474958,-0.4815237793979552,Occasional / New Shoppers 🌱,Potential Loyalists,523,3645.0,Silver Tier 🥈
CUST-1288,22,Non-Binary,Los Angeles,108427.08,22,3546.0,161.18,427.0,50,0.0705,Skincare,1,1093,0.6,1,0,0,-0.11279290760022852,-1.8033713060440257,-0.11279290760022852,-1.8033713060440257,-0.024747565076734555,Occasional / New Shoppers 🌱,Potential Loyalists,523,3546.0,Bronze Tier 🥉
CUST-1289,39,Female,Houston,35477.15,18,2505.0,139.17,269.0,49,0.0583,Bath & Body,1,1089,0.5,0,0,0,-1.7282565707777342,1.1731035550542244,-1.7282565707777342,1.1731035550542244,-0.3713598494711101,Occasional / New Shoppers 🌱,New / Promising,511,2505.0,Bronze Tier 🥉
CUST-1290,23,Female,Chicago,122135.23,18,3237.0,179.83,427.0,54,0.0583,Fragrance,2,1088,0.5,0,0,-1,-0.5209238336868445,-2.3550119923147266,-0.5209238336868445,-2.3550119923147266,0.05168051710203167,Occasional / New Shoppers 🌱,New / Promising,312,3237.0,Bronze Tier 🥉
CUST-1291,24,Male,Seattle,90757.23,17,2526.0,148.59,427.0,37,0.0618,Fragrance,356,738,0.69,3,2,1,-2.219922079161132,-2.122247323359776,-2.219922079161132,-2.122247323359776,-0.5246356849713374,Frequent Budget Buyers 🛍️,Lost Customers,111,2526.0,Bronze Tier 🥉
CUST-1292,43,Female,Dallas,87496.63,33,4530.0,137.27,331.0,85,0.0788,Fragrance,1,1092,0.91,2,1,0,1.618031276182715,0.14227117319193572,1.618031276182715,0.14227117319193572,-0.6695648287593264,VIP Cosmetics Enthusiasts ✨,Champions,555,4530.0,Gold Tier 🥇
CUST-1293,33,Female,Dallas,53458.4,22,3405.0,154.77,358.0,51,0.0659,Haircare,2,1092,0.6,0,0,0,-0.28713939672703226,0.19709095870380486,-0.28713939672703226,0.19709095870380486,-0.013493832883669048,Occasional / New Shoppers 🌱,Potential Loyalists,323,3405.0,Bronze Tier 🥉
CUST-1294,39,Male,Los Angeles,48989.73,21,3138.0,149.43,321.0,42,0.1,Haircare,1,1089,0.58,1,0,0,-0.7299376873558137,0.6374252928606301,-0.7299376873558137,0.6374252928606301,1.7091034411741262,Occasional / New Shoppers 🌱,New / Promising,522,3138.0,Bronze Tier 🥉
CUST-1295,61,Female,New York,70857.46,21,3000.0,142.86,427.0,46,0.0452,Makeup,1,1093,0.58,0,0,0,-0.9023043540099772,1.3728947916250458,-0.9023043540099772,1.3728947916250458,-1.1385016615264356,Occasional / New Shoppers 🌱,New / Promising,522,3000.0,Bronze Tier 🥉
CUST-1296,41,Male,Chicago,73493.58,14,1887.0,134.79,324.0,30,0.0429,Fragrance,1,1093,0.38,0,0,-1,-2.7890995517972135,0.4092529612264559,-2.7890995517972135,0.4092529612264559,-1.1825474914645926,Occasional / New Shoppers 🌱,New / Promising,511,1887.0,Bronze Tier 🥉
CUST-1297,34,Female,Chicago,70557.8,18,2236.0,124.22,264.0,40,0.075,Haircare,2,1092,0.49,0,0,0,-2.239889539900934,0.25268722008048866,-2.239889539900934,0.25268722008048866,-0.1643612070680531,Occasional / New Shoppers 🌱,New / Promising,311,2236.0,Bronze Tier 🥉
CUST-1298,53,Female,Miami,98209.29,14,2426.0,173.29,307.0,40,0.1071,Bath & Body,1,1092,0.38,1,3,-1,-1.7572053073531626,-0.24437998908303316,-1.7572053073531626,-0.24437998908303316,3.0135647931343765,Occasional / New Shoppers 🌱,New / Promising,511,2426.0,Bronze Tier 🥉
CUST-1299,47,Female,Miami,83492.56,27,4141.0,153.37,427.0,70,0.063,Haircare,1,1093,0.74,2,1,0,0.8740110114756598,0.19444062939909526,0.8740110114756598,0.19444062939909526,-0.578978412826951,VIP Cosmetics Enthusiasts ✨,Champions,544,4141.0,Silver Tier 🥈
CUST-1300,59,Female,Miami,46603.7,23,4474.0,194.52,427.0,56,0.0652,Skincare,362,731,0.94,3,2,-1,0.8818092407253012,0.009038119282844998,0.8818092407253012,0.009038119282844998,0.9898428812984112,Frequent Budget Buyers 🛍️,At Risk,135,4474.0,Gold Tier 🥇
CUST-1301,28,Male,Seattle,80137.69,30,3740.0,124.67,317.0,84,0.0667,Bath & Body,1,1090,0.83,2,1,0,0.41628211897458867,-0.21992224975792124,0.41628211897458867,-0.21992224975792124,-1.493055366764955,VIP Cosmetics Enthusiasts ✨,Loyal Customers,553,3740.0,Silver Tier 🥈
CUST-1302,37,Female,Miami,98572.83,27,4381.0,162.26,427.0,60,0.0759,Haircare,356,737,1.1,3,2,-1,0.6889408631182782,-1.8726271691869643,0.6889408631182782,-1.8726271691869643,-0.07115864781857394,Frequent Budget Buyers 🛍️,At Risk,144,4381.0,Silver Tier 🥈
CUST-1303,50,Female,Dallas,90311.17,26,3468.0,133.38,294.0,56,0.0385,Fragrance,1,1093,0.71,0,0,-1,-0.10246262850541081,0.5156432616349815,-0.10246262850541081,0.5156432616349815,-2.2705154647108494,Occasional / New Shoppers 🌱,Loyal Customers,543,3468.0,Bronze Tier 🥉
CUST-1304,19,Male,San Francisco,131625.53,21,3352.0,159.62,394.0,46,0.0786,Fragrance,356,737,0.85,3,2,-1,-0.936071770259758,-3.555627925992281,-0.936071770259758,-3.555627925992281,0.05716578907613094,Frequent Budget Buyers 🛍️,Lost Customers,122,3352.0,Bronze Tier 🥉
CUST-1305,59,Female,San Francisco,106699.33,22,3401.0,154.59,340.0,58,0.0932,Makeup,1,1090,0.61,1,3,0,-0.3269278499319248,0.149310205156969,-0.3269278499319248,0.149310205156969,1.2887819532034268,Occasional / New Shoppers 🌱,New / Promising,522,3401.0,Bronze Tier 🥉
CUST-1306,50,Female,New York,68427.67,29,5433.0,187.34,404.0,75,0.0707,Makeup,1,1093,0.8,2,1,0,2.7224918851239304,0.1788349975406881,2.7224918851239304,0.1788349975406881,0.6621760993605206,VIP Cosmetics Enthusiasts ✨,Champions,555,5433.0,Platinum Tier 💎
CUST-1307,49,Female,Miami,84194.99,30,4318.0,143.93,297.0,76,0.1033,Haircare,1,1093,0.82,1,1,-1,1.1857087952304624,0.372681417356661,1.1857087952304624,0.372681417356661,1.0105556411608168,Occasional / New Shoppers 🌱,Champions,554,4318.0,Silver Tier 🥈
CUST-1308,23,Male,Chicago,69178.18,18,3134.0,174.11,427.0,38,0.0694,Fragrance,2,1090,0.5,0,0,0,-0.6757675078702217,-0.9842857471736309,-0.6757675078702217,-0.9842857471736309,0.7590308827926958,Occasional / New Shoppers 🌱,New / Promising,312,3134.0,Bronze Tier 🥉
CUST-1309,34,Female,Seattle,79529.11,20,2969.0,148.45,365.0,44,0.1,Bath & Body,356,737,0.81,3,2,-1,-1.5234405629212262,-1.3931607687192475,-1.5234405629212262,-1.3931607687192475,1.3396113554092484,Frequent Budget Buyers 🛍️,Lost Customers,122,2969.0,Bronze Tier 🥉
CUST-1310,50,Male,Seattle,65868.44,24,4123.0,171.79,427.0,63,0.0625,Haircare,2,1089,0.66,2,1,0,0.823416235655875,0.49008665139947694,0.823416235655875,0.49008665139947694,0.20411459281589533,VIP Cosmetics Enthusiasts ✨,Loyal Customers,334,4123.0,Silver Tier 🥈
CUST-1311,45,Female,Chicago,86686.3,19,3362.0,176.95,427.0,51,0.05,Haircare,357,732,0.78,3,2,1,-0.8002871986920073,-1.3740773602460772,-0.8002871986920073,-1.3740773602460772,-0.3049693555726361,Frequent Budget Buyers 🛍️,Lost Customers,112,3362.0,Bronze Tier 🥉
CUST-1312,43,Female,Miami,33705.09,18,3365.0,186.94,427.0,47,0.0556,Makeup,1,1091,0.49,0,0,0,-0.22021301109009445,0.7202864704644388,-0.22021301109009445,0.7202864704644388,0.7804306784194729,Occasional / New Shoppers 🌱,New / Promising,512,3365.0,Bronze Tier 🥉
CUST-1313,40,Male,San Francisco,45779.4,22,4244.0,192.91,427.0,63,0.0932,Skincare,1,1092,0.6,1,3,-1,1.0193901900612925,0.12707765731802023,1.0193901900612925,0.12707765731802023,2.454456857981642,Occasional / New Shoppers 🌱,Potential Loyalists,524,4244.0,Silver Tier 🥈
CUST-1314,37,Non-Binary,Chicago,68381.38,19,3454.0,181.79,427.0,42,0.0658,Fragrance,1,1091,0.52,1,0,0,-0.15314952333142862,-0.3715287890296273,-0.15314952333142862,-0.3715287890296273,0.8407926900069413,Occasional / New Shoppers 🌱,Potential Loyalists,513,3454.0,Bronze Tier 🥉
CUST-1315,28,Female,Seattle,100099.63,18,2576.0,143.11,427.0,44,0.0667,Haircare,1,1089,0.5,0,0,0,-1.6620662227965246,-1.0349846526039037,-1.6620662227965246,-1.0349846526039037,-0.31059783030653226,Occasional / New Shoppers 🌱,New / Promising,511,2576.0,Bronze Tier 🥉
CUST-1316,37,Female,Los Angeles,77346.76,27,3880.0,143.7,307.0,61,0.0667,Fragrance,1,1091,0.74,2,0,0,0.49527784401406416,-0.009204831165875758,0.49527784401406416,-0.009204831165875758,-0.6992764880992733,VIP Cosmetics Enthusiasts ✨,Champions,544,3880.0,Silver Tier 🥈
CUST-1317,58,Female,Seattle,48069.8,26,3926.0,151.0,348.0,69,0.0885,Skincare,1,1092,0.71,1,3,0,0.5531864403358505,1.6116837293548067,0.5531864403358505,1.6116837293548067,1.0078749379377752,Occasional / New Shoppers 🌱,Champions,544,3926.0,Silver Tier 🥈
CUST-1318,63,Female,Miami,74157.34,18,2607.0,144.83,427.0,47,0.0611,Makeup,1,1093,0.49,0,0,0,-1.5573956669490574,1.3306970215849185,-1.5573956669490574,1.3306970215849185,-0.0846283266736293,Occasional / New Shoppers 🌱,New / Promising,511,2607.0,Bronze Tier 🥉
CUST-1319,62,Male,Chicago,68646.17,26,4543.0,174.73,427.0,64,0.0596,Bath & Body,1,1091,0.71,2,1,0,1.459958216557636,0.9830316299048266,1.459958216557636,0.9830316299048266,0.09105484673122968,VIP Cosmetics Enthusiasts ✨,Champions,545,4543.0,Gold Tier 🥇
CUST-1320,48,Female,Chicago,82726.31,21,3283.0,156.33,427.0,53,0.0595,Fragrance,1,1092,0.58,0,0,0,-0.4778469436320384,0.2115915016554311,-0.4778469436320384,0.2115915016554311,-0.25497379052034114,Occasional / New Shoppers 🌱,New / Promising,522,3283.0,Bronze Tier 🥉
CUST-1321,24,Female,New York,36961.18,16,3017.0,188.56,427.0,44,0.0969,Fragrance,2,1091,0.44,1,3,-1,-0.7625807637469021,-0.39137207685255554,-0.7625807637469021,-0.39137207685255554,2.843736778610648,Occasional / New Shoppers 🌱,New / Promising,312,3017.0,Bronze Tier 🥉
CUST-1322,42,Female,Chicago,74081.89,18,2364.0,131.33,352.0,42,0.0861,Makeup,1,1089,0.5,1,0,0,-2.0197317914866417,0.4475040121501362,-2.0197317914866417,0.4475040121501362,0.6309829031959098,Occasional / New Shoppers 🌱,New / Promising,511,2364.0,Bronze Tier 🥉
CUST-1323,36,Female,Houston,58989.93,25,4529.0,181.16,427.0,58,0.068,Bath & Body,2,1091,0.69,2,1,0,1.4138187233724637,-0.1886024179762262,1.4138187233724637,-0.1886024179762262,0.5669418273810155,VIP Cosmetics Enthusiasts ✨,Loyal Customers,345,4529.0,Gold Tier 🥇
CUST-1324,39,Female,San Francisco,62309.57,24,4112.0,171.33,412.0,60,0.075,Haircare,361,733,0.98,3,2,1,0.2862884698167744,-1.0355184662041432,0.2862884698167744,-1.0355184662041432,0.5435142156815365,Frequent Budget Buyers 🛍️,At Risk,134,4112.0,Silver Tier 🥈
CUST-1325,36,Male,Seattle,85709.22,17,3260.0,191.76,427.0,50,0.0853,Bath & Body,2,1090,0.47,1,1,0,-0.40630515602877837,-1.0233867813566857,-0.40630515602877837,-1.0233867813566857,2.1093895578518165,Occasional / New Shoppers 🌱,New / Promising,312,3260.0,Bronze Tier 🥉
CUST-1326,27,Female,Chicago,76347.8,27,4097.0,151.74,427.0,74,0.0704,Makeup,2,1092,0.74,2,1,0,0.7917960830756884,-0.6151436563930136,0.7917960830756884,-0.6151436563930136,-0.3905544986885949,VIP Cosmetics Enthusiasts ✨,Loyal Customers,344,4097.0,Silver Tier 🥈
CUST-1327,34,Female,Chicago,72725.14,25,4195.0,167.8,427.0,60,0.058,Bath & Body,2,1092,0.69,2,1,0,0.919192069073528,-0.40829114360693347,0.919192069073528,-0.40829114360693347,-0.3770630251197018,VIP Cosmetics Enthusiasts ✨,Loyal Customers,344,4195.0,Silver Tier 🥈
CUST-1328,20,Male,Chicago,37797.02,24,3756.0,156.5,412.0,55,0.0583,Fragrance,2,1090,0.66,0,1,0,0.26818220350580546,-0.07684236632723308,0.26818220350580546,-0.07684236632723308,-0.516261465394396,Occasional / New Shoppers 🌱,Loyal Customers,333,3756.0,Silver Tier 🥈
CUST-1329,53,Male,Seattle,48336.83,28,4298.0,153.5,335.0,69,0.0589,Bath & Body,1,1090,0.77,2,1,0,1.1527773572630684,1.3644607710263716,1.1527773572630684,1.3644607710263716,-0.5975074702608504,VIP Cosmetics Enthusiasts ✨,Champions,554,4298.0,Silver Tier 🥈
CUST-1330,43,Female,Houston,77618.89,25,3900.0,156.0,427.0,65,0.062,Haircare,1,1093,0.69,2,0,0,0.4868382920955235,0.09680166525637002,0.4868382920955235,0.09680166525637002,-0.4275763119899099,VIP Cosmetics Enthusiasts ✨,Champions,544,3900.0,Silver Tier 🥈
CUST-1331,44,Female,Los Angeles,93265.45,22,2980.0,135.45,398.0,54,0.0795,Fragrance,1,1093,0.6,1,3,0,-0.9803467337458452,0.03870187185015206,-0.9803467337458452,0.03870187185015206,0.04412304828956621,Occasional / New Shoppers 🌱,New / Promising,522,2980.0,Bronze Tier 🥉
CUST-1332,63,Female,Seattle,71752.33,30,5384.0,179.47,357.0,67,0.0517,Haircare,1,1093,0.82,2,1,0,2.6951463396005533,0.8948468445012665,2.6951463396005533,0.8948468445012665,-0.4656124660219806,VIP Cosmetics Enthusiasts ✨,Champions,555,5384.0,Platinum Tier 💎
CUST-1333,31,Female,Los Angeles,100251.7,26,4303.0,165.5,427.0,67,0.0885,Haircare,356,737,1.06,3,2,-1,0.5448449675095989,-2.282139512212203,0.5448449675095989,-2.282139512212203,0.6503624019222121,Frequent Budget Buyers 🛍️,At Risk,144,4303.0,Silver Tier 🥈
CUST-1334,41,Non-Binary,Seattle,86096.32,19,3261.0,171.63,313.0,52,0.0816,Fragrance,360,734,0.78,3,2,-1,-1.0046944649161085,-1.5349786520393616,-1.0046944649161085,-1.5349786520393616,1.1097154482359135,Frequent Budget Buyers 🛍️,Lost Customers,112,3261.0,Bronze Tier 🥉
CUST-1335,39,Female,Miami,82268.14,25,4479.0,179.16,427.0,68,0.064,Haircare,1,1093,0.69,2,1,0,1.3323401586727546,-0.572639460854782,1.3323401586727546,-0.572639460854782,0.21068752021940618,VIP Cosmetics Enthusiasts ✨,Champions,545,4479.0,Gold Tier 🥇
CUST-1336,37,Female,New York,78356.63,13,1764.0,135.69,297.0,37,0.0615,Bath & Body,359,735,0.53,3,2,3,-3.5162404458258165,-1.0039463510828992,-3.5162404458258165,-1.0039463510828992,-0.416913322519535,Frequent Budget Buyers 🛍️,Lost Customers,111,1764.0,Bronze Tier 🥉
CUST-1337,28,Female,Seattle,86516.19,19,2621.0,137.95,370.0,56,0.1105,Skincare,1,1092,0.52,1,3,-1,-1.620838537017446,-0.6850219602228826,-1.620838537017446,-0.6850219602228826,1.7639365641299047,Occasional / New Shoppers 🌱,New / Promising,511,2621.0,Bronze Tier 🥉
CUST-1338,48,Male,Dallas,67262.95,29,4514.0,155.66,427.0,65,0.0879,Fragrance,1,1093,0.8,2,1,0,1.4415275437662702,0.5761956507647656,1.4415275437662702,0.5761956507647656,0.6950090209354197,VIP Cosmetics Enthusiasts ✨,Champions,555,4514.0,Gold Tier 🥇
CUST-1339,35,Female,Houston,77404.64,22,2750.0,125.0,427.0,53,0.0659,Bath & Body,2,1091,0.6,0,0,0,-1.3287718313088883,0.15360979491053003,-1.3287718313088883,0.15360979491053003,-0.9026923914610195,Occasional / New Shoppers 🌱,New / Promising,321,2750.0,Bronze Tier 🥉
CUST-1340,60,Female,Seattle,32745.03,20,3100.0,155.0,427.0,41,0.0725,Skincare,357,737,0.81,3,2,-1,-1.2343754881429545,0.9935543666564225,-1.2343754881429545,0.9935543666564225,0.6263853849030682,Frequent Budget Buyers 🛍️,Lost Customers,122,3100.0,Bronze Tier 🥉
CUST-1341,56,Female,San Francisco,76291.59,24,3701.0,154.21,427.0,63,0.0812,Fragrance,356,733,0.98,3,2,1,-0.3242928404663308,-0.26710675743106765,-0.3242928404663308,-0.26710675743106765,0.48878872454289984,Frequent Budget Buyers 🛍️,At Risk,133,3701.0,Silver Tier 🥈
CUST-1342,45,Female,Los Angeles,69363.79,26,4837.0,186.04,427.0,72,0.0865,Makeup,2,1091,0.71,2,1,0,1.8472601638413104,-0.09693445465183988,1.8472601638413104,-0.09693445465183988,1.577007150425066,VIP Cosmetics Enthusiasts ✨,Loyal Customers,345,4837.0,Gold Tier 🥇
CUST-1343,45,Female,New York,64974.49,32,4946.0,154.56,427.0,75,0.0703,Skincare,2,1092,0.88,2,1,0,2.1405580573690837,0.5284859444066659,2.1405580573690837,0.5284859444066659,-0.43717835958153534,VIP Cosmetics Enthusiasts ✨,Loyal Customers,355,4946.0,Gold Tier 🥇
CUST-1344,45,Female,New York,120688.25,22,3515.0,159.77,397.0,54,0.075,Haircare,1,1092,0.6,1,3,0,-0.15380071827695252,-0.9440249036440108,-0.15380071827695252,-0.9440249036440108,0.303551622401835,Occasional / New Shoppers 🌱,Potential Loyalists,523,3515.0,Bronze Tier 🥉
CUST-1345,31,Male,Chicago,80132.63,13,1687.0,129.77,427.0,26,0.0731,Makeup,356,738,0.53,3,2,3,-3.690868028863448,-1.2704005658419055,-3.690868028863448,-1.2704005658419055,-0.050941262917739816,Frequent Budget Buyers 🛍️,Lost Customers,111,1687.0,Bronze Tier 🥉
CUST-1346,18,Female,New York,80344.5,20,2936.0,146.8,340.0,47,0.0575,Bath & Body,1,1093,0.55,0,0,0,-1.059058219525176,-1.0828639767356194,-1.059058219525176,-1.0828639767356194,-0.7923546971509943,Occasional / New Shoppers 🌱,New / Promising,522,2936.0,Bronze Tier 🥉
CUST-1347,54,Male,Seattle,43725.61,25,4024.0,160.96,427.0,64,0.068,Fragrance,1,1092,0.69,2,1,0,0.6957013570279825,1.3947773671276635,0.6957013570279825,1.3947773671276635,0.2927703190167353,VIP Cosmetics Enthusiasts ✨,Champions,544,4024.0,Silver Tier 🥈
CUST-1348,52,Male,Seattle,25165.56,23,3291.0,143.09,301.0,61,0.0413,Skincare,356,733,0.94,3,2,-1,-0.8978334816807008,1.014522331505003,-0.8978334816807008,1.014522331505003,-1.483675733110941,Frequent Budget Buyers 🛍️,Lost Customers,132,3291.0,Bronze Tier 🥉
CUST-1349,64,Female,Seattle,46308.44,21,3142.0,149.62,427.0,50,0.0595,Bath & Body,2,1091,0.58,0,0,0,-0.6689695439856143,2.0021477771770577,-0.6689695439856143,2.0021477771770577,-0.07982807293348508,Occasional / New Shoppers 🌱,New / Promising,322,3142.0,Bronze Tier 🥉
CUST-1350,25,Female,Los Angeles,76124.84,32,5015.0,156.72,427.0,82,0.0734,Fragrance,1,1092,0.88,2,1,0,2.2067253594878506,-0.7784178409299246,2.2067253594878506,-0.7784178409299246,-0.4687170282113039,VIP Cosmetics Enthusiasts ✨,Champions,555,5015.0,Gold Tier 🥇
CUST-1351,30,Female,San Francisco,70660.02,13,1893.0,145.62,340.0,34,0.0538,Bath & Body,362,732,0.53,3,2,3,-3.2415120639055646,-1.3024530366585596,-3.2415120639055646,-1.3024530366585596,-0.5667358717596797,Frequent Budget Buyers 🛍️,Lost Customers,111,1893.0,Bronze Tier 🥉
CUST-1352,62,Female,Los Angeles,93633.53,22,3463.0,157.41,356.0,53,0.0523,Fragrance,356,738,0.89,3,2,-1,-0.6828058802047675,-0.4049955550525551,-0.6828058802047675,-0.4049955550525551,-0.7868288799255628,Frequent Budget Buyers 🛍️,Lost Customers,123,3463.0,Bronze Tier 🥉
CUST-1353,29,Female,Chicago,78159.77,19,3505.0,184.47,427.0,52,0.0605,Bath & Body,2,1090,0.52,0,0,0,-0.07681858779740139,-1.045634474023791,-0.07681858779740139,-1.045634474023791,0.5162014770013174,Occasional / New Shoppers 🌱,Potential Loyalists,313,3505.0,Bronze Tier 🥉
CUST-1354,25,Female,Dallas,118992.87,21,3225.0,153.57,427.0,58,0.0762,Makeup,2,1092,0.58,1,3,-1,-0.6287480232585011,-1.81301825474302,-0.6287480232585011,-1.81301825474302,0.09945661860663785,Occasional / New Shoppers 🌱,New / Promising,322,3225.0,Bronze Tier 🥉
CUST-1355,46,Male,New York,96505.54,29,4526.0,156.07,333.0,83,0.0517,Haircare,1,1093,0.8,2,0,0,1.467271761608354,-0.19713496976584693,1.467271761608354,-0.19713496976584693,-1.2956608532544303,VIP Cosmetics Enthusiasts ✨,Champions,555,4526.0,Gold Tier 🥇
CUST-1356,48,Male,Houston,46654.69,32,4880.0,152.5,427.0,76,0.075,Fragrance,1,1093,0.88,2,1,0,2.0652398168131922,1.1575047298425385,2.0652398168131922,1.1575047298425385,-0.12342321566217376,VIP Cosmetics Enthusiasts ✨,Champions,555,4880.0,Gold Tier 🥇
CUST-1357,35,Female,Dallas,38096.97,24,3491.0,145.46,341.0,60,0.0688,Skincare,359,735,0.98,3,2,1,-0.6269733429286917,-0.2324276384973723,-0.6269733429286917,-0.2324276384973723,-0.33720122878723163,Frequent Budget Buyers 🛍️,At Risk,133,3491.0,Bronze Tier 🥉
CUST-1358,56,Female,Dallas,60775.29,18,3069.0,170.5,427.0,44,0.0694,Haircare,1,1093,0.49,1,0,0,-0.7548060549867321,0.9230953848062761,-0.7548060549867321,0.9230953848062761,1.0114466939119142,Occasional / New Shoppers 🌱,New / Promising,512,3069.0,Bronze Tier 🥉
CUST-1359,56,Non-Binary,Houston,88090.13,26,4369.0,168.04,370.0,70,0.0673,Fragrance,2,1092,0.71,2,1,0,1.1829234131034863,0.29399807535362527,1.1829234131034863,0.29399807535362527,0.14020281038003513,VIP Cosmetics Enthusiasts ✨,Loyal Customers,344,4369.0,Silver Tier 🥈
CUST-1360,21,Female,San Francisco,31539.1,20,3785.0,189.25,427.0,52,0.08,Bath & Body,357,737,0.81,3,2,-1,-0.1429663651349683,-1.438865280474839,-0.1429663651349683,-1.438865280474839,1.5466346732258562,Frequent Budget Buyers 🛍️,Lost Customers,123,3785.0,Silver Tier 🥈
CUST-1361,46,Female,Houston,90433.75,21,3140.0,149.52,427.0,47,0.0571,Makeup,1,1092,0.58,0,0,0,-0.7123453013798441,0.027187591915201037,-0.7123453013798441,0.027187591915201037,-0.6137884415129391,Occasional / New Shoppers 🌱,New / Promising,522,3140.0,Bronze Tier 🥉
CUST-1362,45,Female,New York,44466.06,26,4467.0,171.81,427.0,69,0.0788,Bath & Body,1,1093,0.71,2,1,0,1.3355685705477534,0.747654107452841,1.3355685705477534,0.747654107452841,0.9624522801586848,VIP Cosmetics Enthusiasts ✨,Champions,545,4467.0,Gold Tier 🥇
CUST-1363,26,Female,New York,75726.93,23,3684.0,160.17,427.0,61,0.0565,Bath & Body,1,1092,0.63,0,0,0,0.13621277072775628,-0.7625994648381946,0.13621277072775628,-0.7625994648381946,-0.6021343377346435,Occasional / New Shoppers 🌱,Loyal Customers,533,3684.0,Silver Tier 🥈
CUST-1364,23,Male,Chicago,63155.13,27,4648.0,172.15,427.0,69,0.0667,Skincare,1,1087,0.75,2,1,0,1.5851088247682794,-0.7959617441832835,1.5851088247682794,-0.7959617441832835,-0.009208384736915001,VIP Cosmetics Enthusiasts ✨,Champions,545,4648.0,Gold Tier 🥇
CUST-1365,49,Female,Chicago,38835.78,24,3753.0,156.38,427.0,70,0.0812,Fragrance,356,738,0.98,3,2,1,-0.2278277910166844,0.27269087991358526,-0.2278277910166844,0.27269087991358526,0.692816249725502,Frequent Budget Buyers 🛍️,At Risk,133,3753.0,Silver Tier 🥈
CUST-1366,47,Male,Dallas,52891.2,25,3816.0,152.64,341.0,59,0.066,Skincare,1,1093,0.69,0,1,0,0.3789846201229793,0.9499872067086884,0.3789846201229793,0.9499872067086884,-0.13822105431327186,Occasional / New Shoppers 🌱,Loyal Customers,543,3816.0,Silver Tier 🥈
CUST-1367,34,Female,Houston,25070.5,31,4990.0,160.97,427.0,73,0.05,Makeup,1,1092,0.85,2,1,0,2.197442002766755,0.8914082232502963,2.197442002766755,0.8914082232502963,-1.0969430793449115,VIP Cosmetics Enthusiasts ✨,Champions,555,4990.0,Gold Tier 🥇
CUST-1368,33,Female,Seattle,90266.85,22,3533.0,160.59,427.0,58,0.0773,Fragrance,1,1089,0.61,1,3,0,-0.1178807750371227,-0.8092519013271339,-0.1178807750371227,-0.8092519013271339,0.5032964109237211,Occasional / New Shoppers 🌱,Potential Loyalists,523,3533.0,Bronze Tier 🥉
CUST-1369,45,Female,Dallas,60645.33,16,2414.0,150.88,400.0,46,0.0625,Makeup,356,738,0.65,3,2,2,-2.354136724928726,-0.3713108162832833,-2.354136724928726,-0.3713108162832833,-0.0021836390413867575,Frequent Budget Buyers 🛍️,Lost Customers,111,2414.0,Bronze Tier 🥉
CUST-1370,45,Female,Chicago,55592.27,26,3588.0,138.0,340.0,61,0.0519,Bath & Body,1,1093,0.71,0,1,0,0.07841497510894764,1.030566725281307,0.07841497510894764,1.030566725281307,-1.3272921042247923,Occasional / New Shoppers 🌱,Loyal Customers,543,3588.0,Bronze Tier 🥉
CUST-1371,18,Female,San Francisco,78607.43,19,3055.0,160.79,427.0,51,0.0763,Bath & Body,357,737,0.77,3,2,1,-1.3596519910736495,-2.3209781833935055,-1.3596519910736495,-2.3209781833935055,0.3978458263448976,Frequent Budget Buyers 🛍️,Lost Customers,112,3055.0,Bronze Tier 🥉
CUST-1372,23,Female,Miami,48681.49,23,4870.0,211.74,427.0,52,0.0761,Fragrance,1,1093,0.63,2,1,-1,1.955401293865276,-1.0518936787367013,1.955401293865276,-1.0518936787367013,1.8451031742266597,VIP Cosmetics Enthusiasts ✨,Loyal Customers,535,4870.0,Gold Tier 🥇
CUST-1373,38,Female,Houston,44843.8,16,2209.0,138.06,303.0,37,0.0656,Haircare,1,1091,0.44,0,0,0,-2.2375340928014067,0.8917903001755527,-2.2375340928014067,0.8917903001755527,0.04091221887300071,Occasional / New Shoppers 🌱,New / Promising,511,2209.0,Bronze Tier 🥉
CUST-1374,54,Non-Binary,Houston,22000.0,31,5429.0,175.13,331.0,61,0.0548,Makeup,1,1092,0.85,2,1,0,2.7999096286736536,1.7340782848748333,2.7999096286736536,1.7340782848748333,-0.2916501683527817,VIP Cosmetics Enthusiasts ✨,Champions,555,5429.0,Platinum Tier 💎
CUST-1375,57,Non-Binary,San Francisco,74596.65,30,3561.0,118.7,268.0,68,0.055,Makeup,1,1090,0.83,0,1,0,0.21067416768743916,1.4721747517998867,0.21067416768743916,1.4721747517998867,-1.9417955650405903,Occasional / New Shoppers 🌱,Loyal Customers,553,3561.0,Bronze Tier 🥉
CUST-1376,27,Female,New York,57954.22,22,2970.0,135.0,427.0,64,0.0614,Skincare,1,1093,0.6,0,0,0,-0.9725854311952321,0.09303714340202898,-0.9725854311952321,0.09303714340202898,-0.8314743084633549,Occasional / New Shoppers 🌱,New / Promising,522,2970.0,Bronze Tier 🥉
CUST-1377,21,Female,Miami,88038.78,20,2769.0,138.45,427.0,59,0.0475,Skincare,2,1088,0.55,0,0,0,-1.3300294532604433,-0.9874528031395723,-1.3300294532604433,-0.9874528031395723,-1.5282661634128212,Occasional / New Shoppers 🌱,New / Promising,321,2769.0,Bronze Tier 🥉
CUST-1378,43,Male,Miami,47707.65,23,3431.0,149.17,402.0,62,0.0783,Bath & Body,1,1093,0.63,1,0,0,-0.23777577202554523,0.9083855475236314,-0.23777577202554523,0.9083855475236314,0.519228676425747,Occasional / New Shoppers 🌱,Loyal Customers,533,3431.0,Bronze Tier 🥉
CUST-1379,30,Male,Los Angeles,84901.45,22,3479.0,158.14,412.0,55,0.0682,Skincare,356,735,0.9,3,2,1,-0.691884274610497,-1.8190059306545119,-0.691884274610497,-1.8190059306545119,-0.2092689515271064,Frequent Budget Buyers 🛍️,Lost Customers,123,3479.0,Bronze Tier 🥉
CUST-1380,61,Female,Dallas,94703.4,33,6196.0,187.76,427.0,74,0.0773,Skincare,2,1090,0.91,2,1,-1,3.8018691833779417,0.05845080002156573,3.8018691833779417,0.05845080002156573,0.6809297083696549,VIP Cosmetics Enthusiasts ✨,Loyal Customers,355,6196.0,Platinum Tier 💎
CUST-1381,49,Female,Miami,97211.41,25,4842.0,193.68,427.0,68,0.096,Bath & Body,2,1092,0.69,1,1,0,1.838465602927148,-0.7121644267405953,1.838465602927148,-0.7121644267405953,2.200046869242148,Occasional / New Shoppers 🌱,Loyal Customers,345,4842.0,Gold Tier 🥇
CUST-1382,34,Female,Houston,56818.6,24,3706.0,154.42,427.0,61,0.0458,Fragrance,1,1090,0.66,0,0,0,0.20423944369178723,0.20544209617135428,0.20423944369178723,0.20544209617135428,-1.1781612341859522,Occasional / New Shoppers 🌱,Loyal Customers,533,3706.0,Silver Tier 🥈
CUST-1383,31,Non-Binary,Seattle,110371.41,27,4486.0,166.15,427.0,69,0.0556,Skincare,356,736,1.1,3,2,-1,0.8423809220167825,-2.492591883220222,0.8423809220167825,-2.492591883220222,-1.1108791090055175,Frequent Budget Buyers 🛍️,At Risk,145,4486.0,Gold Tier 🥇
CUST-1384,33,Female,Miami,56075.16,21,3441.0,163.86,327.0,50,0.0333,Bath & Body,356,737,0.85,3,2,1,-0.6954220825665782,-0.9967726133244346,-0.6954220825665782,-0.9967726133244346,-1.5560630043756796,Frequent Budget Buyers 🛍️,Lost Customers,123,3441.0,Bronze Tier 🥉
CUST-1385,63,Male,Houston,64257.15,17,2537.0,149.24,341.0,40,0.0294,Fragrance,2,1091,0.47,0,0,-1,-1.6273489564591297,1.550080527535111,-1.6273489564591297,1.550080527535111,-1.4389447943668123,Occasional / New Shoppers 🌱,New / Promising,311,2537.0,Bronze Tier 🥉
CUST-1386,41,Female,Seattle,62478.27,34,5387.0,158.44,371.0,93,0.0779,Makeup,1,1093,0.93,2,1,0,2.7911721364497817,0.3244407452174704,2.7911721364497817,0.3244407452174704,-0.11333482904078473,VIP Cosmetics Enthusiasts ✨,Champions,555,5387.0,Platinum Tier 💎
CUST-1387,23,Female,Chicago,89330.85,18,2270.0,126.11,272.0,42,0.0583,Makeup,1,1088,0.5,0,0,0,-2.186659322422287,-0.758129094539209,-2.186659322422287,-0.758129094539209,-1.1588083844257302,Occasional / New Shoppers 🌱,New / Promising,511,2270.0,Bronze Tier 🥉
CUST-1388,20,Female,Los Angeles,46737.0,17,2787.0,163.94,394.0,42,0.0912,Fragrance,1,1093,0.47,1,3,-1,-1.2508293105621813,-0.4624312646834397,-1.2508293105621813,-0.4624312646834397,1.7581007535355886,Occasional / New Shoppers 🌱,New / Promising,511,2787.0,Bronze Tier 🥉
CUST-1389,54,Female,San Francisco,81400.38,20,3090.0,154.5,304.0,53,0.0925,Haircare,1,1092,0.55,1,3,0,-0.8044727513056619,0.5209374443434663,-0.8044727513056619,0.5209374443434663,1.4852054036631954,Occasional / New Shoppers 🌱,New / Promising,522,3090.0,Bronze Tier 🥉
CUST-1390,50,Female,Dallas,72308.08,26,4550.0,175.0,376.0,76,0.0538,Fragrance,1,1092,0.71,2,1,0,1.4624726908603183,0.2990512719109847,1.4624726908603183,0.2990512719109847,-0.3224151459380293,VIP Cosmetics Enthusiasts ✨,Champions,545,4550.0,Gold Tier 🥇
CUST-1391,60,Female,San Francisco,39297.15,30,4092.0,136.4,371.0,79,0.0533,Makeup,1,1093,0.82,2,1,0,0.9581636101769822,2.2156389033780877,0.9581636101769822,2.2156389033780877,-1.34339655306223,VIP Cosmetics Enthusiasts ✨,Champions,554,4092.0,Silver Tier 🥈
CUST-1392,44,Female,Los Angeles,94814.89,26,3630.0,139.62,385.0,65,0.0654,Haircare,356,738,1.06,3,2,-1,-0.3956566061814475,-1.070676178423697,-0.3956566061814475,-1.070676178423697,-1.0322337679455822,Frequent Budget Buyers 🛍️,At Risk,143,3630.0,Silver Tier 🥈
CUST-1393,41,Female,Miami,73554.95,24,3536.0,147.33,427.0,62,0.0625,Skincare,1,1093,0.66,0,0,0,-0.07006200619550985,0.22585745486218736,-0.07006200619550985,0.22585745486218736,-0.5540997267661246,Occasional / New Shoppers 🌱,Loyal Customers,533,3536.0,Bronze Tier 🥉
CUST-1394,48,Female,Seattle,104042.73,28,4943.0,176.54,427.0,71,0.0804,Fragrance,1,1093,0.77,2,1,0,1.9976161907539582,-0.6431134496981928,1.9976161907539582,-0.6431134496981928,0.7197547867331074,VIP Cosmetics Enthusiasts ✨,Champions,555,4943.0,Gold Tier 🥇
CUST-1395,29,Female,Miami,87104.22,30,4914.0,163.8,427.0,63,0.07,Fragrance,1,1093,0.82,2,1,0,2.0036514723771157,-0.9586958497472712,2.0036514723771157,-0.9586958497472712,-0.34549141624055874,VIP Cosmetics Enthusiasts ✨,Champions,555,4914.0,Gold Tier 🥇
CUST-1396,52,Male,Los Angeles,76060.24,29,4070.0,140.34,303.0,76,0.0741,Makeup,2,1092,0.8,2,1,0,0.8373126725268079,0.8145704070921166,0.8373126725268079,0.8145704070921166,-0.408537394823422,VIP Cosmetics Enthusiasts ✨,Loyal Customers,354,4070.0,Silver Tier 🥈
CUST-1397,23,Female,Chicago,81539.89,21,3300.0,157.14,427.0,59,0.0524,Skincare,357,737,0.85,3,2,1,-0.9639989188332384,-2.0521329760895726,-0.9639989188332384,-2.0521329760895726,-1.0054675565801243,Frequent Budget Buyers 🛍️,Lost Customers,122,3300.0,Bronze Tier 🥉
CUST-1398,51,Female,Chicago,70531.18,38,5948.0,156.53,427.0,92,0.0724,Fragrance,1,1092,1.04,2,1,-1,3.6955070469858113,0.6704930833872489,3.6955070469858113,0.6704930833872489,-0.6671286276986171,VIP Cosmetics Enthusiasts ✨,Champions,555,5948.0,Platinum Tier 💎
CUST-1399,55,Male,Dallas,45616.83,19,3030.0,159.47,427.0,47,0.0632,Makeup,356,736,0.77,3,2,2,-1.3377311058226613,0.3761979644177487,-1.3377311058226613,0.3761979644177487,0.22643533005229638,Frequent Budget Buyers 🛍️,Lost Customers,112,3030.0,Bronze Tier 🥉
CUST-1400,41,Non-Binary,Miami,45832.69,26,3291.0,126.58,330.0,64,0.0712,Bath & Body,1,1091,0.71,0,0,0,-0.36428321720896495,1.2183922636631568,-0.36428321720896495,1.2183922636631568,-0.6347845651108616,Occasional / New Shoppers 🌱,Lost Customers,542,3291.0,Bronze Tier 🥉
CUST-1401,60,Female,San Francisco,67092.18,19,2696.0,141.89,427.0,50,0.0789,Haircare,1,1092,0.52,1,0,0,-1.4285954935771374,1.3754169121800126,-1.4285954935771374,1.3754169121800126,0.6776521295660104,Occasional / New Shoppers 🌱,New / Promising,511,2696.0,Bronze Tier 🥉
CUST-1402,57,Male,Miami,98808.89,23,3223.0,140.13,357.0,57,0.0543,Fragrance,356,737,0.94,3,2,-1,-1.0561512631307688,-0.5223615136331292,-1.0561512631307688,-0.5223615136331292,-1.2771747524817005,Frequent Budget Buyers 🛍️,Lost Customers,132,3223.0,Bronze Tier 🥉
CUST-1403,36,Female,Chicago,79600.17,24,4599.0,191.62,427.0,53,0.075,Bath & Body,2,1092,0.66,2,1,0,1.5080477481597347,-0.8640243857975464,1.5080477481597347,-0.8640243857975464,1.142151923540179,VIP Cosmetics Enthusiasts ✨,Loyal Customers,335,4599.0,Gold Tier 🥇
CUST-1404,43,Female,Chicago,72021.37,24,3842.0,160.08,427.0,62,0.0458,Haircare,356,738,0.98,3,2,1,-0.09145289283253763,-0.8478570515867064,-0.09145289283253763,-0.8478570515867064,-1.2307369195769557,Frequent Budget Buyers 🛍️,At Risk,133,3842.0,Silver Tier 🥈
CUST-1405,29,Female,New York,62490.86,23,4258.0,185.13,427.0,57,0.0609,Bath & Body,357,736,0.94,3,2,1,0.5255231521928817,-1.7147973627131305,0.5255231521928817,-1.7147973627131305,0.17234980600558436,Frequent Budget Buyers 🛍️,At Risk,134,4258.0,Silver Tier 🥈
CUST-1406,22,Female,Houston,81706.76,22,3163.0,143.77,427.0,56,0.0568,Makeup,1,1093,0.6,0,0,0,-0.6854259711854856,-0.8653447579829682,-0.6854259711854856,-0.8653447579829682,-1.0140566734615792,Occasional / New Shoppers 🌱,New / Promising,522,3163.0,Bronze Tier 🥉
CUST-1407,64,Male,Seattle,83674.96,21,2675.0,127.38,336.0,49,0.0548,Makeup,356,737,0.85,3,2,-1,-1.9361043408109906,0.38174184719497456,-1.9361043408109906,0.38174184719497456,-1.2981384668932787,Frequent Budget Buyers 🛍️,Lost Customers,121,2675.0,Bronze Tier 🥉
CUST-1408,29,Female,Los Angeles,62104.66,17,3405.0,200.29,427.0,42,0.0706,Bath & Body,1,1092,0.47,1,0,0,-0.12204046768533457,-0.8915943699494652,-0.12204046768533457,-0.8915943699494652,1.6629766358062357,Occasional / New Shoppers 🌱,Potential Loyalists,513,3405.0,Bronze Tier 🥉
CUST-1409,38,Female,Dallas,42271.68,23,3171.0,137.87,283.0,59,0.0587,Haircare,357,735,0.94,3,2,1,-1.1204932623894825,-0.05356922112611868,-1.1204932623894825,-0.05356922112611868,-0.9685002692038361,Frequent Budget Buyers 🛍️,Lost Customers,132,3171.0,Bronze Tier 🥉
CUST-1410,24,Female,Miami,58331.58,13,2005.0,154.23,307.0,39,0.0615,Makeup,1,1091,0.36,0,3,0,-2.501493242499607,-0.3721098376939003,-2.501493242499607,-0.3721098376939003,0.25773849189707587,Occasional / New Shoppers 🌱,New / Promising,511,2005.0,Bronze Tier 🥉
CUST-1411,24,Female,Miami,43409.67,27,4931.0,182.63,427.0,64,0.0648,Skincare,1,1089,0.74,2,1,0,2.002694592284901,-0.4189558928570983,2.002694592284901,-0.4189558928570983,0.2870100685626448,VIP Cosmetics Enthusiasts ✨,Champions,545,4931.0,Gold Tier 🥇
CUST-1412,27,Female,Dallas,77200.56,23,3414.0,148.43,319.0,59,0.0587,Haircare,1,1092,0.63,0,0,0,-0.28013209528166655,-0.5753225232974377,-0.28013209528166655,-0.5753225232974377,-0.795348142779629,Occasional / New Shoppers 🌱,Loyal Customers,533,3414.0,Bronze Tier 🥉
CUST-1413,50,Female,New York,89263.14,20,3319.0,165.95,387.0,55,0.07,Skincare,356,736,0.82,3,2,-1,-0.9145593175048496,-1.0511266962146295,-0.9145593175048496,-1.0511266962146295,0.3767960101814633,Frequent Budget Buyers 🛍️,Lost Customers,122,3319.0,Bronze Tier 🥉
CUST-1414,64,Female,San Francisco,108237.11,22,3158.0,143.55,427.0,51,0.0727,Fragrance,1,1090,0.61,1,3,0,-0.6881410577403592,0.5556782445280781,-0.6881410577403592,0.5556782445280781,0.009128410290952078,Occasional / New Shoppers 🌱,New / Promising,522,3158.0,Bronze Tier 🥉
CUST-1415,50,Female,Houston,70233.55,26,4835.0,185.96,427.0,64,0.0365,Makeup,2,1090,0.72,2,1,-1,1.889051362261931,0.2042483692343306,1.889051362261931,0.2042483692343306,-0.8964001364389242,VIP Cosmetics Enthusiasts ✨,Loyal Customers,345,4835.0,Gold Tier 🥇
CUST-1416,28,Female,Chicago,22000.0,14,2079.0,148.5,287.0,31,0.0429,Fragrance,356,738,0.57,3,2,-1,-2.8762148475665597,-0.2100544700613868,-2.8762148475665597,-0.2100544700613868,-0.8481141550424384,Frequent Budget Buyers 🛍️,Lost Customers,111,2079.0,Bronze Tier 🥉
CUST-1417,41,Male,New York,62397.59,14,2001.0,142.93,412.0,37,0.0679,Fragrance,1,1093,0.38,0,0,0,-2.571914378463305,0.5296842514607475,-2.571914378463305,0.5296842514607475,0.347634679743187,Occasional / New Shoppers 🌱,New / Promising,511,2001.0,Bronze Tier 🥉
CUST-1418,56,Female,Los Angeles,56745.67,23,3561.0,154.83,397.0,58,0.0587,Makeup,1,1092,0.63,0,0,0,-0.016927329334860363,1.2770012997785887,-0.016927329334860363,1.2770012997785887,-0.25195083038762295,Occasional / New Shoppers 🌱,Loyal Customers,533,3561.0,Bronze Tier 🥉
CUST-1419,59,Female,Seattle,84898.78,33,5057.0,153.24,350.0,84,0.0833,Makeup,1,1093,0.91,2,1,0,2.31693013267177,0.7432216564850557,2.31693013267177,0.7432216564850557,0.12830496606520744,VIP Cosmetics Enthusiasts ✨,Champions,555,5057.0,Gold Tier 🥇
CUST-1420,28,Female,New York,86670.77,30,4405.0,146.83,327.0,72,0.0533,Skincare,356,734,1.23,3,2,-1,0.8280041811794469,-1.750259829590145,0.8280041811794469,-1.750259829590145,-1.8248664480189378,Frequent Budget Buyers 🛍️,At Risk,155,4405.0,Gold Tier 🥇
CUST-1421,43,Female,Houston,98229.22,23,3171.0,137.87,330.0,53,0.05,Haircare,1,1093,0.63,0,0,0,-0.6459951996421518,-0.12356941028822568,-0.6459951996421518,-0.12356941028822568,-1.4800809995418232,Occasional / New Shoppers 🌱,Lost Customers,532,3171.0,Bronze Tier 🥉
CUST-1422,29,Female,New York,85747.57,20,3200.0,160.0,427.0,49,0.02,Haircare,1,1091,0.55,0,0,-1,-0.5872057535369887,-0.8089630818888275,-0.5872057535369887,-0.8089630818888275,-2.2643574506016924,Occasional / New Shoppers 🌱,New / Promising,522,3200.0,Bronze Tier 🥉
CUST-1423,64,Male,San Francisco,54836.86,14,3038.0,217.0,427.0,34,0.0714,Makeup,356,737,0.57,3,2,-1,-0.9503297429837446,-0.24510605656891463,-0.9503297429837446,-0.24510605656891463,2.5066408281277894,Frequent Budget Buyers 🛍️,Lost Customers,112,3038.0,Bronze Tier 🥉
CUST-1424,35,Male,Houston,22000.0,20,3251.0,162.55,340.0,48,0.0525,Bath & Body,1,1093,0.55,0,0,0,-0.48380447586189057,0.9738749203504697,-0.48380447586189057,0.9738749203504697,-0.15214703773569774,Occasional / New Shoppers 🌱,New / Promising,522,3251.0,Bronze Tier 🥉
CUST-1425,51,Female,Chicago,78840.15,25,3587.0,143.48,303.0,61,0.06,Skincare,1,1092,0.69,0,0,0,0.0330088916162532,0.6590996050053305,0.0330088916162532,0.6590996050053305,-0.7870392467361855,Occasional / New Shoppers 🌱,Loyal Customers,543,3587.0,Bronze Tier 🥉
CUST-1426,48,Non-Binary,New York,59203.19,21,3550.0,169.05,427.0,51,0.05,Bath & Body,1,1087,0.58,0,0,0,-0.025675902799330335,0.6145735347514255,-0.025675902799330335,0.6145735347514255,-0.2695019116808444,Occasional / New Shoppers 🌱,Potential Loyalists,523,3550.0,Bronze Tier 🥉
CUST-1427,18,Female,San Francisco,81694.83,26,4963.0,190.88,427.0,64,0.0846,Bath & Body,2,1091,0.71,2,1,0,2.0005307784490443,-1.817497366819476,2.0005307784490443,-1.817497366819476,1.2933719531251209,VIP Cosmetics Enthusiasts ✨,Loyal Customers,345,4963.0,Gold Tier 🥇
CUST-1428,31,Female,Dallas,63940.2,17,2775.0,163.24,427.0,40,0.0912,Fragrance,1,1092,0.47,1,3,0,-1.274225426105802,-0.3272234382332054,-1.274225426105802,-0.3272234382332054,1.7424111016249857,Occasional / New Shoppers 🌱,New / Promising,511,2775.0,Bronze Tier 🥉
CUST-1429,45,Non-Binary,Chicago,28805.63,20,3235.0,161.75,329.0,48,0.055,Bath & Body,1,1092,0.55,0,0,0,-0.5082512260839401,1.3131039156455633,-0.5082512260839401,1.3131039156455633,0.0047161618769852596,Occasional / New Shoppers 🌱,New / Promising,522,3235.0,Bronze Tier 🥉
CUST-1430,36,Female,New York,78005.76,20,3500.0,175.0,427.0,50,0.0825,Bath & Body,1,1090,0.55,1,3,0,-0.13311520058194853,-0.5819786137953706,-0.13311520058194853,-0.5819786137953706,1.3715500282239712,Occasional / New Shoppers 🌱,Potential Loyalists,523,3500.0,Bronze Tier 🥉
CUST-1431,62,Male,Miami,94247.8,23,3787.0,164.65,427.0,56,0.0717,Haircare,2,1092,0.63,1,3,0,0.29864289734950333,0.48370652454562807,0.29864289734950333,0.48370652454562807,0.49811893758300185,Occasional / New Shoppers 🌱,Loyal Customers,333,3787.0,Silver Tier 🥈
CUST-1432,34,Female,Dallas,55875.76,19,3028.0,159.37,427.0,50,0.0737,Bath & Body,2,1092,0.52,0,0,0,-0.8774793720390703,0.10255479903906026,-0.8774793720390703,0.10255479903906026,0.6980840832654513,Occasional / New Shoppers 🌱,New / Promising,312,3028.0,Bronze Tier 🥉
CUST-1433,56,Female,Los Angeles,47348.79,28,4822.0,172.21,427.0,72,0.075,Haircare,1,1093,0.77,2,1,0,1.8757781197803065,1.2253526829894605,1.8757781197803065,1.2253526829894605,0.7281971139464207,VIP Cosmetics Enthusiasts ✨,Champions,555,4822.0,Gold Tier 🥇
CUST-1434,38,Female,Miami,78679.98,24,3637.0,151.54,427.0,52,0.0771,Haircare,2,1091,0.66,1,0,0,0.0625739094077384,-0.1375457321636762,0.0625739094077384,-0.1375457321636762,0.23188849501209774,Occasional / New Shoppers 🌱,Loyal Customers,333,3637.0,Silver Tier 🥈
CUST-1435,37,Male,Chicago,49156.46,20,4138.0,206.9,427.0,46,0.06,Skincare,1,1093,0.55,2,0,0,0.9567289198959702,-0.26243000176082754,0.9567289198959702,-0.26243000176082754,1.2411685281364704,VIP Cosmetics Enthusiasts ✨,Potential Loyalists,524,4138.0,Silver Tier 🥈
CUST-1436,21,Male,San Francisco,61348.38,12,2070.0,172.5,427.0,37,0.0875,Haircare,2,1091,0.33,1,3,-1,-2.2828785415666726,-0.8967440324686885,-2.2828785415666726,-0.8967440324686885,2.0632473361311963,Occasional / New Shoppers 🌱,New / Promising,311,2070.0,Bronze Tier 🥉
CUST-1437,34,Female,Dallas,64044.72,24,3563.0,148.46,341.0,55,0.0562,Bath & Body,358,736,0.98,3,2,1,-0.5245120271527606,-0.9450223088998748,-0.5245120271527606,-0.9450223088998748,-1.0470611399185026,Frequent Budget Buyers 🛍️,At Risk,133,3563.0,Bronze Tier 🥉
CUST-1438,49,Non-Binary,San Francisco,41192.99,19,3381.0,177.95,427.0,48,0.0632,Bath & Body,1,1093,0.52,0,0,0,-0.24715990528919368,0.9558547947158149,-0.24715990528919368,0.9558547947158149,0.8721266327322542,Occasional / New Shoppers 🌱,New / Promising,512,3381.0,Bronze Tier 🥉
CUST-1439,35,Female,Seattle,49092.83,15,2365.0,157.67,427.0,34,0.05,Makeup,357,737,0.61,3,2,-1,-2.3893171129293402,-0.6704406354592939,-2.3893171129293402,-0.6704406354592939,-0.41105892433738517,Frequent Budget Buyers 🛍️,Lost Customers,111,2365.0,Bronze Tier 🥉
CUST-1440,30,Female,Houston,103683.66,25,4056.0,162.24,370.0,60,0.1,Bath & Body,356,737,1.02,3,2,-1,0.16013600871602532,-2.384424537005815,0.16013600871602532,-2.384424537005815,1.1835779725327755,Frequent Budget Buyers 🛍️,At Risk,144,4056.0,Silver Tier 🥈
CUST-1441,25,Male,Los Angeles,56655.66,20,3409.0,170.45,427.0,47,0.04,Bath & Body,1,1093,0.55,0,0,0,-0.24367905918565425,-0.4762228147654937,-0.24367905918565425,-0.4762228147654937,-0.8606143037986962,Occasional / New Shoppers 🌱,Potential Loyalists,523,3409.0,Bronze Tier 🥉
CUST-1442,42,Female,Miami,57758.9,24,4281.0,178.38,427.0,56,0.0542,Skincare,357,736,0.98,3,2,1,0.5686243362190752,-0.8390528476662529,0.5686243362190752,-0.8390528476662529,-0.2636028633618179,Frequent Budget Buyers 🛍️,At Risk,134,4281.0,Silver Tier 🥈
CUST-1443,35,Female,Miami,95951.29,28,4196.0,149.86,427.0,56,0.0411,Haircare,1,1093,0.77,2,0,0,0.9790494460500208,-0.6221735844445953,0.9790494460500208,-0.6221735844445953,-2.0168778310667315,VIP Cosmetics Enthusiasts ✨,Champions,554,4196.0,Silver Tier 🥈
CUST-1444,40,Female,Los Angeles,78595.5,27,3866.0,143.19,427.0,65,0.0667,Bath & Body,1,1093,0.74,2,0,0,0.4772218195630849,0.11747387867028121,0.4772218195630849,0.11747387867028121,-0.6923957996173042,VIP Cosmetics Enthusiasts ✨,Champions,544,3866.0,Silver Tier 🥈
CUST-1445,35,Female,Dallas,23994.36,26,4584.0,176.31,412.0,70,0.0654,Bath & Body,1,1093,0.71,2,1,0,1.5207104199490433,0.7033216495200685,1.5207104199490433,0.7033216495200685,0.43085110047111913,VIP Cosmetics Enthusiasts ✨,Champions,545,4584.0,Gold Tier 🥇
CUST-1446,58,Non-Binary,San Francisco,84566.31,33,4655.0,141.06,332.0,81,0.0652,Haircare,2,1091,0.91,2,1,0,1.8053647809869604,0.9184399681697428,1.8053647809869604,0.9184399681697428,-1.10326048224084,VIP Cosmetics Enthusiasts ✨,Loyal Customers,355,4655.0,Gold Tier 🥇
CUST-1447,59,Male,Dallas,66374.0,16,1890.0,118.12,303.0,45,0.0625,Haircare,2,1091,0.44,0,0,0,-2.828361573570687,1.6990161424666832,-2.828361573570687,1.6990161424666832,-0.5653671243114842,Occasional / New Shoppers 🌱,New / Promising,311,1890.0,Bronze Tier 🥉
CUST-1448,33,Female,New York,85509.16,23,4604.0,200.17,330.0,60,0.0587,Bath & Body,1,1091,0.63,2,1,0,1.5460295772166215,-1.2601693259813378,1.5460295772166215,-1.2601693259813378,0.5538873040039147,VIP Cosmetics Enthusiasts ✨,Loyal Customers,535,4604.0,Gold Tier 🥇
CUST-1449,33,Male,Seattle,77349.26,32,4578.0,143.06,383.0,79,0.075,Makeup,1,1091,0.88,2,1,0,1.6339028251634165,-0.19603090907921777,1.6339028251634165,-0.19603090907921777,-0.6759337854501147,VIP Cosmetics Enthusiasts ✨,Champions,555,4578.0,Gold Tier 🥇
CUST-1450,43,Male,Miami,97089.63,19,2631.0,138.47,427.0,47,0.0553,Bath & Body,2,1091,0.52,0,0,0,-1.5542623523463672,-0.12847852344859675,-1.5542623523463672,-0.12847852344859675,-0.9199283077398764,Occasional / New Shoppers 🌱,New / Promising,311,2631.0,Bronze Tier 🥉
CUST-1451,48,Female,Los Angeles,70419.09,20,2723.0,136.15,303.0,46,0.07,Bath & Body,1,1090,0.55,0,0,0,-1.3890423443767166,0.7963701278303547,-1.3890423443767166,0.7963701278303547,-0.11383553136548977,Occasional / New Shoppers 🌱,New / Promising,521,2723.0,Bronze Tier 🥉
CUST-1452,25,Non-Binary,Chicago,115886.12,28,3952.0,141.14,354.0,70,0.0714,Makeup,1,1092,0.77,2,1,-1,0.5914404964727,-1.5197982821476523,0.5914404964727,-1.5197982821476523,-0.9232576019466323,VIP Cosmetics Enthusiasts ✨,Champions,554,3952.0,Silver Tier 🥈
CUST-1453,46,Male,San Francisco,94875.66,23,3531.0,153.52,318.0,49,0.0522,Haircare,2,1092,0.63,0,0,0,-0.09203024888133052,-0.1334156735894035,-0.09203024888133052,-0.1334156735894035,-0.918239397721655,Occasional / New Shoppers 🌱,Loyal Customers,333,3531.0,Bronze Tier 🥉
CUST-1454,25,Female,New York,71174.01,31,4322.0,139.42,346.0,89,0.071,Makeup,1,1093,0.85,2,1,0,1.2486463994124786,-0.382728676467286,1.2486463994124786,-0.382728676467286,-0.9403233585460616,VIP Cosmetics Enthusiasts ✨,Champions,554,4322.0,Silver Tier 🥈
CUST-1455,64,Female,Chicago,67648.38,23,3784.0,164.52,427.0,57,0.1109,Skincare,1,1092,0.63,1,3,-1,0.28200197309010583,1.1861782313822977,0.28200197309010583,1.1861782313822977,2.63237811152161,Occasional / New Shoppers 🌱,Loyal Customers,533,3784.0,Silver Tier 🥈
CUST-1456,31,Female,Dallas,72483.64,26,3591.0,138.12,334.0,77,0.0462,Bath & Body,2,1091,0.71,0,0,0,0.06353802744098445,-0.07937275427057668,0.06353802744098445,-0.07937275427057668,-1.8327970166640957,Occasional / New Shoppers 🌱,Loyal Customers,343,3591.0,Bronze Tier 🥉
CUST-1457,55,Female,Chicago,48036.98,15,2538.0,169.2,427.0,39,0.08,Haircare,2,1091,0.41,1,0,0,-1.5632362449527841,1.1852066583255954,-1.5632362449527841,1.1852066583255954,1.7776210039107672,Occasional / New Shoppers 🌱,New / Promising,311,2538.0,Bronze Tier 🥉
CUST-1458,28,Female,Los Angeles,85605.07,22,3650.0,165.91,399.0,51,0.0386,Skincare,1,1093,0.6,0,0,0,0.09640667321017016,-0.9676250129140885,0.09640667321017016,-0.9676250129140885,-1.3216187631235616,Occasional / New Shoppers 🌱,Potential Loyalists,523,3650.0,Silver Tier 🥈
CUST-1459,60,Male,Dallas,63541.08,25,3820.0,152.8,427.0,56,0.072,Bath & Body,1,1091,0.69,1,0,0,0.3839744132578157,1.3248223684756253,0.3839744132578157,1.3248223684756253,0.2248328892796055,Occasional / New Shoppers 🌱,Loyal Customers,543,3820.0,Silver Tier 🥈
CUST-1460,38,Female,Dallas,55369.27,19,3746.0,197.16,427.0,47,0.05,Bath & Body,357,737,0.77,3,2,-1,-0.13520148584595656,-1.2501552712476849,-0.13520148584595656,-1.2501552712476849,0.3331527047234653,Frequent Budget Buyers 🛍️,Lost Customers,113,3746.0,Silver Tier 🥈
CUST-1461,32,Male,Seattle,51903.1,25,3201.0,128.04,283.0,70,0.068,Bath & Body,2,1090,0.69,0,0,0,-0.5425311637569795,0.5955572296007162,-0.5425311637569795,0.5955572296007162,-0.8058096316319243,Occasional / New Shoppers 🌱,Lost Customers,342,3201.0,Bronze Tier 🥉
CUST-1462,59,Female,Seattle,61286.57,22,3310.0,150.45,427.0,49,0.0682,Fragrance,1,1093,0.6,0,0,0,-0.4200297315435543,1.3647416017192293,-0.4200297315435543,1.3647416017192293,0.18144480073430486,Occasional / New Shoppers 🌱,New / Promising,522,3310.0,Bronze Tier 🥉
CUST-1463,60,Female,New York,66406.61,32,5744.0,179.5,427.0,81,0.0953,Bath & Body,2,1090,0.88,2,1,-1,3.185964787237292,0.8103061389799036,3.185964787237292,0.8103061389799036,1.5906835291118075,VIP Cosmetics Enthusiasts ✨,Loyal Customers,355,5744.0,Platinum Tier 💎
CUST-1464,35,Female,Chicago,71952.24,25,3669.0,146.76,281.0,68,0.064,Fragrance,357,734,1.02,3,2,1,-0.35752764991755553,-1.0696705862518998,-0.35752764991755553,-1.0696705862518998,-0.8024901413153305,Frequent Budget Buyers 🛍️,At Risk,143,3669.0,Silver Tier 🥈
CUST-1465,37,Female,San Francisco,58154.23,30,4087.0,136.23,427.0,74,0.0433,Fragrance,1,1091,0.82,2,0,0,0.9281597644000893,0.6223670736836087,0.9281597644000893,0.6223670736836087,-2.1642967661692607,VIP Cosmetics Enthusiasts ✨,Champions,554,4087.0,Silver Tier 🥈
CUST-1466,52,Female,New York,49074.85,20,3021.0,151.05,307.0,57,0.0625,Fragrance,1,1093,0.55,0,0,0,-0.8744479047377244,1.3109895021316424,-0.8744479047377244,1.3109895021316424,0.05271406413993242,Occasional / New Shoppers 🌱,New / Promising,522,3021.0,Bronze Tier 🥉
CUST-1467,26,Female,Los Angeles,71640.6,22,2547.0,115.77,182.0,51,0.0591,Skincare,2,1092,0.6,0,0,0,-1.6456362917146776,-0.0050719147902365674,-1.6456362917146776,-0.0050719147902365674,-1.5326189154399923,Occasional / New Shoppers 🌱,New / Promising,321,2547.0,Bronze Tier 🥉
CUST-1468,49,Female,Dallas,126010.61,13,1220.0,93.85,168.0,34,0.0654,Haircare,1,1085,0.36,0,0,-1,-4.190884285722705,0.06225632911462939,-4.190884285722705,0.06225632911462939,-1.273701510760489,Occasional / New Shoppers 🌱,New / Promising,511,1220.0,Bronze Tier 🥉
CUST-1469,20,Female,San Francisco,85554.04,14,2538.0,181.29,427.0,30,0.0643,Skincare,2,1087,0.39,0,0,0,-1.5162811575819368,-1.6335038924405045,-1.5162811575819368,-1.6335038924405045,0.8442432305408617,Occasional / New Shoppers 🌱,New / Promising,311,2538.0,Bronze Tier 🥉
CUST-1470,19,Female,Houston,91040.61,29,4568.0,157.52,427.0,80,0.0638,Haircare,1,1092,0.8,2,1,0,1.496134213870972,-1.4484690909813915,1.496134213870972,-1.4484690909813915,-0.8636176049386166,VIP Cosmetics Enthusiasts ✨,Champions,555,4568.0,Gold Tier 🥇
CUST-1471,44,Female,Los Angeles,65462.89,20,4041.0,202.05,427.0,40,0.07,Bath & Body,2,1087,0.55,1,0,0,0.7825354055864698,-0.26024931285396274,0.7825354055864698,-0.26024931285396274,1.58841821719109,Occasional / New Shoppers 🌱,Potential Loyalists,324,4041.0,Silver Tier 🥈
CUST-1472,55,Female,Chicago,49278.22,25,3975.0,159.0,427.0,59,0.068,Bath & Body,1,1091,0.69,2,1,0,0.620736382682966,1.3378598617802107,0.620736382682966,1.3378598617802107,0.2197325887266792,VIP Cosmetics Enthusiasts ✨,Champions,544,3975.0,Silver Tier 🥈
CUST-1473,43,Female,Seattle,76086.12,25,4462.0,178.48,427.0,61,0.094,Bath & Body,2,1091,0.69,1,1,0,1.2885351056609267,-0.2570298412983538,1.2885351056609267,-0.2570298412983538,1.7704914663553526,Occasional / New Shoppers 🌱,Loyal Customers,345,4462.0,Gold Tier 🥇
CUST-1474,39,Female,Seattle,54124.28,22,3240.0,147.27,427.0,50,0.0773,Makeup,1,1092,0.6,1,0,0,-0.5494670206455678,0.5786143609525664,-0.5494670206455678,0.5786143609525664,0.41561725397064064,Occasional / New Shoppers 🌱,New / Promising,522,3240.0,Bronze Tier 🥉
CUST-1475,21,Male,Los Angeles,53440.57,27,4082.0,151.19,333.0,63,0.0537,Fragrance,356,738,1.1,3,2,1,0.2976499187378203,-1.3571549024668017,0.2976499187378203,-1.3571549024668017,-1.3632940816519548,Frequent Budget Buyers 🛍️,At Risk,144,4082.0,Silver Tier 🥈
CUST-1476,43,Female,Los Angeles,86947.35,22,3298.0,149.91,427.0,53,0.0568,Haircare,357,733,0.9,3,2,1,-0.9584555365418896,-1.0845744130126906,-0.9584555365418896,-1.0845744130126906,-0.8899966184901908,Frequent Budget Buyers 🛍️,Lost Customers,122,3298.0,Bronze Tier 🥉
CUST-1477,22,Female,San Francisco,73590.42,22,3355.0,152.5,330.0,58,0.0932,Fragrance,2,1090,0.61,1,3,0,-0.41016799116901836,-0.8518934221298252,-0.41016799116901836,-0.8518934221298252,1.0860872204600218,Occasional / New Shoppers 🌱,Need Attention,222,3355.0,Bronze Tier 🥉
CUST-1478,62,Non-Binary,San Francisco,100178.01,22,4064.0,184.73,376.0,53,0.0727,Bath & Body,2,1092,0.6,1,1,0,0.7357989417337816,0.03439644634891394,0.7357989417337816,0.03439644634891394,1.1042778632151597,Occasional / New Shoppers 🌱,Need Attention,224,4064.0,Silver Tier 🥈
CUST-1479,33,Female,Chicago,72308.38,21,3128.0,148.95,300.0,55,0.069,Bath & Body,1,1090,0.58,0,0,0,-0.7406096797808776,-0.1834918330069718,-0.7406096797808776,-0.1834918330069718,-0.04620257166988615,Occasional / New Shoppers 🌱,New / Promising,522,3128.0,Bronze Tier 🥉
CUST-1480,22,Male,Seattle,102909.95,24,3785.0,157.71,322.0,61,0.0854,Fragrance,357,736,0.98,3,2,-1,-0.24846029483038404,-2.6787121850107276,-0.24846029483038404,-2.6787121850107276,0.33260015863934395,Frequent Budget Buyers 🛍️,At Risk,133,3785.0,Silver Tier 🥈
CUST-1481,34,Female,Miami,80790.16,22,3415.0,155.23,324.0,61,0.0659,Bath & Body,2,1092,0.6,0,0,0,-0.28809850074930277,-0.4324207449735747,-0.28809850074930277,-0.4324207449735747,-0.14652514331525615,Occasional / New Shoppers 🌱,Need Attention,223,3415.0,Bronze Tier 🥉
CUST-1482,50,Female,New York,90210.59,28,4776.0,170.57,324.0,81,0.0786,Makeup,2,1090,0.77,2,1,0,1.7745052145787201,-0.1110118350319715,1.7745052145787201,-0.1110118350319715,0.570283471665537,VIP Cosmetics Enthusiasts ✨,Need Attention,255,4776.0,Gold Tier 🥇
CUST-1483,45,Female,Dallas,62012.47,22,3597.0,163.5,310.0,55,0.0773,Haircare,1,1092,0.6,1,3,0,0.010796962400011422,0.44044455405413324,0.010796962400011422,0.44044455405413324,0.8464795036995313,Occasional / New Shoppers 🌱,Potential Loyalists,523,3597.0,Bronze Tier 🥉
CUST-1484,37,Female,Dallas,55027.39,21,2779.0,132.33,321.0,65,0.0738,Makeup,2,1092,0.58,0,0,0,-1.2924253094681648,0.6788037942876138,-1.2924253094681648,0.6788037942876138,-0.10345698299710585,Occasional / New Shoppers 🌱,Need Attention,221,2779.0,Bronze Tier 🥉
CUST-1485,38,Female,San Francisco,68623.81,23,3579.0,155.61,427.0,55,0.0587,Haircare,1,1093,0.63,0,0,0,-0.012051696779447408,0.07581772941779433,-0.012051696779447408,0.07581772941779433,-0.46137423580143755,Occasional / New Shoppers 🌱,Loyal Customers,533,3579.0,Bronze Tier 🥉
CUST-1486,23,Female,Los Angeles,76742.4,18,2223.0,123.5,427.0,42,0.0639,Fragrance,356,737,0.73,3,2,3,-2.7629630192260866,-1.4603323492871934,-2.7629630192260866,-1.4603323492871934,-1.069391024659662,Frequent Budget Buyers 🛍️,Lost Customers,111,2223.0,Bronze Tier 🥉
CUST-1487,57,Male,Houston,80425.03,17,2668.0,156.94,427.0,44,0.0794,Bath & Body,356,735,0.69,3,2,-1,-1.9441546632478675,-0.37021035762466864,-1.9441546632478675,-0.37021035762466864,0.9330543473338894,Frequent Budget Buyers 🛍️,Lost Customers,111,2668.0,Bronze Tier 🥉
CUST-1488,58,Male,Houston,86985.22,26,3964.0,152.46,427.0,63,0.0654,Makeup,1,1093,0.71,2,1,0,0.602109441000491,0.6651717929488433,0.602109441000491,0.6651717929488433,-0.3339587839187965,VIP Cosmetics Enthusiasts ✨,Champions,544,3964.0,Silver Tier 🥈
CUST-1489,60,Female,San Francisco,74724.89,18,3226.0,179.22,372.0,46,0.0639,Fragrance,1,1093,0.49,1,0,0,-0.481844033117222,0.6594641539990594,-0.481844033117222,0.6594641539990594,0.9193087503961244,Occasional / New Shoppers 🌱,New / Promising,512,3226.0,Bronze Tier 🥉
CUST-1490,41,Female,Houston,73711.66,26,4263.0,163.96,427.0,59,0.0635,Fragrance,1,1091,0.71,2,1,0,1.0306929786212524,-0.028976312522410758,1.0306929786212524,-0.028976312522410758,-0.21040079865253178,VIP Cosmetics Enthusiasts ✨,Champions,544,4263.0,Silver Tier 🥈
CUST-1491,41,Male,Chicago,26599.22,22,3600.0,163.64,427.0,55,0.1159,Haircare,1,1090,0.61,1,3,-1,0.0032654593833237335,1.0545940142259613,0.0032654593833237335,1.0545940142259613,2.952477087698458,Occasional / New Shoppers 🌱,Potential Loyalists,523,3600.0,Bronze Tier 🥉
CUST-1492,44,Female,Los Angeles,109832.93,24,4311.0,179.62,427.0,67,0.0729,Makeup,1,1092,0.66,2,1,0,1.0655006540684577,-1.0213743467970329,1.0655006540684577,-1.0213743467970329,0.628096789587263,VIP Cosmetics Enthusiasts ✨,Loyal Customers,534,4311.0,Silver Tier 🥈
CUST-1493,64,Male,Seattle,44775.4,19,3512.0,184.84,358.0,48,0.0711,Bath & Body,2,1089,0.52,1,0,0,-0.022873728271111535,1.499524839205342,-0.022873728271111535,1.499524839205342,1.5627923334965925,Occasional / New Shoppers 🌱,Lost Customers,213,3512.0,Bronze Tier 🥉
CUST-1494,46,Female,Seattle,91500.69,24,4520.0,188.33,427.0,60,0.0542,Fragrance,1,1093,0.66,2,1,0,1.4085424681159184,-0.5756016002961364,1.4085424681159184,-0.5756016002961364,0.03591791510330384,VIP Cosmetics Enthusiasts ✨,Loyal Customers,535,4520.0,Gold Tier 🥇
CUST-1495,53,Non-Binary,Chicago,58115.79,18,2530.0,140.56,290.0,45,0.0806,Fragrance,1,1093,0.49,1,0,0,-1.7057761934997706,1.261368908739409,-1.7057761934997706,1.261368908739409,0.7839458142892902,Occasional / New Shoppers 🌱,New / Promising,511,2530.0,Bronze Tier 🥉
CUST-1496,23,Female,Los Angeles,46930.79,25,4104.0,164.16,427.0,54,0.082,Bath & Body,2,1092,0.69,2,3,0,0.7727072752211871,-0.30110264552562843,0.7727072752211871,-0.30110264552562843,0.7800993105643891,VIP Cosmetics Enthusiasts ✨,Need Attention,244,4104.0,Silver Tier 🥈
CUST-1497,27,Male,Seattle,78636.39,26,4532.0,174.31,427.0,73,0.0731,Bath & Body,1,1093,0.71,2,1,0,1.3972737870202114,-1.0203191931638929,1.3972737870202114,-1.0203191931638929,0.3856230591776969,VIP Cosmetics Enthusiasts ✨,Champions,545,4532.0,Gold Tier 🥇
CUST-1498,49,Non-Binary,Dallas,46009.67,22,3739.0,169.95,335.0,59,0.0591,Skincare,1,1090,0.61,0,0,0,0.2621794801042451,0.9631736412363298,0.2621794801042451,0.9631736412363298,0.22591331101647977,Occasional / New Shoppers 🌱,Potential Loyalists,523,3739.0,Silver Tier 🥈
CUST-1499,57,Female,Seattle,102170.02,22,4026.0,183.0,427.0,56,0.075,Makeup,1,1091,0.6,1,1,0,0.6701595201811424,-0.23830107332164574,0.6701595201811424,-0.23830107332164574,1.119054072364219,Occasional / New Shoppers 🌱,Potential Loyalists,524,4026.0,Silver Tier 🥈
CUST-1500,57,Female,Seattle,58259.3,18,2710.0,150.56,296.0,47,0.0694,Fragrance,356,737,0.73,3,2,2,-1.876810326460592,0.2848247645566387,-1.876810326460592,0.2848247645566387,0.3215366028806137,Frequent Budget Buyers 🛍️,Lost Customers,111,2710.0,Bronze Tier 🥉
CUST-1501,61,Male,Miami,63450.69,22,3112.0,141.45,341.0,58,0.0795,Bath & Body,1,1093,0.6,1,0,0,-0.7397784173695485,1.529710883071595,-0.7397784173695485,1.529710883071595,0.5214651110263053,Occasional / New Shoppers 🌱,New / Promising,522,3112.0,Bronze Tier 🥉
CUST-1502,49,Male,Dallas,88792.12,26,4047.0,155.65,427.0,70,0.0788,Bath & Body,2,1092,0.71,1,3,0,0.7010700889038466,0.10099040081009092,0.7010700889038466,0.10099040081009092,0.3296988410268777,Occasional / New Shoppers 🌱,Need Attention,244,4047.0,Silver Tier 🥈
CUST-1503,21,Male,Miami,56540.06,23,3743.0,162.74,427.0,51,0.0522,Fragrance,2,1092,0.63,0,0,0,0.23714656283721533,-0.5751789952932694,0.23714656283721533,-0.5751789952932694,-0.6891210187080828,Occasional / New Shoppers 🌱,Need Attention,233,3743.0,Silver Tier 🥈
CUST-1504,39,Non-Binary,Chicago,63377.65,20,2968.0,148.4,307.0,52,0.07,Haircare,1,1093,0.55,0,0,0,-0.9880840218146901,0.33955643874192526,-0.9880840218146901,0.33955643874192526,0.16254108570845474,Occasional / New Shoppers 🌱,New / Promising,522,2968.0,Bronze Tier 🥉
CUST-1505,22,Female,Dallas,101813.25,22,4324.0,196.55,427.0,61,0.0818,Bath & Body,2,1090,0.61,1,1,-1,1.101860810120853,-2.189773502099873,1.101860810120853,-2.189773502099873,1.4972354809776172,Occasional / New Shoppers 🌱,Need Attention,224,4324.0,Silver Tier 🥈
CUST-1506,58,Female,Seattle,66243.01,15,1659.0,110.6,283.0,26,0.1033,Makeup,358,735,0.61,3,2,-1,-3.7960750912432526,0.6517354430250497,-3.7960750912432526,0.6517354430250497,1.152561120512168,Frequent Budget Buyers 🛍️,Lost Customers,111,1659.0,Bronze Tier 🥉
CUST-1507,61,Female,Houston,87141.83,32,4032.0,126.0,427.0,79,0.0562,Makeup,2,1092,0.88,2,1,0,0.9437800265296442,1.2527093635924251,0.9437800265296442,1.2527093635924251,-1.8637868223465826,VIP Cosmetics Enthusiasts ✨,Need Attention,254,4032.0,Silver Tier 🥈
CUST-1508,47,Female,Chicago,87867.35,36,6332.0,175.89,427.0,89,0.0792,Fragrance,1,1092,0.99,2,1,-1,4.063763508758643,-0.2816139134109961,4.063763508758643,-0.2816139134109961,0.17674473418450762,VIP Cosmetics Enthusiasts ✨,Champions,555,6332.0,Platinum Tier 💎
CUST-1509,20,Female,Dallas,27804.45,16,2771.0,173.19,337.0,34,0.0938,Makeup,1,1090,0.44,1,3,-1,-1.2153416694933854,-0.13548992543670074,-1.2153416694933854,-0.13548992543670074,2.3043091944406258,Occasional / New Shoppers 🌱,New / Promising,511,2771.0,Bronze Tier 🥉
CUST-1510,41,Female,Houston,57362.59,31,5024.0,162.06,412.0,73,0.0694,Bath & Body,2,1092,0.85,2,1,0,2.210569050549132,0.3976946032154159,2.210569050549132,0.3976946032154159,-0.21347761305641053,VIP Cosmetics Enthusiasts ✨,Need Attention,255,5024.0,Gold Tier 🥇
CUST-1511,39,Female,Miami,64432.7,23,3967.0,172.48,427.0,56,0.0609,Fragrance,2,1092,0.63,2,1,0,0.5837997561839903,-0.03148237763952795,0.5837997561839903,-0.03148237763952795,0.11874636347201467,VIP Cosmetics Enthusiasts ✨,Need Attention,234,3967.0,Silver Tier 🥈
CUST-1512,50,Female,Miami,73470.6,17,2098.0,123.41,427.0,51,0.0618,Haircare,356,734,0.69,3,2,-1,-2.9587887366915693,-0.0343124038064562,-2.9587887366915693,-0.0343124038064562,-0.8467317365991593,Frequent Budget Buyers 🛍️,Lost Customers,111,2098.0,Bronze Tier 🥉
CUST-1513,51,Male,Chicago,66668.36,19,3201.0,168.47,427.0,47,0.0553,Bath & Body,1,1092,0.52,0,0,0,-0.5605554420566886,0.5797765609157495,-0.5605554420566886,0.5797765609157495,0.10358482555752654,Occasional / New Shoppers 🌱,New / Promising,512,3201.0,Bronze Tier 🥉
CUST-1514,32,Female,Dallas,71821.49,29,4920.0,169.66,427.0,74,0.0621,Makeup,1,1093,0.8,2,1,0,2.0057478128220803,-0.5141731892850026,2.0057478128220803,-0.5141731892850026,-0.40909993773586173,VIP Cosmetics Enthusiasts ✨,Champions,555,4920.0,Gold Tier 🥇
CUST-1515,42,Female,Dallas,66094.44,30,4797.0,159.9,427.0,82,0.055,Makeup,1,1093,0.82,2,1,0,1.8815471806104633,0.28887687718553773,1.8815471806104633,0.28887687718553773,-0.9639414383476128,VIP Cosmetics Enthusiasts ✨,Champions,555,4797.0,Gold Tier 🥇
CUST-1516,51,Female,Dallas,69963.23,17,2771.0,163.0,412.0,45,0.0676,Haircare,1,1093,0.47,0,0,0,-1.249251320706248,0.558990587350547,-1.249251320706248,0.558990587350547,0.6975436959805836,Occasional / New Shoppers 🌱,New / Promising,511,2771.0,Bronze Tier 🥉
CUST-1517,45,Male,New York,51372.44,27,3615.0,133.89,261.0,68,0.0704,Bath & Body,2,1092,0.74,0,0,0,0.13741707259491798,1.1714282377792284,0.13741707259491798,1.1714282377792284,-0.5492974119332672,Occasional / New Shoppers 🌱,Need Attention,243,3615.0,Silver Tier 🥈
CUST-1518,23,Male,Miami,55112.01,21,3134.0,149.24,315.0,56,0.05,Makeup,1,1090,0.58,0,0,0,-0.7125726647409881,-0.23571865825661448,-0.7125726647409881,-0.23571865825661448,-0.9865997256036125,Occasional / New Shoppers 🌱,New / Promising,522,3134.0,Bronze Tier 🥉
CUST-1519,53,Female,New York,61222.41,23,3780.0,164.35,427.0,62,0.063,Makeup,1,1091,0.63,0,0,0,0.3102475395150486,0.8676953888664393,0.3102475395150486,0.8676953888664393,0.1585930654557222,Occasional / New Shoppers 🌱,Loyal Customers,533,3780.0,Silver Tier 🥈
CUST-1520,38,Female,Chicago,90365.87,29,4186.0,144.34,403.0,77,0.069,Fragrance,1,1093,0.8,2,1,0,0.9817961078191453,-0.2871871411902656,0.9817961078191453,-0.2871871411902656,-0.767852069885097,VIP Cosmetics Enthusiasts ✨,Champions,554,4186.0,Silver Tier 🥈
CUST-1521,56,Male,Seattle,73894.16,26,4592.0,176.62,427.0,60,0.0731,Skincare,1,1090,0.72,2,1,0,1.5114655958198713,0.506434145647336,1.5114655958198713,0.506434145647336,0.7343433378405388,VIP Cosmetics Enthusiasts ✨,Champions,545,4592.0,Gold Tier 🥇
CUST-1522,42,Non-Binary,San Francisco,93188.77,23,3686.0,160.26,427.0,55,0.0848,Fragrance,356,738,0.93,3,2,-1,-0.37954055230724054,-1.4790076049826184,-0.37954055230724054,-1.4790076049826184,0.6730346313120682,Frequent Budget Buyers 🛍️,At Risk,133,3686.0,Silver Tier 🥈
CUST-1523,53,Female,Los Angeles,70851.14,25,3211.0,128.44,427.0,60,0.056,Bath & Body,1,1093,0.69,0,0,0,-0.5111375900789451,1.1902216904332314,-0.5111375900789451,1.1902216904332314,-1.3146125734635747,Occasional / New Shoppers 🌱,Lost Customers,542,3211.0,Bronze Tier 🥉
CUST-1524,63,Female,Los Angeles,85296.09,29,3691.0,127.28,330.0,77,0.0448,Haircare,1,1093,0.8,0,1,-1,0.3440965399454776,1.384155754516208,0.3440965399454776,1.384155754516208,-2.170304073991271,Occasional / New Shoppers 🌱,Loyal Customers,553,3691.0,Silver Tier 🥈
CUST-1525,62,Female,New York,80079.01,20,2307.0,115.35,288.0,44,0.0525,Haircare,1,1093,0.55,0,0,0,-2.0550583389101478,1.5898872621316222,-2.0550583389101478,1.5898872621316222,-1.4608313701873545,Occasional / New Shoppers 🌱,New / Promising,521,2307.0,Bronze Tier 🥉
CUST-1526,51,Female,Chicago,22000.0,22,3632.0,165.09,303.0,49,0.0659,Bath & Body,1,1093,0.6,0,0,0,0.10584875828863481,1.7166015313669234,0.10584875828863481,1.7166015313669234,0.5947769529023419,Occasional / New Shoppers 🌱,Potential Loyalists,523,3632.0,Silver Tier 🥈
CUST-1527,50,Female,San Francisco,96130.42,36,6058.0,168.28,427.0,85,0.075,Bath & Body,1,1093,0.99,2,1,-1,3.7190571738840035,-0.2063955080996387,3.7190571738840035,-0.2063955080996387,-0.25002522956101636,VIP Cosmetics Enthusiasts ✨,Champions,555,6058.0,Platinum Tier 💎
CUST-1528,20,Female,San Francisco,94060.88,27,4165.0,154.26,427.0,69,0.0556,Fragrance,2,1091,0.74,2,1,0,0.883453015762562,-1.4173095494881194,0.883453015762562,-1.4173095494881194,-1.2318354477385076,VIP Cosmetics Enthusiasts ✨,Need Attention,244,4165.0,Silver Tier 🥈
CUST-1529,35,Male,Miami,93446.88,28,5283.0,188.68,427.0,64,0.0625,Skincare,1,1092,0.77,2,1,0,2.4839430837580605,-1.192526408156937,2.4839430837580605,-1.192526408156937,0.0769934001386357,VIP Cosmetics Enthusiasts ✨,Champions,555,5283.0,Platinum Tier 💎
CUST-1530,63,Female,Houston,61152.55,30,4853.0,161.77,427.0,71,0.0917,Haircare,1,1093,0.82,2,1,0,1.9482051672246778,1.3749571201821913,1.9482051672246778,1.3749571201821913,1.145649619765968,VIP Cosmetics Enthusiasts ✨,Champions,555,4853.0,Gold Tier 🥇
CUST-1531,46,Female,Chicago,42849.95,19,3920.0,206.32,427.0,48,0.0763,Haircare,1,1092,0.52,1,0,0,0.6520169808666219,0.3287542054183065,0.6520169808666219,0.3287542054183065,2.230608256125911,Occasional / New Shoppers 🌱,Potential Loyalists,514,3920.0,Silver Tier 🥈
CUST-1532,26,Female,Los Angeles,66291.45,26,4071.0,156.58,427.0,64,0.0788,Bath & Body,1,1091,0.71,2,1,0,0.7325543575688245,-0.5030871064395449,0.7325543575688245,-0.5030871064395449,0.273203544206975,VIP Cosmetics Enthusiasts ✨,Champions,544,4071.0,Silver Tier 🥈
CUST-1533,24,Female,Miami,60342.6,22,3799.0,172.68,396.0,54,0.0636,Bath & Body,2,1091,0.6,0,0,0,0.32114417236603887,-0.6858774439179126,0.32114417236603887,-0.6858774439179126,0.2154748147577807,Occasional / New Shoppers 🌱,Need Attention,223,3799.0,Silver Tier 🥈
CUST-1534,37,Female,Seattle,70105.34,24,3792.0,158.0,427.0,57,0.0667,Haircare,1,1092,0.66,0,0,0,0.31023183875945287,-0.05633509208346846,0.31023183875945287,-0.05633509208346846,-0.08323952024782397,Occasional / New Shoppers 🌱,Loyal Customers,533,3792.0,Silver Tier 🥈
CUST-1535,37,Male,Dallas,74904.16,23,3946.0,171.57,427.0,60,0.0674,Bath & Body,1,1091,0.63,2,0,0,0.5392673072242471,-0.3815379969451939,0.5392673072242471,-0.3815379969451939,0.3451251892899316,VIP Cosmetics Enthusiasts ✨,Loyal Customers,534,3946.0,Silver Tier 🥈
CUST-1536,61,Female,San Francisco,72408.23,19,2678.0,140.95,427.0,44,0.1053,Haircare,1,1093,0.52,1,3,-1,-1.4832651006740567,1.2702275652636128,-1.4832651006740567,1.2702275652636128,1.958465934102411,Occasional / New Shoppers 🌱,New / Promising,511,2678.0,Bronze Tier 🥉
CUST-1537,41,Male,San Francisco,36674.43,19,2386.0,125.58,427.0,50,0.0789,Fragrance,2,1090,0.52,0,0,0,-1.9516148803535251,1.414125892619479,-1.9516148803535251,1.414125892619479,0.25309788923350174,Occasional / New Shoppers 🌱,Lost Customers,211,2386.0,Bronze Tier 🥉
CUST-1538,30,Female,New York,73106.14,13,1761.0,135.46,288.0,31,0.0538,Fragrance,1,1093,0.36,0,0,-1,-3.0167663086676915,-0.15839461718472797,-3.0167663086676915,-0.15839461718472797,-0.646741507708061,Occasional / New Shoppers 🌱,New / Promising,511,1761.0,Bronze Tier 🥉
CUST-1539,28,Female,Los Angeles,73747.34,29,4722.0,162.83,427.0,80,0.0707,Haircare,1,1092,0.8,2,1,0,1.7212715859434233,-0.667017346446359,1.7212715859434233,-0.667017346446359,-0.20082368974425438,VIP Cosmetics Enthusiasts ✨,Champions,555,4722.0,Gold Tier 🥇
CUST-1540,31,Female,Houston,36111.32,19,3419.0,179.95,427.0,53,0.0868,Haircare,357,736,0.77,3,2,-1,-0.7131203329246115,-0.9248219281052569,-0.7131203329246115,-0.9248219281052569,1.7799307144637977,Frequent Budget Buyers 🛍️,Lost Customers,113,3419.0,Bronze Tier 🥉
CUST-1541,54,Female,Los Angeles,70675.64,30,4717.0,157.23,427.0,74,0.0717,Fragrance,1,1093,0.82,2,1,0,1.7662460707064227,0.7919618604849502,1.7662460707064227,0.7919618604849502,-0.11144350407342035,VIP Cosmetics Enthusiasts ✨,Champions,555,4717.0,Gold Tier 🥇
CUST-1542,50,Female,San Francisco,101027.15,27,3983.0,147.52,427.0,65,0.0519,Makeup,1,1091,0.74,2,0,0,0.6496778061389129,0.018659924221123086,0.6496778061389129,0.018659924221123086,-1.3597181063432642,VIP Cosmetics Enthusiasts ✨,Champions,544,3983.0,Silver Tier 🥈
CUST-1543,45,Male,Houston,110446.55,17,3045.0,179.12,427.0,46,0.0912,Fragrance,2,1089,0.47,1,3,-1,-0.8070632819978037,-1.0078653908839261,-0.8070632819978037,-1.0078653908839261,2.0191653132532252,Occasional / New Shoppers 🌱,Lost Customers,212,3045.0,Bronze Tier 🥉
CUST-1544,45,Female,Seattle,85602.28,13,1976.0,152.0,427.0,33,0.0731,Bath & Body,356,736,0.53,3,2,-1,-3.0702097460947173,-1.0234634576873807,-3.0702097460947173,-1.0234634576873807,0.6235591233789549,Frequent Budget Buyers 🛍️,Lost Customers,111,1976.0,Bronze Tier 🥉
CUST-1545,40,Female,New York,92223.13,24,2923.0,121.79,383.0,52,0.0604,Skincare,1,1090,0.66,0,0,0,-1.0026109022729348,0.10664182123930478,-1.0026109022729348,0.10664182123930478,-1.4359067449680898,Occasional / New Shoppers 🌱,Lost Customers,532,2923.0,Bronze Tier 🥉
CUST-1546,36,Female,New York,77220.69,27,4003.0,148.26,387.0,72,0.05,Fragrance,1,1090,0.74,2,0,0,0.683273775716943,-0.10206385063373644,0.683273775716943,-0.10206385063373644,-1.4284176065831435,VIP Cosmetics Enthusiasts ✨,Champions,544,4003.0,Silver Tier 🥈
CUST-1547,54,Female,New York,65621.69,20,2078.0,103.9,255.0,53,0.06,Makeup,2,1092,0.55,0,0,-1,-2.437599583728071,1.702716106954905,-2.437599583728071,1.702716106954905,-1.3727825384742034,Occasional / New Shoppers 🌱,Need Attention,221,2078.0,Bronze Tier 🥉
CUST-1548,61,Female,Miami,49116.91,26,4244.0,163.23,427.0,83,0.0885,Haircare,2,1091,0.71,1,1,0,1.0138121426176478,1.5451915341350446,1.0138121426176478,1.5451915341350446,1.3453432655218662,Occasional / New Shoppers 🌱,Need Attention,244,4244.0,Silver Tier 🥈
CUST-1549,44,Female,San Francisco,69525.93,23,3278.0,142.52,317.0,57,0.0783,Fragrance,2,1092,0.63,1,3,0,-0.48717282229970127,0.5186629535692079,-0.48717282229970127,0.5186629535692079,0.23232074874296663,Occasional / New Shoppers 🌱,Need Attention,232,3278.0,Bronze Tier 🥉
CUST-1550,64,Female,New York,74586.77,24,2884.0,120.17,332.0,51,0.0583,Fragrance,358,734,0.98,3,2,-1,-1.5285538402631604,0.7164352403937402,-1.5285538402631604,0.7164352403937402,-1.4631504230864871,Frequent Budget Buyers 🛍️,Lost Customers,131,2884.0,Bronze Tier 🥉
CUST-1551,53,Female,Houston,83300.87,22,3531.0,160.5,358.0,54,0.0955,Skincare,2,1091,0.6,1,3,0,-0.11615214513357736,0.3311553481273176,-0.11615214513357736,0.3311553481273176,1.6346996293104725,Occasional / New Shoppers 🌱,Need Attention,223,3531.0,Bronze Tier 🥉
CUST-1552,50,Female,Miami,97335.33,29,5095.0,175.69,427.0,69,0.0569,Haircare,1,1092,0.8,2,1,0,2.249683309842916,-0.33112249357808426,2.249683309842916,-0.33112249357808426,-0.49533951148405764,VIP Cosmetics Enthusiasts ✨,Champions,555,5095.0,Gold Tier 🥇
CUST-1553,61,Female,Houston,84777.06,26,4288.0,164.92,337.0,61,0.0481,Fragrance,357,737,1.06,3,2,-1,0.5899644029846445,-0.3418684007747638,0.5899644029846445,-0.3418684007747638,-1.0362145096324284,Frequent Budget Buyers 🛍️,At Risk,144,4288.0,Silver Tier 🥈
CUST-1554,47,Female,Miami,74678.09,20,2951.0,147.55,427.0,52,0.06,Fragrance,2,1089,0.55,0,0,0,-1.009868777683923,0.48435069486245064,-1.009868777683923,0.48435069486245064,-0.35375874707843563,Occasional / New Shoppers 🌱,Need Attention,222,2951.0,Bronze Tier 🥉
CUST-1555,60,Male,Houston,36027.66,23,3992.0,173.57,427.0,57,0.0739,Fragrance,2,1092,0.63,1,0,0,0.6473844245465422,1.6789302243788717,0.6473844245465422,1.6789302243788717,1.1499353270935095,Occasional / New Shoppers 🌱,Need Attention,234,3992.0,Silver Tier 🥈
CUST-1556,51,Female,San Francisco,101392.65,30,4007.0,133.57,336.0,86,0.06,Makeup,1,1091,0.82,2,1,0,0.7898352547337192,0.27388086037056947,0.7898352547337192,0.27388086037056947,-1.5112795839231916,VIP Cosmetics Enthusiasts ✨,Champions,554,4007.0,Silver Tier 🥈
CUST-1557,54,Male,Miami,76832.04,22,3118.0,141.73,329.0,61,0.0795,Makeup,1,1092,0.6,1,3,0,-0.7447026415372393,0.847391332726551,-0.7447026415372393,0.847391332726551,0.39005043481027646,Occasional / New Shoppers 🌱,New / Promising,522,3118.0,Bronze Tier 🥉
CUST-1558,55,Female,Dallas,22992.84,26,3809.0,146.5,427.0,76,0.0577,Makeup,1,1093,0.71,0,0,0,0.4228163269688442,2.192518007015469,0.4228163269688442,2.192518007015469,-0.5416750012147005,Occasional / New Shoppers 🌱,Loyal Customers,543,3809.0,Silver Tier 🥈
CUST-1559,53,Female,Seattle,90452.37,32,5533.0,172.91,427.0,81,0.0844,Skincare,1,1093,0.88,2,1,0,2.896300834221202,-0.0072997673266641284,2.896300834221202,-0.0072997673266641284,0.6746240473357694,VIP Cosmetics Enthusiasts ✨,Champions,555,5533.0,Platinum Tier 💎
CUST-1560,50,Female,Houston,53854.06,36,6182.0,171.72,427.0,101,0.0542,Skincare,1,1093,0.99,2,1,-1,3.9195840500743846,0.8082073491127912,3.9195840500743846,0.8082073491127912,-0.9678921805183944,VIP Cosmetics Enthusiasts ✨,Champions,555,6182.0,Platinum Tier 💎
CUST-1561,36,Female,Seattle,48005.22,24,4100.0,170.83,427.0,55,0.05,Skincare,358,736,0.98,3,2,1,0.29970660861452975,-0.78064733418223,0.29970660861452975,-0.78064733418223,-0.6701357504050918,Frequent Budget Buyers 🛍️,At Risk,134,4100.0,Silver Tier 🥈
CUST-1562,45,Female,Seattle,61792.42,20,2727.0,136.35,427.0,51,0.0575,Haircare,1,1091,0.55,0,0,0,-1.3691286992851515,0.8741663356458685,-1.3691286992851515,0.8741663356458685,-0.7150624565609269,Occasional / New Shoppers 🌱,New / Promising,521,2727.0,Bronze Tier 🥉
CUST-1563,19,Female,Houston,54470.13,23,3087.0,134.22,427.0,51,0.0565,Skincare,1,1090,0.63,0,0,0,-0.7721600185461222,-0.1975384079320865,-0.7721600185461222,-0.1975384079320865,-1.2186176211857982,Occasional / New Shoppers 🌱,Lost Customers,532,3087.0,Bronze Tier 🥉
CUST-1564,20,Male,Dallas,77605.14,23,4362.0,189.65,427.0,65,0.0826,Fragrance,1,1091,0.63,2,1,0,1.14917967225971,-1.589654796399816,1.14917967225971,-1.589654796399816,1.4086418098254248,VIP Cosmetics Enthusiasts ✨,Loyal Customers,534,4362.0,Silver Tier 🥈
CUST-1565,62,Female,New York,40410.75,29,4801.0,165.55,427.0,82,0.0672,Skincare,1,1093,0.8,2,1,0,1.882814400041842,1.810562501268907,1.882814400041842,1.810562501268907,0.18893957018492546,VIP Cosmetics Enthusiasts ✨,Champions,455,4801.0,Gold Tier 🥇
CUST-1566,55,Female,Dallas,62625.29,19,2491.0,131.11,427.0,46,0.0605,Skincare,1,1093,0.52,0,0,0,-1.7620444825372146,1.4214648150583304,-1.7620444825372146,1.4214648150583304,-0.5466604986913146,Occasional / New Shoppers 🌱,New / Promising,411,2491.0,Bronze Tier 🥉
CUST-1567,56,Female,Los Angeles,47379.73,24,3416.0,142.33,287.0,59,0.0667,Bath & Body,1,1091,0.66,0,0,0,-0.22450458177137145,1.687207359697687,-0.22450458177137145,1.687207359697687,-0.18964957066786609,Occasional / New Shoppers 🌱,Loyal Customers,433,3416.0,Bronze Tier 🥉
CUST-1568,31,Female,Seattle,86303.06,24,3500.0,145.83,427.0,63,0.0812,Haircare,1,1093,0.66,1,3,0,-0.15612459754274216,-0.5904895417345402,-0.15612459754274216,-0.5904895417345402,0.18413322157474346,Occasional / New Shoppers 🌱,Loyal Customers,433,3500.0,Bronze Tier 🥉
CUST-1569,46,Male,Chicago,61966.75,29,4020.0,138.62,381.0,71,0.0707,Makeup,2,1091,0.8,2,1,0,0.7753444545940911,0.8939617734142169,0.7753444545940911,0.8939617734142169,-0.5986562528870311,VIP Cosmetics Enthusiasts ✨,Need Attention,254,4020.0,Silver Tier 🥈
CUST-1570,27,Female,Los Angeles,62830.65,23,4191.0,182.22,427.0,60,0.0696,Bath & Body,1,1090,0.63,2,1,0,0.9128577242091142,-0.7465364018685343,0.9128577242091142,-0.7465364018685343,0.7094610455239976,VIP Cosmetics Enthusiasts ✨,Loyal Customers,434,4191.0,Silver Tier 🥈
CUST-1571,43,Male,Chicago,50788.59,16,3052.0,190.75,427.0,38,0.0719,Bath & Body,356,737,0.65,3,2,-1,-1.1659802755301858,-0.8193397801582756,-1.1659802755301858,-0.8193397801582756,1.544268606043715,Frequent Budget Buyers 🛍️,Lost Customers,112,3052.0,Bronze Tier 🥉
CUST-1572,62,Female,New York,72257.9,28,4248.0,151.71,412.0,62,0.0875,Bath & Body,356,737,1.14,3,2,-1,0.5536068143059355,0.1688505142131825,0.5536068143059355,0.1688505142131825,0.5443882596250562,Frequent Budget Buyers 🛍️,At Risk,154,4248.0,Silver Tier 🥈
CUST-1573,56,Non-Binary,Houston,48075.13,22,2872.0,130.55,412.0,50,0.0432,Fragrance,1,1092,0.6,0,0,0,-1.0807144886010793,1.874493045036742,-1.0807144886010793,1.874493045036742,-1.5433304453573107,Occasional / New Shoppers 🌱,New / Promising,421,2872.0,Bronze Tier 🥉
CUST-1574,22,Male,Los Angeles,48591.48,30,4712.0,157.07,427.0,70,0.0633,Bath & Body,1,1092,0.82,2,1,0,1.7539108665920593,-0.2450160707953838,1.7539108665920593,-0.2450160707953838,-0.7023779848424099,VIP Cosmetics Enthusiasts ✨,Champions,455,4712.0,Gold Tier 🥇
CUST-1575,59,Female,San Francisco,25883.09,25,4528.0,181.12,427.0,60,0.05,Bath & Body,1,1091,0.69,2,1,0,1.469096940111669,1.8018720027085309,1.469096940111669,1.8018720027085309,0.056735631644224516,VIP Cosmetics Enthusiasts ✨,Champions,445,4528.0,Gold Tier 🥇
CUST-1576,55,Female,Chicago,80062.62,16,2008.0,125.5,341.0,43,0.0406,Haircare,356,736,0.65,3,2,-1,-3.0984435731420223,0.0484536609131376,-3.0984435731420223,0.0484536609131376,-1.7812887904307335,Frequent Budget Buyers 🛍️,Lost Customers,111,2008.0,Bronze Tier 🥉
CUST-1577,30,Female,Dallas,22000.0,24,3370.0,140.42,427.0,66,0.0729,Bath & Body,1,1092,0.66,0,0,-1,-0.3040626429028853,1.0357327580166245,-0.3040626429028853,1.0357327580166245,-0.01975346857732193,Occasional / New Shoppers 🌱,Lost Customers,432,3370.0,Bronze Tier 🥉
CUST-1578,28,Female,Dallas,75719.55,28,5566.0,198.79,427.0,66,0.05,Fragrance,2,1092,0.77,2,1,-1,2.8943838923623844,-1.2466983672937426,2.8943838923623844,-1.2466983672937426,-0.2531775929082961,VIP Cosmetics Enthusiasts ✨,Need Attention,255,5566.0,Platinum Tier 💎
CUST-1579,62,Female,New York,54276.52,28,4271.0,152.54,427.0,72,0.05,Bath & Body,2,1089,0.77,2,1,0,1.1247010392282977,1.6916899768627593,1.1247010392282977,1.6916899768627593,-1.022081999135683,VIP Cosmetics Enthusiasts ✨,Need Attention,254,4271.0,Silver Tier 🥈
CUST-1580,30,Female,Dallas,52024.77,23,3479.0,151.26,306.0,64,0.0609,Skincare,1,1092,0.63,0,0,0,-0.163398916708419,0.14783260839826085,-0.163398916708419,0.14783260839826085,-0.4424642018742625,Occasional / New Shoppers 🌱,Loyal Customers,433,3479.0,Bronze Tier 🥉
CUST-1581,19,Female,Seattle,71869.54,20,3035.0,151.75,427.0,52,0.055,Haircare,1,1093,0.55,0,0,0,-0.8874801470508453,-0.8942248399479115,-0.8874801470508453,-0.8942248399479115,-0.7326198362945556,Occasional / New Shoppers 🌱,New / Promising,422,3035.0,Bronze Tier 🥉
CUST-1582,58,Female,Dallas,76887.61,25,5038.0,201.52,427.0,66,0.06,Fragrance,1,1093,0.69,2,1,0,2.1789956315526964,0.17192950282059433,2.1789956315526964,0.17192950282059433,0.7912609755348842,VIP Cosmetics Enthusiasts ✨,Champions,445,5038.0,Gold Tier 🥇
CUST-1583,49,Male,Seattle,91572.16,24,3798.0,158.25,427.0,60,0.0687,Bath & Body,1,1092,0.66,1,3,0,0.3138372322651966,0.0069376833955934435,0.3138372322651966,0.0069376833955934435,0.01122800164814411,Occasional / New Shoppers 🌱,Loyal Customers,433,3798.0,Silver Tier 🥈
CUST-1584,36,Female,New York,77010.96,23,4251.0,184.83,333.0,64,0.063,Makeup,1,1093,0.63,2,1,0,1.0088069233769021,-0.6766363735759516,1.0088069233769021,-0.6766363735759516,0.44707127110351386,VIP Cosmetics Enthusiasts ✨,Loyal Customers,434,4251.0,Silver Tier 🥈
CUST-1585,51,Female,Chicago,88238.25,23,3212.0,139.65,427.0,62,0.0783,Haircare,2,1092,0.63,1,3,0,-0.5946618026090745,0.45040193537980433,-0.5946618026090745,0.45040193537980433,0.11573261582070697,Occasional / New Shoppers 🌱,Need Attention,232,3212.0,Bronze Tier 🥉
CUST-1586,37,Female,Chicago,77043.75,16,2303.0,143.94,300.0,39,0.0719,Haircare,2,1091,0.44,0,0,0,-2.090062010222279,-0.047461110183183344,-2.090062010222279,-0.047461110183183344,0.31925931325622087,Occasional / New Shoppers 🌱,Lost Customers,211,2303.0,Bronze Tier 🥉
CUST-1587,59,Female,Los Angeles,77655.38,31,4814.0,155.29,427.0,72,0.0452,Skincare,2,1092,0.85,2,1,0,1.9514055403047592,0.9370431630104517,1.9514055403047592,0.9370431630104517,-1.5557525917507842,VIP Cosmetics Enthusiasts ✨,Need Attention,255,4814.0,Gold Tier 🥇
CUST-1588,61,Female,Miami,63327.48,26,4243.0,163.19,349.0,56,0.0596,Fragrance,356,738,1.06,3,2,1,0.5306009477354255,0.1987198626471481,0.5306009477354255,0.1987198626471481,-0.3819396996109661,Frequent Budget Buyers 🛍️,At Risk,144,4243.0,Silver Tier 🥈
CUST-1589,46,Female,New York,40559.12,26,4192.0,161.23,427.0,67,0.0654,Bath & Body,1,1092,0.71,2,1,0,0.9519086096772563,1.0750020224952685,0.9519086096772563,1.0750020224952685,0.046330916643368206,VIP Cosmetics Enthusiasts ✨,Champions,444,4192.0,Silver Tier 🥈
CUST-1590,64,Non-Binary,New York,27264.7,11,2068.0,188.0,427.0,20,0.0545,Haircare,1,1091,0.3,0,0,-1,-2.0509131532641964,1.917242567466082,-2.0509131532641964,1.917242567466082,1.4592175851148774,Occasional / New Shoppers 🌱,New / Promising,411,2068.0,Bronze Tier 🥉
CUST-1591,26,Female,New York,94345.94,29,4392.0,151.45,329.0,73,0.0724,Haircare,1,1093,0.8,2,1,0,1.2503085673578769,-1.0988076297077258,1.2503085673578769,-1.0988076297077258,-0.5440098053703157,VIP Cosmetics Enthusiasts ✨,Champions,454,4392.0,Silver Tier 🥈
CUST-1592,59,Male,New York,89725.15,23,3129.0,136.04,269.0,62,0.0848,Fragrance,1,1089,0.63,1,3,0,-0.720281534513887,0.8605028836836881,-0.720281534513887,0.8605028836836881,0.41311543912565984,Occasional / New Shoppers 🌱,Lost Customers,432,3129.0,Bronze Tier 🥉
CUST-1593,56,Female,New York,43729.1,22,3172.0,144.18,372.0,53,0.05,Fragrance,359,735,0.9,3,2,-1,-1.1147725602586667,0.7165136158341026,-1.1147725602586667,0.7165136158341026,-1.020292872043987,Frequent Budget Buyers 🛍️,Lost Customers,122,3172.0,Bronze Tier 🥉
CUST-1594,23,Female,Los Angeles,87206.48,21,3807.0,181.29,427.0,47,0.0643,Bath & Body,1,1092,0.58,1,0,0,0.3367122257070918,-1.5234822185671233,0.3367122257070918,-1.5234822185671233,0.3827104759231199,Occasional / New Shoppers 🌱,Potential Loyalists,423,3807.0,Silver Tier 🥈
CUST-1595,57,Female,Chicago,66930.68,24,3748.0,156.17,324.0,58,0.0625,Bath & Body,1,1093,0.66,0,0,0,0.26638328412096113,1.0524274483806657,0.26638328412096113,1.0524274483806657,-0.14296655147292042,Occasional / New Shoppers 🌱,Loyal Customers,433,3748.0,Silver Tier 🥈
CUST-1596,28,Female,Miami,74646.99,22,2790.0,126.82,317.0,46,0.0659,Makeup,357,737,0.9,3,2,1,-1.7678089958756351,-1.1967857124262464,-1.7678089958756351,-1.1967857124262464,-1.0982149031421957,Frequent Budget Buyers 🛍️,Lost Customers,121,2790.0,Bronze Tier 🥉
CUST-1597,46,Female,Seattle,96587.5,25,3565.0,142.6,333.0,65,0.054,Bath & Body,2,1091,0.69,0,0,0,-0.011491933989500523,-0.0076464744999046735,-0.011491933989500523,-0.0076464744999046735,-1.2569900678669408,Occasional / New Shoppers 🌱,Need Attention,243,3565.0,Bronze Tier 🥉
CUST-1598,21,Non-Binary,Dallas,54332.65,24,3581.0,149.21,326.0,62,0.0687,Bath & Body,1,1092,0.66,0,3,0,-0.011799107851319266,-0.3354746845204965,-0.011799107851319266,-0.3354746845204965,-0.26640858063584716,Occasional / New Shoppers 🌱,Loyal Customers,433,3581.0,Bronze Tier 🥉
CUST-1599,18,Female,Chicago,89148.14,20,3458.0,172.9,358.0,43,0.115,Fragrance,364,730,0.82,3,2,-1,-0.7603002029716771,-2.8346532280726287,-0.7603002029716771,-2.8346532280726287,2.5246886828147628,Frequent Budget Buyers 🛍️,Lost Customers,123,3458.0,Bronze Tier 🥉
CUST-1600,32,Non-Binary,Dallas,89277.98,26,4432.0,170.46,427.0,66,0.0635,Fragrance,1,1089,0.72,2,1,0,1.2577198309369044,-0.960117444515512,1.2577198309369044,-0.960117444515512,-0.21110151035010052,VIP Cosmetics Enthusiasts ✨,Champions,445,4432.0,Gold Tier 🥇
CUST-1601,52,Female,New York,40748.78,20,3615.0,180.75,341.0,52,0.0775,Fragrance,2,1092,0.55,1,0,0,0.09656884094811881,1.0512840278275364,0.09656884094811881,1.0512840278275364,1.6237047450944613,Occasional / New Shoppers 🌱,Need Attention,223,3615.0,Silver Tier 🥈
CUST-1602,21,Female,Houston,72762.3,16,2814.0,175.88,326.0,41,0.0781,Fragrance,356,738,0.65,3,2,-1,-1.6479455575041184,-2.250165323143295,-1.6479455575041184,-2.250165323143295,1.146325527010332,Frequent Budget Buyers 🛍️,Lost Customers,111,2814.0,Bronze Tier 🥉
CUST-1603,22,Female,Seattle,56501.58,16,2267.0,141.69,365.0,41,0.0781,Skincare,1,1092,0.44,0,0,0,-2.1603154231655153,-0.2631192848497082,-2.1603154231655153,-0.2631192848497082,0.5528890728852274,Occasional / New Shoppers 🌱,New / Promising,411,2267.0,Bronze Tier 🥉
CUST-1604,33,Female,Seattle,52985.26,25,3662.0,146.48,330.0,63,0.098,Makeup,1,1093,0.69,1,3,0,0.11388810826098997,0.29752824246644166,0.11388810826098997,0.29752824246644166,1.182506637761722,Occasional / New Shoppers 🌱,Loyal Customers,443,3662.0,Silver Tier 🥈
CUST-1605,53,Female,New York,95934.75,25,3767.0,150.68,296.0,63,0.072,Skincare,1,1093,0.69,1,3,0,0.27914875150905544,0.21119683222744803,0.27914875150905544,0.21119683222744803,-0.07591331490362177,Occasional / New Shoppers 🌱,Loyal Customers,443,3767.0,Silver Tier 🥈
CUST-1606,37,Male,Los Angeles,48205.23,21,2893.0,137.76,427.0,50,0.0619,Makeup,361,733,0.86,3,2,1,-1.598372965451455,-0.27088646011472906,-1.598372965451455,-0.27088646011472906,-0.7190503798083376,Frequent Budget Buyers 🛍️,Lost Customers,121,2893.0,Bronze Tier 🥉
CUST-1607,60,Female,Houston,57991.11,25,4024.0,160.96,427.0,62,0.046,Haircare,1,1093,0.69,2,1,0,0.709634644684642,1.3745916368150768,0.709634644684642,1.3745916368150768,-0.8384901921396876,VIP Cosmetics Enthusiasts ✨,Champions,444,4024.0,Silver Tier 🥈
CUST-1608,35,Female,Los Angeles,59224.95,18,3063.0,170.17,427.0,40,0.0611,Haircare,1,1090,0.5,0,0,0,-0.7749750374005624,-0.06865092744248566,-0.7749750374005624,-0.06865092744248566,0.4048356613361791,Occasional / New Shoppers 🌱,New / Promising,412,3063.0,Bronze Tier 🥉
CUST-1609,49,Male,Los Angeles,66252.93,21,2671.0,127.19,272.0,43,0.0548,Bath & Body,356,738,0.85,3,2,-1,-1.9438686986318876,0.06557945991332634,-1.9438686986318876,0.06557945991332634,-1.3405023423296676,Frequent Budget Buyers 🛍️,Lost Customers,121,2671.0,Bronze Tier 🥉
CUST-1610,39,Female,Los Angeles,42353.08,18,3239.0,179.94,427.0,47,0.0472,Skincare,357,737,0.73,3,2,-1,-0.9413630050408338,-0.6222293797351497,-0.9413630050408338,-0.6222293797351497,-0.10385201829923973,Frequent Budget Buyers 🛍️,Lost Customers,112,3239.0,Bronze Tier 🥉
CUST-1611,24,Female,San Francisco,39177.19,27,4033.0,149.37,412.0,64,0.0648,Makeup,2,1089,0.74,2,1,0,0.7267855734752894,0.19445636762723775,0.7267855734752894,0.19445636762723775,-0.5508985321106796,VIP Cosmetics Enthusiasts ✨,Need Attention,244,4033.0,Silver Tier 🥈
CUST-1612,39,Female,Chicago,91256.1,23,3914.0,170.17,427.0,43,0.0739,Skincare,1,1089,0.63,1,3,0,0.4758082512379813,-0.6724809644750133,0.4758082512379813,-0.6724809644750133,0.5612698603907635,Occasional / New Shoppers 🌱,Loyal Customers,434,3914.0,Silver Tier 🥈
CUST-1613,35,Female,Los Angeles,51779.67,24,4005.0,166.88,427.0,64,0.0708,Haircare,356,737,0.98,3,2,1,0.13948424135680107,-0.8876445321542159,0.13948424135680107,-0.8876445321542159,0.24309821339799187,Frequent Budget Buyers 🛍️,At Risk,134,4005.0,Silver Tier 🥈
CUST-1614,27,Female,Miami,24613.59,28,4079.0,145.68,343.0,55,0.0571,Makeup,2,1091,0.77,2,1,0,0.8399654774139983,0.7729780538183029,0.8399654774139983,0.7729780538183029,-0.992248645962901,VIP Cosmetics Enthusiasts ✨,Need Attention,254,4079.0,Silver Tier 🥈
CUST-1615,58,Female,Houston,71205.02,20,2573.0,128.65,318.0,45,0.0575,Bath & Body,1,1091,0.55,0,0,0,-1.6182229275664173,1.404607846361086,-1.6182229275664173,1.404607846361086,-0.8505028247784147,Occasional / New Shoppers 🌱,New / Promising,421,2573.0,Bronze Tier 🥉
CUST-1616,24,Female,Dallas,47444.45,23,3255.0,141.52,427.0,55,0.0891,Bath & Body,2,1089,0.63,1,3,0,-0.5338854497600592,0.06457633351193111,-0.5338854497600592,0.06457633351193111,0.6925215422173131,Occasional / New Shoppers 🌱,Need Attention,232,3255.0,Bronze Tier 🥉
CUST-1617,37,Female,Los Angeles,84068.58,33,5532.0,167.64,427.0,79,0.0788,Bath & Body,1,1093,0.91,2,1,0,2.922551709440884,-0.5553891282188261,2.922551709440884,-0.5553891282188261,0.08004313786231529,VIP Cosmetics Enthusiasts ✨,Champions,455,5532.0,Platinum Tier 💎
CUST-1618,23,Female,Seattle,60357.44,24,3901.0,162.54,341.0,65,0.0625,Haircare,356,734,0.98,3,2,1,-0.025700632918720136,-1.6191003560910062,-0.025700632918720136,-1.6191003560910062,-0.4431571093625882,Frequent Budget Buyers 🛍️,At Risk,134,3901.0,Silver Tier 🥈
CUST-1619,52,Female,New York,94371.89,30,4613.0,153.77,427.0,67,0.065,Fragrance,1,1091,0.82,2,1,0,1.613764882467506,0.1730892991652133,1.613764882467506,0.1730892991652133,-0.6890875116100249,VIP Cosmetics Enthusiasts ✨,Champions,455,4613.0,Gold Tier 🥇
CUST-1620,44,Male,Houston,84146.41,29,3594.0,123.93,337.0,74,0.0655,Makeup,1,1093,0.8,0,1,0,0.17819125141364675,0.48769282196389685,0.17819125141364675,0.48769282196389685,-1.3824466703647398,Occasional / New Shoppers 🌱,Loyal Customers,453,3594.0,Bronze Tier 🥉
CUST-1621,41,Female,Seattle,64449.78,17,2736.0,160.94,427.0,49,0.05,Haircare,358,736,0.69,3,2,1,-1.803290860097276,-0.7963437952550191,-1.803290860097276,-0.7963437952550191,-0.4955316770533039,Frequent Budget Buyers 🛍️,Lost Customers,111,2736.0,Bronze Tier 🥉
CUST-1622,22,Female,Houston,82108.8,31,4243.0,136.87,372.0,68,0.0645,Fragrance,1,1092,0.85,2,1,0,1.1386535166396603,-0.7517989924490874,1.1386535166396603,-0.7517989924490874,-1.4214952042708848,VIP Cosmetics Enthusiasts ✨,Champions,454,4243.0,Silver Tier 🥈
CUST-1623,25,Female,Dallas,60133.94,30,3544.0,118.13,273.0,76,0.0683,Fragrance,1,1093,0.82,0,1,0,0.15912605208922873,0.22275759446411955,0.15912605208922873,0.22275759446411955,-1.496232545392897,Occasional / New Shoppers 🌱,Loyal Customers,453,3544.0,Bronze Tier 🥉
CUST-1624,34,Female,New York,75890.64,20,3085.0,154.25,340.0,51,0.08,Bath & Body,2,1091,0.55,1,0,0,-0.8170328592676904,-0.32155814043265346,-0.8170328592676904,-0.32155814043265346,0.7005012276031716,Occasional / New Shoppers 🌱,Need Attention,222,3085.0,Bronze Tier 🥉
CUST-1625,44,Female,Miami,74729.63,21,3255.0,155.0,333.0,50,0.0714,Skincare,2,1092,0.58,1,0,0,-0.5321804127627079,0.2086834125389378,-0.5321804127627079,0.2086834125389378,0.31662640419316707,Occasional / New Shoppers 🌱,Need Attention,222,3255.0,Bronze Tier 🥉
CUST-1626,28,Female,Miami,52440.44,24,3251.0,135.46,340.0,56,0.0708,Makeup,1,1091,0.66,0,0,0,-0.5025038490765446,0.26525319566269584,-0.5025038490765446,0.26525319566269584,-0.44342698889284393,Occasional / New Shoppers 🌱,Lost Customers,432,3251.0,Bronze Tier 🥉
CUST-1627,39,Female,New York,69180.05,32,4986.0,155.81,422.0,76,0.05,Bath & Body,1,1093,0.88,2,1,0,2.20377217929603,0.13840699208469687,2.20377217929603,0.13840699208469687,-1.5019866915366025,VIP Cosmetics Enthusiasts ✨,Champions,455,4986.0,Gold Tier 🥇
CUST-1628,47,Female,Chicago,54615.54,17,2942.0,173.06,340.0,46,0.0559,Bath & Body,1,1088,0.47,0,0,0,-0.9247690718190092,0.6076147173146482,-0.9247690718190092,0.6076147173146482,0.42164629359626177,Occasional / New Shoppers 🌱,New / Promising,412,2942.0,Bronze Tier 🥉
CUST-1629,54,Male,Houston,70069.27,24,4064.0,169.33,427.0,59,0.0562,Haircare,2,1092,0.66,2,1,0,0.7405238941663312,0.6324556664567933,0.7405238941663312,0.6324556664567933,-0.16363395857509094,VIP Cosmetics Enthusiasts ✨,Need Attention,234,4064.0,Silver Tier 🥈
CUST-1630,55,Female,Seattle,58314.21,12,2131.0,177.58,427.0,30,0.1083,Fragrance,1,1091,0.33,1,3,-1,-2.132122697952099,0.7736410884417119,-2.132122697952099,0.7736410884417119,3.565404290964973,Occasional / New Shoppers 🌱,New / Promising,411,2131.0,Bronze Tier 🥉
CUST-1631,39,Female,New York,58289.8,30,4814.0,160.47,427.0,77,0.075,Skincare,1,1093,0.82,2,1,0,1.8907491359615476,0.2936013712181731,1.8907491359615476,0.2936013712181731,0.0723116007152712,VIP Cosmetics Enthusiasts ✨,Champions,455,4814.0,Gold Tier 🥇
CUST-1632,47,Male,Dallas,53656.52,21,3448.0,164.19,427.0,47,0.0857,Haircare,1,1090,0.58,1,3,0,-0.21628509357129377,0.7220862375850534,-0.21628509357129377,0.7220862375850534,1.4198813330799749,Occasional / New Shoppers 🌱,Potential Loyalists,423,3448.0,Bronze Tier 🥉
CUST-1633,20,Female,Houston,22000.0,28,3837.0,137.04,427.0,67,0.0625,Bath & Body,2,1090,0.77,0,1,0,0.4927978978782265,0.614377509816976,0.4927978978782265,0.614377509816976,-0.9931747229955252,Occasional / New Shoppers 🌱,Need Attention,253,3837.0,Silver Tier 🥈
CUST-1634,63,Female,Chicago,66449.44,18,2858.0,158.78,427.0,36,0.0944,Haircare,356,738,0.73,3,2,-1,-1.6392619048820354,0.22589915403971625,-1.6392619048820354,0.22589915403971625,1.799036060415307,Frequent Budget Buyers 🛍️,Lost Customers,111,2858.0,Bronze Tier 🥉
CUST-1635,52,Female,San Francisco,115265.23,10,1064.0,106.4,168.0,27,0.065,Bath & Body,361,730,0.41,3,0,-1,-4.958893597190765,-0.7766246433569335,-4.958893597190765,-0.7766246433569335,-0.8737417981816128,Frequent Budget Buyers 🛍️,Lost Customers,111,1064.0,Bronze Tier 🥉
CUST-1636,45,Female,Seattle,54967.42,27,4683.0,173.44,427.0,69,0.0519,Bath & Body,1,1093,0.74,2,1,0,1.6706280465260666,0.5035139613354533,1.6706280465260666,0.5035139613354533,-0.4742346118360996,VIP Cosmetics Enthusiasts ✨,Champions,445,4683.0,Gold Tier 🥇
CUST-1637,25,Female,Houston,54976.61,26,3817.0,146.81,319.0,71,0.0865,Bath & Body,361,733,1.06,3,2,1,-0.13970348130877336,-1.1927656005487932,-0.13970348130877336,-1.1927656005487932,0.26388984445107405,Frequent Budget Buyers 🛍️,At Risk,143,3817.0,Silver Tier 🥈
CUST-1638,21,Female,Dallas,71235.05,33,5148.0,156.0,412.0,82,0.0742,Makeup,1,1092,0.91,2,1,0,2.4201653563713634,-0.8453877336113361,2.4201653563713634,-0.8453877336113361,-0.5240452480021266,VIP Cosmetics Enthusiasts ✨,Champions,455,5148.0,Gold Tier 🥇
CUST-1639,27,Female,Miami,56413.68,27,4331.0,160.41,427.0,74,0.0556,Bath & Body,1,1093,0.74,2,1,0,1.151067950965288,-0.23390411279437057,1.151067950965288,-0.23390411279437057,-0.7966306380259234,VIP Cosmetics Enthusiasts ✨,Champions,444,4331.0,Silver Tier 🥈
CUST-1640,21,Female,New York,56646.6,16,2880.0,180.0,412.0,43,0.0906,Bath & Body,357,736,0.65,3,2,-1,-1.52610645862813,-1.9342867778966937,-1.52610645862813,-1.9342867778966937,1.9716305028188044,Frequent Budget Buyers 🛍️,Lost Customers,111,2880.0,Bronze Tier 🥉
CUST-1641,47,Non-Binary,Chicago,86705.0,18,2641.0,146.72,427.0,48,0.0778,Makeup,361,732,0.74,3,2,-1,-2.037982276979752,-0.8840522334874228,-2.037982276979752,-0.8840522334874228,0.39027913971547484,Frequent Budget Buyers 🛍️,Lost Customers,111,2641.0,Bronze Tier 🥉
CUST-1642,58,Non-Binary,San Francisco,50368.02,20,2882.0,144.1,427.0,51,0.08,Makeup,1,1089,0.55,1,0,0,-1.1138341096482485,1.6559377777703124,-1.1138341096482485,1.6559377777703124,0.7982888412916793,Occasional / New Shoppers 🌱,New / Promising,421,2882.0,Bronze Tier 🥉
CUST-1643,50,Female,Miami,69686.24,20,3322.0,166.1,427.0,56,0.0475,Makeup,1,1089,0.55,0,0,0,-0.38075515466811527,0.502869593828507,-0.38075515466811527,0.502869593828507,-0.4442353081040378,Occasional / New Shoppers 🌱,New / Promising,422,3322.0,Bronze Tier 🥉
CUST-1644,59,Female,Miami,131584.33,17,2652.0,156.0,427.0,41,0.0559,Haircare,359,735,0.69,3,2,-1,-1.989106688029655,-1.490458377449735,-1.989106688029655,-1.490458377449735,-0.5436841360900634,Frequent Budget Buyers 🛍️,Lost Customers,111,2652.0,Bronze Tier 🥉
CUST-1645,57,Female,Miami,75016.05,25,3672.0,146.88,427.0,63,0.048,Fragrance,1,1093,0.69,0,0,0,0.1756538020864046,1.0177709963822872,0.1756538020864046,1.0177709963822872,-1.2259374263537508,Occasional / New Shoppers 🌱,Loyal Customers,443,3672.0,Silver Tier 🥈
CUST-1646,19,Female,San Francisco,57163.65,22,3306.0,150.27,317.0,52,0.0659,Haircare,356,736,0.9,3,2,1,-0.9529669732732318,-1.563604401931329,-0.9529669732732318,-1.563604401931329,-0.47212977198983036,Frequent Budget Buyers 🛍️,Lost Customers,122,3306.0,Bronze Tier 🥉
CUST-1647,43,Female,Miami,91971.71,16,2225.0,139.06,288.0,36,0.0625,Bath & Body,356,736,0.65,3,2,2,-2.729006993403195,-1.0706196048729881,-2.729006993403195,-1.0706196048729881,-0.5041554806080271,Frequent Budget Buyers 🛍️,Lost Customers,111,2225.0,Bronze Tier 🥉
CUST-1648,26,Female,Seattle,39837.88,30,5079.0,169.3,427.0,70,0.0667,Haircare,2,1091,0.82,2,1,0,2.256862195309645,-0.02953620583241519,2.256862195309645,-0.02953620583241519,-0.13035078730561664,VIP Cosmetics Enthusiasts ✨,Need Attention,255,5079.0,Gold Tier 🥇
CUST-1649,47,Female,Miami,28512.84,22,4145.0,188.41,427.0,49,0.0364,Skincare,1,1092,0.6,2,1,-1,0.927694607492732,1.0501854632969156,0.927694607492732,1.0501854632969156,-0.3549337592626598,VIP Cosmetics Enthusiasts ✨,Potential Loyalists,424,4145.0,Silver Tier 🥈
CUST-1650,48,Female,San Francisco,74919.66,23,3971.0,172.65,427.0,59,0.0848,Haircare,2,1089,0.63,1,3,0,0.571002609611205,0.12202827340919353,0.571002609611205,0.12202827340919353,1.3459845853269228,Occasional / New Shoppers 🌱,Need Attention,234,3971.0,Silver Tier 🥈
CUST-1651,61,Female,New York,52901.88,23,3332.0,144.87,427.0,56,0.0478,Fragrance,1,1093,0.63,0,0,0,-0.35284823354487926,1.7865626019887129,-0.35284823354487926,1.7865626019887129,-0.9909287992561002,Occasional / New Shoppers 🌱,Lost Customers,432,3332.0,Bronze Tier 🥉
CUST-1652,45,Female,Chicago,89812.23,24,3861.0,160.88,427.0,70,0.0667,Haircare,2,1091,0.66,1,3,0,0.4066530032281574,-0.1890149713571366,0.4066530032281574,-0.1890149713571366,-0.04784989021549727,Occasional / New Shoppers 🌱,Need Attention,234,3861.0,Silver Tier 🥈
CUST-1653,63,Female,Houston,59246.33,20,2963.0,148.15,427.0,44,0.075,Makeup,2,1090,0.55,1,0,0,-0.9790986537167182,1.6309926440125253,-0.9790986537167182,1.6309926440125253,0.6469044684372941,Occasional / New Shoppers 🌱,Need Attention,222,2963.0,Bronze Tier 🥉
CUST-1654,51,Female,Los Angeles,96522.48,24,3717.0,154.88,427.0,67,0.0896,Fragrance,1,1089,0.66,1,3,0,0.17346886699680783,0.0057303631625124606,0.17346886699680783,0.0057303631625124606,0.9639160197209982,Occasional / New Shoppers 🌱,Loyal Customers,433,3717.0,Silver Tier 🥈
CUST-1655,28,Male,Seattle,76334.52,23,2953.0,128.39,286.0,51,0.0761,Fragrance,1,1093,0.63,0,0,0,-1.0005507403044458,-0.22736227837274414,-1.0005507403044458,-0.22736227837274414,-0.42709092291036405,Occasional / New Shoppers 🌱,Lost Customers,432,2953.0,Bronze Tier 🥉
CUST-1656,26,Female,Seattle,103594.05,31,5017.0,161.84,427.0,81,0.0661,Fragrance,2,1092,0.85,2,1,0,2.161714387401815,-1.4791974451185734,2.161714387401815,-1.4791974451185734,-0.7810334028492163,VIP Cosmetics Enthusiasts ✨,Need Attention,255,5017.0,Gold Tier 🥇
CUST-1657,63,Female,Dallas,50103.02,27,4501.0,166.7,399.0,64,0.0833,Fragrance,1,1093,0.74,2,1,0,1.4041575891369829,1.57886524391964,1.4041575891369829,1.57886524391964,1.1186820097376584,VIP Cosmetics Enthusiasts ✨,Champions,445,4501.0,Gold Tier 🥇
CUST-1658,53,Male,San Francisco,52016.43,19,2914.0,153.37,427.0,54,0.0789,Bath & Body,2,1092,0.52,1,0,0,-1.0565789812203048,1.2254092003176362,-1.0565789812203048,1.2254092003176362,0.9969558145958474,Occasional / New Shoppers 🌱,Lost Customers,212,2914.0,Bronze Tier 🥉
CUST-1659,48,Male,Houston,49080.21,20,3009.0,150.45,376.0,64,0.045,Fragrance,358,732,0.82,3,2,-1,-1.3837592848064593,0.09767476102179663,-1.3837592848064593,0.09767476102179663,-1.0742241394768277,Frequent Budget Buyers 🛍️,Lost Customers,122,3009.0,Bronze Tier 🥉
CUST-1660,26,Female,Los Angeles,71497.58,31,4913.0,158.48,427.0,76,0.0661,Fragrance,1,1093,0.85,2,1,0,2.0444440164695337,-0.6337004492356962,2.0444440164695337,-0.6337004492356962,-0.6864961368117747,VIP Cosmetics Enthusiasts ✨,Champions,455,4913.0,Gold Tier 🥇
CUST-1661,57,Female,Miami,48223.69,30,4142.0,138.07,358.0,82,0.0817,Makeup,2,1092,0.82,2,1,0,0.9930911963266822,1.7764348563971304,0.9930911963266822,1.7764348563971304,0.048435247768972046,VIP Cosmetics Enthusiasts ✨,Need Attention,254,4142.0,Silver Tier 🥈
CUST-1662,39,Female,Seattle,74358.63,26,4462.0,171.62,427.0,66,0.0558,Haircare,2,1087,0.72,2,1,0,1.3216295393754518,-0.2537166670573814,1.3216295393754518,-0.2537166670573814,-0.4210461196015217,VIP Cosmetics Enthusiasts ✨,Need Attention,245,4462.0,Gold Tier 🥇
CUST-1663,37,Female,Houston,54468.42,30,4520.0,150.67,329.0,77,0.0783,Fragrance,1,1093,0.82,2,1,0,1.4896950708430154,0.4365591670595285,1.4896950708430154,0.4365591670595285,-0.011923780565513527,VIP Cosmetics Enthusiasts ✨,Champions,455,4520.0,Gold Tier 🥇
CUST-1664,38,Female,Seattle,65049.03,24,3595.0,149.79,304.0,64,0.0604,Makeup,1,1091,0.66,0,0,0,0.023344333015338465,0.251375334942667,0.023344333015338465,0.251375334942667,-0.5750075996110557,Occasional / New Shoppers 🌱,Loyal Customers,433,3595.0,Bronze Tier 🥉
CUST-1665,35,Male,Dallas,61750.32,26,3819.0,146.88,427.0,65,0.0769,Haircare,1,1093,0.71,1,1,0,0.3797456407684361,0.20852697413990687,0.3797456407684361,0.20852697413990687,0.03344563321678871,Occasional / New Shoppers 🌱,Loyal Customers,443,3819.0,Silver Tier 🥈
CUST-1666,57,Female,Los Angeles,52640.88,17,2083.0,122.53,387.0,48,0.0794,Bath & Body,357,734,0.69,3,2,-1,-2.9824072821115455,0.8115733290585118,-2.9824072821115455,0.8115733290585118,0.1945892863538219,Frequent Budget Buyers 🛍️,Lost Customers,111,2083.0,Bronze Tier 🥉
CUST-1667,61,Male,Chicago,121840.54,24,3136.0,130.67,369.0,51,0.0542,Bath & Body,1,1090,0.66,0,0,-1,-0.6787267157860564,0.29907069444696777,-0.6787267157860564,0.29907069444696777,-1.4941909491278,Occasional / New Shoppers 🌱,Lost Customers,432,3136.0,Bronze Tier 🥉
CUST-1668,29,Female,Miami,55740.81,19,3778.0,198.84,427.0,53,0.0658,Bath & Body,1,1085,0.53,1,0,-1,0.39735807958995184,-0.7104224580058393,0.39735807958995184,-0.7104224580058393,1.282559002488455,Occasional / New Shoppers 🌱,Potential Loyalists,413,3778.0,Silver Tier 🥈
CUST-1669,50,Female,Houston,85407.13,24,4298.0,179.08,348.0,64,0.0687,Makeup,1,1092,0.66,2,1,0,1.0701786017459047,-0.10709635533181724,1.0701786017459047,-0.10709635533181724,0.5949941035287423,VIP Cosmetics Enthusiasts ✨,Loyal Customers,434,4298.0,Silver Tier 🥈
CUST-1670,35,Male,New York,85466.13,15,2710.0,180.67,304.0,37,0.0767,Fragrance,2,1091,0.41,1,3,0,-1.2675931434801588,-0.8929176567778726,-1.2675931434801588,-0.8929176567778726,1.5185394704465887,Occasional / New Shoppers 🌱,Lost Customers,211,2710.0,Bronze Tier 🥉
CUST-1671,58,Female,Miami,45968.79,25,3601.0,144.04,335.0,55,0.052,Bath & Body,2,1089,0.69,0,1,0,0.0858294414977678,1.8168497307998277,0.0858294414977678,1.8168497307998277,-0.926437086603251,Occasional / New Shoppers 🌱,Need Attention,243,3601.0,Silver Tier 🥈
CUST-1672,31,Female,Miami,66998.79,25,3900.0,156.0,332.0,54,0.054,Fragrance,1,1092,0.69,0,0,0,0.49020706613922094,-0.22847438595835157,0.49020706613922094,-0.22847438595835157,-0.8780771860731361,Occasional / New Shoppers 🌱,Champions,444,3900.0,Silver Tier 🥈
CUST-1673,60,Female,San Francisco,33517.37,25,4332.0,173.28,427.0,64,0.064,Haircare,1,1093,0.69,2,1,0,1.1645925840466367,1.763104359818785,1.1645925840466367,1.763104359818785,0.5228545052578197,VIP Cosmetics Enthusiasts ✨,Champions,444,4332.0,Silver Tier 🥈
CUST-1674,63,Female,New York,62753.25,20,3629.0,181.45,427.0,45,0.0775,Bath & Body,1,1093,0.55,1,0,0,0.1161024238951015,1.0507239725347168,0.1161024238951015,1.0507239725347168,1.6178806371342753,Occasional / New Shoppers 🌱,Potential Loyalists,423,3629.0,Silver Tier 🥈
CUST-1675,49,Female,New York,68182.13,21,3935.0,187.38,427.0,51,0.1,Haircare,1,1090,0.58,1,3,-1,0.5469865178533899,0.09826536230657124,0.5469865178533899,0.09826536230657124,2.6763141732408373,Occasional / New Shoppers 🌱,Potential Loyalists,424,3935.0,Silver Tier 🥈
CUST-1676,35,Female,Seattle,55761.15,18,2860.0,158.89,427.0,39,0.0639,Makeup,2,1092,0.49,0,0,0,-1.130906980414547,0.17480869098991644,-1.130906980414547,0.17480869098991644,0.2713509390544337,Occasional / New Shoppers 🌱,Lost Customers,211,2860.0,Bronze Tier 🥉
CUST-1677,30,Male,Los Angeles,99445.32,21,4135.0,196.9,427.0,38,0.081,Makeup,1,1088,0.58,1,1,-1,0.8479700278219227,-1.7323755115776038,0.8479700278219227,-1.7323755115776038,1.621054194449879,Occasional / New Shoppers 🌱,Potential Loyalists,424,4135.0,Silver Tier 🥈
CUST-1678,30,Female,Los Angeles,71733.46,22,3528.0,160.36,427.0,59,0.0841,Bath & Body,2,1089,0.61,1,3,0,-0.12335539466524664,-0.5120907949733405,-0.12335539466524664,-0.5120907949733405,0.9156718427778238,Occasional / New Shoppers 🌱,Need Attention,223,3528.0,Bronze Tier 🥉
CUST-1679,53,Male,Los Angeles,83092.57,25,4350.0,174.0,427.0,65,0.07,Haircare,357,736,1.02,3,2,1,0.6492748542455259,-0.8701914196713388,0.6492748542455259,-0.8701914196713388,0.30473732343497106,Frequent Budget Buyers 🛍️,At Risk,144,4350.0,Silver Tier 🥈
CUST-1680,59,Female,Chicago,62461.18,19,3059.0,161.0,372.0,43,0.0474,Bath & Body,1,1092,0.52,0,0,0,-0.7852549023365102,1.2034773251190172,-0.7852549023365102,1.2034773251190172,-0.39125358903037705,Occasional / New Shoppers 🌱,New / Promising,412,3059.0,Bronze Tier 🥉
CUST-1681,26,Female,Los Angeles,77646.38,14,2322.0,165.86,382.0,34,0.1,Bath & Body,1,1093,0.38,1,3,-1,-1.9711780296071744,-0.9676329286017832,-1.9711780296071744,-0.9676329286017832,2.3353318492713435,Occasional / New Shoppers 🌱,New / Promising,411,2322.0,Bronze Tier 🥉
CUST-1682,30,Female,Chicago,78502.5,18,2523.0,140.17,427.0,44,0.0722,Makeup,1,1092,0.49,0,0,0,-1.7434744638835318,-0.36878865764740126,-1.7434744638835318,-0.36878865764740126,0.029062415264833535,Occasional / New Shoppers 🌱,New / Promising,411,2523.0,Bronze Tier 🥉
CUST-1683,29,Female,Miami,22277.37,24,3490.0,145.42,427.0,72,0.075,Skincare,358,736,0.98,3,2,-1,-0.6269864520766979,-0.1476611190221897,-0.6269864520766979,-0.1476611190221897,0.008652711424695541,Frequent Budget Buyers 🛍️,At Risk,133,3490.0,Bronze Tier 🥉
CUST-1684,26,Female,Seattle,75721.05,37,5237.0,141.54,427.0,98,0.0689,Makeup,2,1089,1.02,2,1,-1,2.735899417595931,-0.4595927987743769,2.735899417595931,-0.4595927987743769,-1.4170540612555693,VIP Cosmetics Enthusiasts ✨,Need Attention,255,5237.0,Platinum Tier 💎
CUST-1685,59,Female,Miami,63901.26,18,2623.0,145.72,400.0,44,0.0972,Fragrance,1,1092,0.49,1,3,-1,-1.5558753859728942,1.3185411940405452,-1.5558753859728942,1.3185411940405452,1.7735273741276565,Occasional / New Shoppers 🌱,New / Promising,411,2623.0,Bronze Tier 🥉
CUST-1686,38,Female,Houston,60434.52,22,3270.0,148.64,340.0,52,0.0477,Fragrance,1,1092,0.6,0,0,0,-0.4828313121474762,0.39571202049204185,-0.4828313121474762,0.39571202049204185,-1.0803218496464373,Occasional / New Shoppers 🌱,New / Promising,422,3270.0,Bronze Tier 🥉
CUST-1687,51,Male,Los Angeles,49939.93,23,4442.0,193.13,427.0,58,0.0587,Makeup,2,1092,0.63,2,0,0,1.333991412943115,0.6152875756871456,1.333991412943115,0.6152875756871456,0.7339090531576307,VIP Cosmetics Enthusiasts ✨,Need Attention,235,4442.0,Gold Tier 🥇
CUST-1688,53,Female,Los Angeles,54663.85,24,3570.0,148.75,412.0,70,0.0833,Haircare,1,1090,0.66,1,3,0,-0.013801935405558434,1.2372550830036215,-0.013801935405558434,1.2372550830036215,0.7424789936954469,Occasional / New Shoppers 🌱,Loyal Customers,433,3570.0,Bronze Tier 🥉
CUST-1689,62,Non-Binary,Dallas,34481.22,33,4695.0,142.27,427.0,65,0.0758,Haircare,1,1093,0.91,2,1,0,1.8857702272318575,2.3185030760532284,1.8857702272318575,2.3185030760532284,-0.22061272293441272,VIP Cosmetics Enthusiasts ✨,Champions,455,4695.0,Gold Tier 🥇
CUST-1690,22,Female,Los Angeles,73800.37,30,4650.0,155.0,363.0,78,0.0517,Makeup,1,1093,0.82,2,1,0,1.6630025960090706,-0.81612960826743,1.6630025960090706,-0.81612960826743,-1.480659008878686,VIP Cosmetics Enthusiasts ✨,Champions,455,4650.0,Gold Tier 🥇
CUST-1691,36,Female,New York,69058.83,22,2970.0,135.0,346.0,54,0.0636,Skincare,1,1092,0.6,0,0,0,-0.974007268533109,0.2652320078428559,-0.974007268533109,0.2652320078428559,-0.7021732074722118,Occasional / New Shoppers 🌱,New / Promising,422,2970.0,Bronze Tier 🥉
CUST-1692,24,Female,Chicago,35500.57,17,2864.0,168.47,427.0,47,0.0765,Fragrance,1,1092,0.47,0,3,0,-1.0893230499771431,-0.031354412067846865,-1.0893230499771431,-0.031354412067846865,1.2369101673763765,Occasional / New Shoppers 🌱,New / Promising,411,2864.0,Bronze Tier 🥉
CUST-1693,36,Male,Seattle,70304.2,30,4850.0,161.67,427.0,75,0.0817,Makeup,1,1092,0.82,2,1,0,1.9238716479682147,-0.1799811554252811,1.9238716479682147,-0.1799811554252811,0.3450879277541236,VIP Cosmetics Enthusiasts ✨,Champions,455,4850.0,Gold Tier 🥇
CUST-1694,55,Female,Los Angeles,92269.73,19,3213.0,169.11,427.0,41,0.0263,Skincare,1,1088,0.52,0,0,-1,-0.5293485404336935,0.18168231127084603,-0.5293485404336935,0.18168231127084603,-1.4446338078375318,Occasional / New Shoppers 🌱,New / Promising,412,3213.0,Bronze Tier 🥉
CUST-1695,50,Female,Houston,55774.77,18,2813.0,156.28,322.0,54,0.0806,Makeup,1,1090,0.5,1,0,0,-1.2127305159164425,0.9391883492933962,-1.2127305159164425,0.9391883492933962,1.1784909970110244,Occasional / New Shoppers 🌱,New / Promising,411,2813.0,Bronze Tier 🥉
CUST-1696,41,Male,San Francisco,56538.57,20,3669.0,183.45,427.0,60,0.045,Skincare,2,1092,0.55,0,0,0,0.19296463940315142,0.12141386425410446,0.19296463940315142,0.12141386425410446,-0.12716569216742427,Occasional / New Shoppers 🌱,Need Attention,223,3669.0,Silver Tier 🥈
CUST-1697,48,Female,Miami,67135.55,29,4708.0,162.34,340.0,79,0.0707,Haircare,1,1091,0.8,2,1,0,1.7228493421084627,0.5001333141921919,1.7228493421084627,0.5001333141921919,0.0045532820049898415,VIP Cosmetics Enthusiasts ✨,Champions,455,4708.0,Gold Tier 🥇
CUST-1698,62,Female,Dallas,67295.24,26,3349.0,128.81,427.0,60,0.0538,Bath & Body,1,1093,0.71,0,0,0,-0.2622867115660498,1.7279815924030077,-0.2622867115660498,1.7279815924030077,-1.382162942333735,Occasional / New Shoppers 🌱,Lost Customers,442,3349.0,Bronze Tier 🥉
CUST-1699,46,Non-Binary,San Francisco,66300.9,28,4837.0,172.75,372.0,70,0.0964,Skincare,2,1092,0.77,2,1,0,1.8572790293695227,0.2184554736639127,1.8572790293695227,0.2184554736639127,1.6194146730536378,VIP Cosmetics Enthusiasts ✨,Need Attention,255,4837.0,Gold Tier 🥇
CUST-1700,54,Female,Seattle,60450.14,22,3291.0,149.59,427.0,57,0.0568,Haircare,1,1091,0.6,0,0,0,-0.4440565869591997,1.16544615524983,-0.4440565869591997,1.16544615524983,-0.4540058618638681,Occasional / New Shoppers 🌱,New / Promising,422,3291.0,Bronze Tier 🥉
CUST-1701,42,Female,Dallas,70909.37,30,4360.0,145.33,337.0,67,0.0667,Bath & Body,1,1090,0.83,2,1,0,1.2755123703861844,0.3815605103638218,1.2755123703861844,0.3815605103638218,-0.7801719979112871,VIP Cosmetics Enthusiasts ✨,Champions,454,4360.0,Silver Tier 🥈
CUST-1702,20,Female,Miami,74091.53,29,5836.0,201.24,427.0,67,0.0431,Bath & Body,1,1093,0.8,2,1,-1,3.271692179839197,-1.632370810155863,3.271692179839197,-1.632370810155863,-0.667727003891226,VIP Cosmetics Enthusiasts ✨,Champions,455,5836.0,Platinum Tier 💎
CUST-1703,42,Female,Chicago,67787.78,23,3929.0,170.83,338.0,43,0.0804,Bath & Body,1,1092,0.63,1,3,0,0.5112329005148945,0.03515803283435384,0.5112329005148945,0.03515803283435384,1.0642578901286086,Occasional / New Shoppers 🌱,Loyal Customers,434,3929.0,Silver Tier 🥈
CUST-1704,29,Male,Dallas,63016.21,24,4140.0,172.5,327.0,67,0.0625,Makeup,356,738,0.98,3,2,1,0.33690207135278594,-1.5363396880552345,0.33690207135278594,-1.5363396880552345,-0.1456986631007525,Frequent Budget Buyers 🛍️,At Risk,134,4140.0,Silver Tier 🥈
CUST-1705,51,Female,Houston,93905.64,18,2127.0,118.17,287.0,44,0.0833,Fragrance,1,1088,0.5,1,0,0,-2.436313186691725,0.6051480027451779,-2.436313186691725,0.6051480027451779,0.11803723292449893,Occasional / New Shoppers 🌱,New / Promising,411,2127.0,Bronze Tier 🥉
CUST-1706,64,Non-Binary,San Francisco,80798.55,15,3072.0,204.8,427.0,30,0.0833,Skincare,2,1092,0.41,1,0,-1,-0.5435039244899761,0.31048309699979587,-0.5435039244899761,0.31048309699979587,2.7662740827909102,Occasional / New Shoppers 🌱,Lost Customers,212,3072.0,Bronze Tier 🥉
CUST-1707,61,Female,Seattle,54679.0,25,4287.0,171.48,391.0,64,0.046,Haircare,2,1091,0.69,2,1,0,1.09888020364077,1.3427416120302444,1.09888020364077,1.3427416120302444,-0.5387269160336493,VIP Cosmetics Enthusiasts ✨,Need Attention,244,4287.0,Silver Tier 🥈
CUST-1708,55,Male,Miami,53433.94,22,3022.0,137.36,351.0,51,0.075,Skincare,2,1090,0.61,0,0,0,-0.8772854857052957,1.541939569455432,-0.8772854857052957,1.541939569455432,0.19095975250381095,Occasional / New Shoppers 🌱,Need Attention,222,3022.0,Bronze Tier 🥉
CUST-1709,22,Female,Los Angeles,86661.9,21,3186.0,151.71,408.0,59,0.0714,Fragrance,358,736,0.86,3,2,1,-1.1684037125468176,-2.177457181592263,-1.1684037125468176,-2.177457181592263,-0.23042773517211082,Frequent Budget Buyers 🛍️,Lost Customers,122,3186.0,Bronze Tier 🥉
CUST-1710,53,Male,New York,93786.89,22,3761.0,170.95,427.0,57,0.0591,Fragrance,2,1092,0.6,0,0,0,0.2679116297325791,-0.030886324278651192,0.2679116297325791,-0.030886324278651192,0.01825696238029447,Occasional / New Shoppers 🌱,Need Attention,223,3761.0,Silver Tier 🥈
CUST-1711,50,Female,Dallas,25469.25,21,3073.0,146.33,364.0,57,0.0333,Bath & Body,2,1087,0.58,0,0,-1,-0.7567061920553579,1.9038854330920167,-0.7567061920553579,1.9038854330920167,-1.490451614993868,Occasional / New Shoppers 🌱,Need Attention,222,3073.0,Bronze Tier 🥉
CUST-1712,55,Female,San Francisco,30006.71,22,3495.0,158.86,427.0,52,0.0818,Bath & Body,1,1093,0.6,1,3,0,-0.12408301455846833,1.7893636647014983,-0.12408301455846833,1.7893636647014983,1.2228902472147887,Occasional / New Shoppers 🌱,Potential Loyalists,423,3495.0,Bronze Tier 🥉
CUST-1713,26,Female,Chicago,30995.24,22,3391.0,154.14,427.0,47,0.0455,Bath & Body,356,738,0.89,3,2,-1,-0.7799885722389596,-0.5993829719916186,-0.7799885722389596,-0.5993829719916186,-1.1857400571752044,Frequent Budget Buyers 🛍️,Lost Customers,122,3391.0,Bronze Tier 🥉
CUST-1714,22,Female,San Francisco,52569.61,22,3730.0,169.55,427.0,56,0.0886,Fragrance,1,1091,0.6,1,3,0,0.19714005773687823,-0.5805507136753358,0.19714005773687823,-0.5805507136753358,1.4163565358481123,Occasional / New Shoppers 🌱,Potential Loyalists,423,3730.0,Silver Tier 🥈
CUST-1715,23,Female,Miami,84890.08,24,3786.0,157.75,427.0,62,0.0875,Makeup,1,1093,0.66,1,3,0,0.26288035292482836,-1.1441307008749702,0.26288035292482836,-1.1441307008749702,0.7452504562763952,Occasional / New Shoppers 🌱,Loyal Customers,433,3786.0,Silver Tier 🥈
CUST-1716,34,Female,Seattle,73700.41,27,4122.0,152.67,427.0,64,0.0667,Haircare,1,1090,0.74,2,1,0,0.8394306009890679,-0.20714363219163429,0.8394306009890679,-0.20714363219163429,-0.47358656466450655,VIP Cosmetics Enthusiasts ✨,Champions,444,4122.0,Silver Tier 🥈
CUST-1717,51,Female,Miami,95910.19,29,3986.0,137.45,427.0,76,0.069,Makeup,2,1090,0.8,2,1,0,0.7122895481530062,0.3287028606570692,0.7122895481530062,0.3287028606570692,-0.860383832377332,VIP Cosmetics Enthusiasts ✨,Need Attention,254,3986.0,Silver Tier 🥈
CUST-1718,37,Female,Houston,56378.5,21,3109.0,148.05,427.0,54,0.0738,Bath & Body,357,737,0.85,3,2,1,-1.2605763264937113,-0.6307038241730475,-1.2605763264937113,-0.6307038241730475,0.10192912287865902,Frequent Budget Buyers 🛍️,Lost Customers,122,3109.0,Bronze Tier 🥉
CUST-1719,47,Female,Houston,92732.85,22,3581.0,162.77,354.0,44,0.0727,Haircare,2,1092,0.6,1,3,0,-0.03007206956190978,-0.20108268419165334,-0.03007206956190978,-0.20108268419165334,0.44089971878741513,Occasional / New Shoppers 🌱,Need Attention,223,3581.0,Bronze Tier 🥉
CUST-1720,35,Female,Los Angeles,78567.05,26,3683.0,141.65,340.0,63,0.075,Makeup,1,1093,0.71,1,0,0,0.1736846581978716,-0.1223847015836331,0.1736846581978716,-0.1223847015836331,-0.29222822955363115,Occasional / New Shoppers 🌱,Loyal Customers,443,3683.0,Silver Tier 🥈
CUST-1721,25,Female,New York,89805.63,21,3226.0,153.62,427.0,47,0.0619,Haircare,2,1092,0.58,0,0,0,-0.5965614933005795,-1.0749988373719994,-0.5965614933005795,-1.0749988373719994,-0.4531105285800293,Occasional / New Shoppers 🌱,Need Attention,222,3226.0,Bronze Tier 🥉
CUST-1722,58,Female,Seattle,84855.67,24,4692.0,195.5,427.0,49,0.0562,Bath & Body,1,1093,0.66,2,1,0,1.6798230870093656,0.07451269791455928,1.6798230870093656,0.07451269791455928,0.46817987786976534,VIP Cosmetics Enthusiasts ✨,Loyal Customers,435,4692.0,Gold Tier 🥇
CUST-1723,63,Female,San Francisco,71332.67,19,2572.0,135.37,427.0,44,0.0632,Bath & Body,1,1091,0.52,0,0,0,-1.625948232693043,1.5393200007299093,-1.625948232693043,1.5393200007299093,-0.2771256336786391,Occasional / New Shoppers 🌱,New / Promising,411,2572.0,Bronze Tier 🥉
CUST-1724,48,Female,Houston,72169.62,18,3040.0,168.89,412.0,32,0.0972,Makeup,356,738,0.73,3,2,-1,-1.3400638786153178,-0.8146082370728099,-1.3400638786153178,-0.8146082370728099,2.0345570897107765,Frequent Budget Buyers 🛍️,Lost Customers,112,3040.0,Bronze Tier 🥉
CUST-1725,48,Non-Binary,Dallas,61157.71,34,5474.0,161.0,427.0,90,0.0471,Makeup,1,1093,0.93,2,1,-1,2.935373593326259,0.7093554597012307,2.935373593326259,0.7093554597012307,-1.5236743254909066,VIP Cosmetics Enthusiasts ✨,Champions,455,5474.0,Platinum Tier 💎
CUST-1726,29,Female,Los Angeles,83991.8,27,4549.0,168.48,427.0,73,0.0722,Haircare,1,1091,0.74,2,1,0,1.4313362046834843,-0.9609952089943447,1.4313362046834843,-0.9609952089943447,0.10887396435989144,VIP Cosmetics Enthusiasts ✨,Champions,445,4549.0,Gold Tier 🥇
CUST-1727,51,Female,Houston,64373.28,28,5403.0,192.96,427.0,73,0.0679,Bath & Body,1,1093,0.77,2,1,0,2.6793997875416795,0.24621676806356907,2.6793997875416795,0.24621676806356907,0.7674903139803391,VIP Cosmetics Enthusiasts ✨,Champions,455,5403.0,Platinum Tier 💎
CUST-1728,61,Male,Los Angeles,60941.27,16,2301.0,143.81,288.0,40,0.075,Fragrance,1,1093,0.44,0,0,0,-2.0645856063399326,1.545299271368635,-2.0645856063399326,1.545299271368635,0.779842932871482,Occasional / New Shoppers 🌱,New / Promising,411,2301.0,Bronze Tier 🥉
CUST-1729,58,Female,San Francisco,57452.93,28,4549.0,162.46,427.0,69,0.0482,Bath & Body,1,1087,0.77,2,1,0,1.5110132654152277,1.2660760925998478,1.5110132654152277,1.2660760925998478,-0.9092523242384085,VIP Cosmetics Enthusiasts ✨,Champions,455,4549.0,Gold Tier 🥇
CUST-1730,29,Female,Houston,85856.54,22,3151.0,143.23,427.0,61,0.0477,Fragrance,1,1089,0.61,0,0,0,-0.6934922541250926,-0.5973132487168171,-0.6934922541250926,-0.5973132487168171,-1.4452848740214275,Occasional / New Shoppers 🌱,New / Promising,422,3151.0,Bronze Tier 🥉
CUST-1731,46,Female,Los Angeles,63674.17,28,3921.0,140.04,427.0,75,0.0661,Bath & Body,1,1089,0.77,2,1,0,0.603716303948641,0.836232646825225,0.603716303948641,0.836232646825225,-0.7339191618871764,VIP Cosmetics Enthusiasts ✨,Champions,454,3921.0,Silver Tier 🥈
CUST-1732,19,Female,Chicago,23675.21,26,4088.0,157.23,424.0,66,0.05,Skincare,1,1092,0.71,2,1,0,0.802332252846476,0.22813828457425056,0.802332252846476,0.22813828457425056,-0.9798112295373804,VIP Cosmetics Enthusiasts ✨,Champions,444,4088.0,Silver Tier 🥈
CUST-1733,22,Male,Houston,42140.4,12,2045.0,170.42,427.0,31,0.0917,Fragrance,1,1091,0.33,1,3,-1,-2.327459242126045,-0.348007232156433,-2.327459242126045,-0.348007232156433,2.33787186671482,Occasional / New Shoppers 🌱,New / Promising,411,2045.0,Bronze Tier 🥉
CUST-1734,59,Male,Chicago,113039.77,26,3393.0,130.5,427.0,58,0.0865,Bath & Body,1,1090,0.72,1,3,-1,-0.25748234878870535,0.37987432194698684,-0.25748234878870535,0.37987432194698684,0.019343778321723383,Occasional / New Shoppers 🌱,Lost Customers,442,3393.0,Bronze Tier 🥉
CUST-1735,55,Female,Dallas,74128.81,15,2111.0,140.73,427.0,34,0.0367,Fragrance,2,1086,0.41,0,0,-1,-2.3728827843321114,1.0155577455373035,-2.3728827843321114,1.0155577455373035,-1.285115753769092,Occasional / New Shoppers 🌱,Lost Customers,211,2111.0,Bronze Tier 🥉
CUST-1736,30,Male,San Francisco,64679.51,18,2485.0,138.06,357.0,40,0.0417,Skincare,1,1093,0.49,0,0,0,-1.7758256047500303,0.04623018222669667,-1.7758256047500303,0.04623018222669667,-1.4799723541028043,Occasional / New Shoppers 🌱,New / Promising,411,2485.0,Bronze Tier 🥉
CUST-1737,51,Female,Miami,85416.67,27,4872.0,180.44,427.0,71,0.0556,Haircare,1,1093,0.74,2,1,0,1.921828841597243,-0.059744402160966464,1.921828841597243,-0.059744402160966464,-0.22445386577349466,VIP Cosmetics Enthusiasts ✨,Champions,445,4872.0,Gold Tier 🥇
CUST-1738,40,Male,Dallas,81253.65,24,3404.0,141.83,427.0,59,0.075,Skincare,357,737,0.98,3,2,1,-0.7837148355820092,-0.9931375183255402,-0.7837148355820092,-0.9931375183255402,-0.31673938147726044,Frequent Budget Buyers 🛍️,Lost Customers,132,3404.0,Bronze Tier 🥉
CUST-1739,21,Male,Los Angeles,36832.49,26,3368.0,129.54,273.0,68,0.0673,Makeup,1,1092,0.71,0,0,0,-0.26061681443426044,0.40325840061255414,-0.26061681443426044,0.40325840061255414,-0.8841061938607435,Occasional / New Shoppers 🌱,Lost Customers,442,3368.0,Bronze Tier 🥉
CUST-1740,42,Female,Los Angeles,84043.37,22,2595.0,117.95,174.0,45,0.0773,Bath & Body,357,736,0.9,3,2,-1,-2.077653681332065,-0.6137455563834037,-2.077653681332065,-0.6137455563834037,-0.6820710305819377,Frequent Budget Buyers 🛍️,Lost Customers,121,2595.0,Bronze Tier 🥉
CUST-1741,34,Female,Dallas,74085.79,22,3554.0,161.55,427.0,45,0.0614,Makeup,1,1091,0.6,0,0,0,-0.060506248807702265,-0.35271755725483617,-0.060506248807702265,-0.35271755725483617,-0.17027998822390847,Occasional / New Shoppers 🌱,Potential Loyalists,423,3554.0,Bronze Tier 🥉
CUST-1742,56,Female,Chicago,66809.71,25,3452.0,138.08,364.0,65,0.08,Makeup,2,1092,0.69,1,3,0,-0.1719135250577657,1.2547759941603762,-0.1719135250577657,1.2547759941603762,0.19012065169224263,Occasional / New Shoppers 🌱,Need Attention,243,3452.0,Bronze Tier 🥉
CUST-1743,61,Female,Houston,63420.64,25,4455.0,178.2,427.0,57,0.1,Haircare,1,1093,0.69,1,3,0,1.2978976695737552,0.9503123649138081,1.2978976695737552,0.9503123649138081,2.2992685787277956,Occasional / New Shoppers 🌱,Champions,445,4455.0,Gold Tier 🥇
CUST-1744,44,Female,Los Angeles,33095.27,17,2666.0,156.82,427.0,36,0.0412,Haircare,2,1092,0.47,0,0,-1,-1.4004595242167805,1.24234458213664,-1.4004595242167805,1.24234458213664,-0.6453348793023579,Occasional / New Shoppers 🌱,Lost Customers,211,2666.0,Bronze Tier 🥉
CUST-1745,39,Female,Dallas,78448.75,24,3512.0,146.33,328.0,58,0.0667,Skincare,1,1093,0.66,0,0,0,-0.11441464484388623,0.0148522651393336,-0.11441464484388623,0.0148522651393336,-0.4147014118784844,Occasional / New Shoppers 🌱,Loyal Customers,433,3512.0,Bronze Tier 🥉
CUST-1746,37,Female,Houston,120423.06,21,3591.0,171.0,427.0,51,0.081,Haircare,1,1091,0.58,1,3,0,-0.03390720145808289,-1.513747792168679,-0.03390720145808289,-1.513747792168679,0.8939233430269459,Occasional / New Shoppers 🌱,Potential Loyalists,423,3591.0,Bronze Tier 🥉
CUST-1747,32,Female,Houston,67085.34,18,2373.0,131.83,302.0,45,0.0778,Fragrance,2,1091,0.49,0,0,0,-2.002463026304939,0.12293415959409203,-2.002463026304939,0.12293415959409203,0.17551757789756436,Occasional / New Shoppers 🌱,Lost Customers,211,2373.0,Bronze Tier 🥉
CUST-1748,34,Female,Houston,82484.58,21,3216.0,153.14,427.0,53,0.0881,Bath & Body,2,1089,0.58,1,3,0,-0.6220019870634385,-0.4769440054399838,-0.6220019870634385,-0.4769440054399838,0.9731394080578528,Occasional / New Shoppers 🌱,Need Attention,222,3216.0,Bronze Tier 🥉
CUST-1749,25,Male,Houston,56730.74,18,2673.0,148.5,359.0,46,0.0667,Bath & Body,359,734,0.74,3,2,1,-1.9692689210293,-1.247291821875704,-1.9692689210293,-1.247291821875704,-0.14993718894093472,Frequent Budget Buyers 🛍️,Lost Customers,111,2673.0,Bronze Tier 🥉
CUST-1750,32,Male,Houston,25017.68,19,2389.0,125.74,324.0,45,0.0763,Bath & Body,2,1087,0.52,0,0,-1,-1.944387688433724,1.2537395980276635,-1.944387688433724,1.2537395980276635,0.1109711604854552,Occasional / New Shoppers 🌱,Lost Customers,211,2389.0,Bronze Tier 🥉
CUST-1751,20,Female,New York,65018.9,20,3288.0,164.4,427.0,48,0.065,Fragrance,356,738,0.81,3,2,1,-0.9710687041059126,-1.9197365890626146,-0.9710687041059126,-1.9197365890626146,-0.04920419942851398,Frequent Budget Buyers 🛍️,Lost Customers,122,3288.0,Bronze Tier 🥉
CUST-1752,44,Female,Houston,41423.61,18,2499.0,138.83,335.0,43,0.075,Bath & Body,1,1089,0.5,0,0,0,-1.7522222766782005,1.2568843524660096,-1.7522222766782005,1.2568843524660096,0.4703835737026446,Occasional / New Shoppers 🌱,New / Promising,411,2499.0,Bronze Tier 🥉
CUST-1753,50,Male,Los Angeles,65151.37,31,6020.0,194.19,427.0,72,0.0548,Fragrance,1,1093,0.85,2,1,-1,3.5599384211593237,0.17308080788633584,3.5599384211593237,0.17308080788633584,-0.07820575285100159,VIP Cosmetics Enthusiasts ✨,Champions,455,6020.0,Platinum Tier 💎
CUST-1754,26,Non-Binary,Los Angeles,52204.92,20,4132.0,206.6,427.0,38,0.0675,Haircare,2,1090,0.55,2,0,0,0.9280997236164181,-0.8950226225274299,0.9280997236164181,-0.8950226225274299,1.49295713695208,VIP Cosmetics Enthusiasts ✨,Need Attention,224,4132.0,Silver Tier 🥈
CUST-1755,64,Female,Houston,34491.75,23,3472.0,150.96,427.0,51,0.0609,Makeup,2,1092,0.63,0,0,0,-0.13573464979820168,2.2754762841186897,-0.13573464979820168,2.2754762841186897,-0.044636823073944225,Occasional / New Shoppers 🌱,Need Attention,233,3472.0,Bronze Tier 🥉
CUST-1756,37,Male,New York,59224.87,31,4261.0,137.45,427.0,78,0.0597,Fragrance,1,1089,0.85,2,1,0,1.1939638011154634,0.5566848299341329,1.1939638011154634,0.5566848299341329,-1.383072242179648,VIP Cosmetics Enthusiasts ✨,Champions,454,4261.0,Silver Tier 🥈
CUST-1757,21,Female,Miami,66048.56,26,3277.0,126.04,359.0,72,0.0519,Skincare,1,1093,0.71,0,0,0,-0.39844473016988824,-0.23974717075201113,-0.39844473016988824,-0.23974717075201113,-1.9129753676017816,Occasional / New Shoppers 🌱,Lost Customers,442,3277.0,Bronze Tier 🥉
CUST-1758,56,Female,Chicago,71575.85,23,3728.0,162.09,427.0,61,0.0696,Fragrance,1,1093,0.63,1,0,0,0.2208726970845786,0.7870135923298544,0.2208726970845786,0.7870135923298544,0.40030014165648725,Occasional / New Shoppers 🌱,Loyal Customers,433,3728.0,Silver Tier 🥈
CUST-1759,35,Female,Houston,99461.47,16,2546.0,159.12,427.0,33,0.0438,Bath & Body,1,1092,0.44,0,0,-1,-1.6280400755919244,-0.8750378389789245,-1.6280400755919244,-0.8750378389789245,-0.8413775441082211,Occasional / New Shoppers 🌱,New / Promising,411,2546.0,Bronze Tier 🥉
CUST-1760,33,Male,Houston,89869.74,29,4815.0,166.03,341.0,74,0.0776,Skincare,1,1093,0.8,2,1,0,1.8374104928329513,-0.8742686648313877,1.8374104928329513,-0.8742686648313877,0.1829282618103315,VIP Cosmetics Enthusiasts ✨,Champions,455,4815.0,Gold Tier 🥇
CUST-1761,57,Female,Dallas,102658.54,31,4169.0,134.48,324.0,80,0.0726,Haircare,1,1092,0.85,2,1,0,1.0489415120927923,0.5130148150170889,1.0489415120927923,0.5130148150170889,-0.8757891282153712,VIP Cosmetics Enthusiasts ✨,Champions,454,4169.0,Silver Tier 🥈
CUST-1762,61,Male,Houston,61444.89,30,4993.0,166.43,427.0,67,0.075,Fragrance,1,1091,0.82,2,1,0,2.1500188180178625,1.2192230200846503,2.1500188180178625,1.2192230200846503,0.40755523211516104,VIP Cosmetics Enthusiasts ✨,Champions,455,4993.0,Gold Tier 🥇
CUST-1763,52,Female,Miami,53268.61,24,2938.0,122.42,303.0,63,0.0583,Makeup,2,1091,0.66,0,0,0,-0.9445453122759205,1.653761370386221,-0.9445453122759205,1.653761370386221,-1.1976330594188282,Occasional / New Shoppers 🌱,Need Attention,232,2938.0,Bronze Tier 🥉
CUST-1764,36,Female,Houston,28584.23,26,3807.0,146.42,427.0,70,0.0577,Fragrance,1,1093,0.71,0,1,0,0.400370113624759,1.1091457438599583,0.400370113624759,1.1091457438599583,-0.7470151877568593,Occasional / New Shoppers 🌱,Loyal Customers,443,3807.0,Silver Tier 🥈
CUST-1765,54,Female,San Francisco,87973.02,19,2254.0,118.63,427.0,49,0.0579,Fragrance,2,1092,0.52,0,0,0,-2.180232489471865,0.9326058207120973,-2.180232489471865,0.9326058207120973,-1.1538422081242177,Occasional / New Shoppers 🌱,Lost Customers,211,2254.0,Bronze Tier 🥉
CUST-1766,60,Female,Seattle,99376.42,21,2820.0,134.29,343.0,51,0.0786,Fragrance,1,1092,0.58,1,3,0,-1.2382273513752369,0.7008509158636406,-1.2382273513752369,0.7008509158636406,0.14710776888740223,Occasional / New Shoppers 🌱,New / Promising,421,2820.0,Bronze Tier 🥉
CUST-1767,56,Female,Miami,56977.54,27,3839.0,142.19,341.0,71,0.0537,Haircare,2,1090,0.74,0,1,0,0.475406499332507,1.4780780033966436,0.475406499332507,1.4780780033966436,-1.1054109231958669,Occasional / New Shoppers 🌱,Need Attention,243,3839.0,Silver Tier 🥈
CUST-1768,47,Female,Dallas,27427.25,19,2673.0,140.68,302.0,51,0.0579,Skincare,1,1092,0.52,0,0,0,-1.4356577207643888,1.7515028008963325,-1.4356577207643888,1.7515028008963325,-0.3026828896539091,Occasional / New Shoppers 🌱,New / Promising,411,2673.0,Bronze Tier 🥉
CUST-1769,33,Female,New York,82800.23,34,5937.0,174.62,427.0,80,0.0529,Skincare,2,1091,0.93,2,1,-1,3.499591449579433,-0.7998186582508987,3.499591449579433,-0.7998186582508987,-1.1387244193585522,VIP Cosmetics Enthusiasts ✨,Need Attention,255,5937.0,Platinum Tier 💎
CUST-1770,55,Female,Dallas,109570.1,23,3106.0,135.04,289.0,64,0.0848,Fragrance,1,1093,0.63,1,3,0,-0.7716987272004456,0.18792853334897663,-0.7716987272004456,0.18792853334897663,0.23920074683791623,Occasional / New Shoppers 🌱,Lost Customers,432,3106.0,Bronze Tier 🥉
CUST-1771,42,Female,Los Angeles,103370.05,16,2655.0,165.94,386.0,46,0.0719,Bath & Body,357,375,1.28,3,2,-1,-1.9433044374780033,-1.8066039020015676,-1.9433044374780033,-1.8066039020015676,0.5932221348711922,Frequent Budget Buyers 🛍️,Lost Customers,111,4651.63,Gold Tier 🥇
CUST-1772,27,Female,San Francisco,67581.98,19,3526.0,185.58,427.0,45,0.0526,Fragrance,1,1092,0.52,0,0,0,-0.02811477879724165,-0.8870721893129846,-0.02811477879724165,-0.8870721893129846,0.19026773993376744,Occasional / New Shoppers 🌱,Potential Loyalists,413,3526.0,Bronze Tier 🥉
CUST-1773,50,Female,New York,75626.93,25,4840.0,193.6,427.0,66,0.068,Fragrance,1,1091,0.69,2,1,0,1.8746680045795263,-0.08669757005865439,1.8746680045795263,-0.08669757005865439,0.9226707560923882,VIP Cosmetics Enthusiasts ✨,Champions,445,4840.0,Gold Tier 🥇
CUST-1774,59,Female,Seattle,81940.0,23,3528.0,153.39,427.0,51,0.0478,Bath & Body,2,1092,0.63,0,0,0,-0.07380700978655552,0.8411238598755365,-0.07380700978655552,0.8411238598755365,-0.9522248227316611,Occasional / New Shoppers 🌱,Need Attention,233,3528.0,Bronze Tier 🥉
CUST-1775,56,Female,Miami,44333.16,25,3468.0,138.72,300.0,67,0.066,Fragrance,1,1089,0.69,0,0,0,-0.12095290102416047,1.8211791802897062,-0.12095290102416047,1.8211791802897062,-0.3693538351057562,Occasional / New Shoppers 🌱,Loyal Customers,443,3468.0,Bronze Tier 🥉
CUST-1776,44,Male,Houston,79949.33,19,2941.0,154.79,394.0,47,0.0632,Bath & Body,1,1093,0.52,0,0,0,-1.0220293945572894,0.09422806952643703,-1.0220293945572894,0.09422806952643703,0.006980799355291092,Occasional / New Shoppers 🌱,New / Promising,412,2941.0,Bronze Tier 🥉
CUST-1777,46,Male,New York,94847.24,22,3370.0,153.18,380.0,50,0.0841,Bath & Body,1,1091,0.6,1,3,0,-0.3713655814234298,-0.17278730128672126,-0.3713655814234298,-0.17278730128672126,0.7443459340167721,Occasional / New Shoppers 🌱,New / Promising,422,3370.0,Bronze Tier 🥉
CUST-1778,51,Male,Seattle,95756.94,19,3696.0,194.53,427.0,48,0.0763,Fragrance,1,1088,0.52,1,1,0,0.24251647685792818,-0.5500877590674651,0.24251647685792818,-0.5500877590674651,1.671455861682622,Occasional / New Shoppers 🌱,Potential Loyalists,413,3696.0,Silver Tier 🥈
CUST-1779,42,Female,Houston,61256.22,23,3858.0,167.74,427.0,54,0.0891,Bath & Body,1,1091,0.63,1,3,0,0.3992538432829056,0.2298535127071102,0.3992538432829056,0.2298535127071102,1.4579496974464203,Occasional / New Shoppers 🌱,Loyal Customers,434,3858.0,Silver Tier 🥈
CUST-1780,24,Male,Seattle,57033.36,23,4462.0,194.0,427.0,51,0.063,Makeup,2,1092,0.63,2,1,0,1.3340006750470341,-0.9243155868286271,1.3340006750470341,-0.9243155868286271,0.6884208133215948,VIP Cosmetics Enthusiasts ✨,Need Attention,235,4462.0,Gold Tier 🥇
CUST-1781,32,Female,Los Angeles,105249.82,13,1822.0,140.15,307.0,27,0.0885,Bath & Body,2,1092,0.36,1,3,-1,-2.93647299353759,-0.9693130900404533,-2.93647299353759,-0.9693130900404533,1.054846672119745,Occasional / New Shoppers 🌱,Lost Customers,211,1822.0,Bronze Tier 🥉
CUST-1782,41,Female,Los Angeles,72021.58,27,4874.0,180.52,427.0,60,0.087,Fragrance,1,1090,0.74,2,1,0,1.8992066381810218,-0.2751293835914946,1.8992066381810218,-0.2751293835914946,1.3400020853478145,VIP Cosmetics Enthusiasts ✨,Champions,445,4874.0,Gold Tier 🥇
CUST-1783,46,Female,New York,58604.11,22,3230.0,146.82,427.0,45,0.0841,Haircare,1,1090,0.61,1,0,0,-0.5676972050643291,0.814232160038016,-0.5676972050643291,0.814232160038016,0.7835635681050461,Occasional / New Shoppers 🌱,Lost Customers,432,3230.0,Bronze Tier 🥉
CUST-1784,48,Female,San Francisco,46575.99,25,3085.0,123.4,341.0,60,0.058,Bath & Body,1,1093,0.69,0,0,0,-0.6870805525744837,1.612161634978272,-0.6870805525744837,1.612161634978272,-1.2531677958055174,Occasional / New Shoppers 🌱,Lost Customers,442,3085.0,Bronze Tier 🥉
CUST-1785,27,Female,San Francisco,30171.57,21,3351.0,159.57,390.0,58,0.0714,Bath & Body,357,737,0.85,3,2,-1,-0.8612321842504695,-0.6525048158520731,-0.8612321842504695,-0.6525048158520731,0.337628035470836,Frequent Budget Buyers 🛍️,Lost Customers,122,3351.0,Bronze Tier 🥉
CUST-1786,51,Non-Binary,Seattle,82719.25,24,3360.0,140.0,307.0,52,0.0771,Makeup,356,736,0.98,3,2,1,-0.8418590707758767,-0.4532879386977306,-0.8418590707758767,-0.4532879386977306,-0.166958404377428,Frequent Budget Buyers 🛍️,Lost Customers,132,3360.0,Bronze Tier 🥉
CUST-1787,33,Male,Los Angeles,62045.68,19,3047.0,160.37,412.0,43,0.0605,Haircare,1,1092,0.52,0,0,0,-0.8378283305752039,-0.09184157992107808,-0.8378283305752039,-0.09184157992107808,0.01773052995173813,Occasional / New Shoppers 🌱,New / Promising,412,3047.0,Bronze Tier 🥉
CUST-1788,44,Female,Houston,82449.1,14,2221.0,158.64,340.0,38,0.0536,Haircare,1,1091,0.38,0,0,-1,-2.125500595955754,-0.01834486395915938,-2.125500595955754,-0.01834486395915938,-0.04770586882534109,Occasional / New Shoppers 🌱,New / Promising,411,2221.0,Bronze Tier 🥉
CUST-1789,29,Female,New York,83031.81,22,3260.0,148.18,427.0,57,0.0591,Fragrance,356,738,0.89,3,2,1,-1.0278259284433473,-1.6605102968880208,-1.0278259284433473,-1.6605102968880208,-0.9232935980174952,Frequent Budget Buyers 🛍️,Lost Customers,132,3260.0,Bronze Tier 🥉
CUST-1790,32,Female,Los Angeles,97499.25,32,4368.0,136.5,427.0,75,0.0703,Skincare,1,1091,0.88,2,1,0,1.3465656086959585,-0.6310857474545174,1.3465656086959585,-0.6310857474545174,-1.2041331676728129,VIP Cosmetics Enthusiasts ✨,Champions,454,4368.0,Silver Tier 🥈
CUST-1791,25,Female,Houston,53273.25,25,4024.0,160.96,333.0,60,0.054,Haircare,1,1092,0.69,2,1,0,0.6768011855733972,-0.2653834725927043,0.6768011855733972,-0.2653834725927043,-0.7264472049977039,VIP Cosmetics Enthusiasts ✨,Champions,444,4024.0,Silver Tier 🥈
CUST-1792,50,Female,Houston,33530.59,24,3934.0,163.92,427.0,59,0.0604,Haircare,356,735,0.98,3,2,-1,0.0655747753868691,0.3688496004933282,0.0655747753868691,0.3688496004933282,-0.1176264854364447,Frequent Budget Buyers 🛍️,At Risk,134,3934.0,Silver Tier 🥈
CUST-1793,58,Male,Houston,70424.46,37,5692.0,153.84,427.0,77,0.0514,Skincare,1,1092,1.02,2,1,-1,3.3494792270871683,1.0941795105642347,3.3494792270871683,1.0941795105642347,-1.6592087006742497,VIP Cosmetics Enthusiasts ✨,Champions,455,5692.0,Platinum Tier 💎
CUST-1794,60,Female,Los Angeles,59537.18,16,2102.0,131.38,354.0,49,0.0656,Makeup,1,1093,0.44,0,0,0,-2.4282411903467054,1.723553668923269,-2.4282411903467054,1.723553668923269,-0.01670941172017376,Occasional / New Shoppers 🌱,New / Promising,411,2102.0,Bronze Tier 🥉
CUST-1795,33,Female,San Francisco,61474.51,22,3859.0,175.41,427.0,59,0.0818,Skincare,1,1092,0.6,1,3,0,0.4085949459000527,-0.3293600737705436,0.4085949459000527,-0.3293600737705436,1.2760687092034932,Occasional / New Shoppers 🌱,Loyal Customers,434,3859.0,Silver Tier 🥈
CUST-1796,18,Non-Binary,Miami,41135.0,28,4840.0,172.86,378.0,62,0.0643,Makeup,1,1091,0.77,2,1,0,1.8820833497149407,-0.510410305932875,1.8820833497149407,-0.510410305932875,-0.10097591583538851,VIP Cosmetics Enthusiasts ✨,Champions,455,4840.0,Gold Tier 🥇
CUST-1797,50,Female,New York,67182.39,32,4563.0,142.59,330.0,86,0.0766,Fragrance,1,1093,0.88,2,1,0,1.633516035132727,0.9065720514812758,1.633516035132727,0.9065720514812758,-0.3967393822817898,VIP Cosmetics Enthusiasts ✨,Champions,455,4563.0,Gold Tier 🥇
CUST-1798,26,Female,Los Angeles,50350.72,27,3688.0,136.59,362.0,74,0.0796,Fragrance,2,1092,0.74,1,3,0,0.21837126566120857,0.19468260626937067,0.21837126566120857,0.19468260626937067,-0.18325027764049248,Occasional / New Shoppers 🌱,Need Attention,243,3688.0,Silver Tier 🥈
CUST-1799,61,Non-Binary,New York,36955.57,20,2849.0,142.45,382.0,52,0.0675,Skincare,1,1092,0.55,0,0,0,-1.1468262380235952,2.1779488961191835,-1.1468262380235952,2.1779488961191835,0.23023516782270204,Occasional / New Shoppers 🌱,New / Promising,421,2849.0,Bronze Tier 🥉
CUST-1800,28,Female,San Francisco,73359.84,23,3146.0,136.78,284.0,55,0.0391,Skincare,356,736,0.94,3,2,-1,-1.1697693633115251,-1.2692639809907833,-1.1697693633115251,-1.2692639809907833,-2.2463535149950937,Frequent Budget Buyers 🛍️,Lost Customers,132,3146.0,Bronze Tier 🥉
CUST-1801,53,Female,Chicago,27429.26,26,3927.0,151.04,427.0,66,0.0962,Fragrance,357,736,1.06,3,2,-1,0.05826192563330432,0.8135745820152965,0.05826192563330432,0.8135745820152965,1.2712581860374195,Frequent Budget Buyers 🛍️,At Risk,144,3927.0,Silver Tier 🥈
CUST-1802,29,Female,New York,93500.7,21,3440.0,163.81,362.0,58,0.0667,Bath & Body,1,1090,0.58,1,0,0,-0.2542018930204102,-1.1223413944948264,-0.2542018930204102,-1.1223413944948264,0.06836634961010436,Occasional / New Shoppers 🌱,Potential Loyalists,423,3440.0,Bronze Tier 🥉
CUST-1803,63,Female,Chicago,49855.39,28,4090.0,146.07,427.0,70,0.0696,Haircare,356,735,1.14,3,2,-1,0.36255650463508227,0.8830527295043572,0.36255650463508227,0.8830527295043572,-0.3654844025607992,Frequent Budget Buyers 🛍️,At Risk,154,4090.0,Silver Tier 🥈
CUST-1804,60,Male,San Francisco,74415.64,21,3190.0,151.9,341.0,53,0.0619,Fragrance,1,1093,0.58,0,0,0,-0.6139262865865409,1.0767179003671936,-0.6139262865865409,1.0767179003671936,-0.09408286362848817,Occasional / New Shoppers 🌱,New / Promising,422,3190.0,Bronze Tier 🥉
CUST-1805,45,Female,Miami,73322.59,32,4702.0,146.94,427.0,81,0.0688,Haircare,1,1091,0.88,2,1,0,1.8155459323517074,0.44874182711886673,1.8155459323517074,0.44874182711886673,-0.755935783982256,VIP Cosmetics Enthusiasts ✨,Champions,455,4702.0,Gold Tier 🥇
CUST-1806,29,Male,San Francisco,71472.73,20,3277.0,163.85,302.0,34,0.045,Haircare,356,737,0.81,3,2,1,-0.9693803503797606,-1.5929319027218842,-0.9693803503797606,-1.5929319027218842,-1.023142888109207,Frequent Budget Buyers 🛍️,Lost Customers,122,3277.0,Bronze Tier 🥉
CUST-1807,35,Female,New York,27500.27,14,2091.0,149.36,307.0,35,0.0607,Makeup,2,1090,0.39,0,0,-1,-2.3678448240390493,1.0046731411769543,-2.3678448240390493,1.0046731411769543,0.29514685535366825,Occasional / New Shoppers 🌱,Lost Customers,211,2091.0,Bronze Tier 🥉
CUST-1808,43,Female,Houston,49967.5,22,3555.0,161.59,389.0,65,0.0545,Makeup,1,1090,0.61,0,0,0,-0.030308899946222278,0.6986266951177917,-0.030308899946222278,0.6986266951177917,-0.2985885563388979,Occasional / New Shoppers 🌱,Loyal Customers,433,3555.0,Bronze Tier 🥉
CUST-1809,56,Non-Binary,Houston,28791.29,28,4647.0,165.96,427.0,66,0.0446,Makeup,356,738,1.14,3,2,-1,1.1700993281204826,0.7805045572876294,1.1700993281204826,0.7805045572876294,-1.0510779581708805,Frequent Budget Buyers 🛍️,At Risk,155,4647.0,Gold Tier 🥇
CUST-1810,28,Female,Los Angeles,71030.25,16,2813.0,175.81,427.0,35,0.0875,Fragrance,1,1093,0.44,1,3,0,-1.1529404300088983,-0.8291283588181076,-1.1529404300088983,-0.8291283588181076,1.8847300680047963,Occasional / New Shoppers 🌱,New / Promising,411,2813.0,Bronze Tier 🥉
CUST-1811,52,Female,Los Angeles,40478.53,21,3162.0,150.57,427.0,49,0.0714,Makeup,1,1093,0.58,0,0,0,-0.6515416444188319,1.5190766980108537,-0.6515416444188319,1.5190766980108537,0.46751497119952884,Occasional / New Shoppers 🌱,New / Promising,422,3162.0,Bronze Tier 🥉
CUST-1812,40,Female,New York,74278.67,15,1921.0,128.07,318.0,36,0.0733,Makeup,1,1085,0.41,0,0,0,-2.7827211571766894,0.39660227937296866,-2.7827211571766894,0.39660227937296866,0.08815765596408953,Occasional / New Shoppers 🌱,New / Promising,411,1921.0,Bronze Tier 🥉
CUST-1813,58,Female,Los Angeles,67039.04,31,4796.0,154.71,399.0,84,0.0694,Fragrance,2,1090,0.85,2,1,0,1.913412971052195,1.1226138887857968,1.913412971052195,1.1226138887857968,-0.30433621797782806,VIP Cosmetics Enthusiasts ✨,Need Attention,255,4796.0,Gold Tier 🥇
CUST-1814,52,Female,Houston,97897.4,23,3048.0,132.52,302.0,53,0.0652,Bath & Body,2,1091,0.63,0,0,0,-0.8409752966963374,0.38891005728561523,-0.8409752966963374,0.38891005728561523,-0.7726093671419473,Occasional / New Shoppers 🌱,Need Attention,232,3048.0,Bronze Tier 🥉
CUST-1815,63,Female,Seattle,48821.2,37,6085.0,164.46,427.0,81,0.0595,Fragrance,1,1092,1.02,2,1,-1,3.8510898890331595,1.6907882196836137,3.8510898890331595,1.6907882196836137,-0.8114863728568861,VIP Cosmetics Enthusiasts ✨,Champions,455,6085.0,Platinum Tier 💎
CUST-1816,64,Female,Seattle,70682.77,14,2683.0,191.64,427.0,38,0.0643,Makeup,1,1093,0.38,1,0,-1,-1.1752385048325973,0.780288558130817,-1.1752385048325973,0.780288558130817,1.5957077751205535,Occasional / New Shoppers 🌱,New / Promising,411,2683.0,Bronze Tier 🥉
CUST-1817,60,Male,Dallas,95561.79,22,3246.0,147.55,427.0,52,0.0523,Bath & Body,2,1091,0.6,0,0,0,-0.5298548569135406,0.6347449690933006,-0.5298548569135406,0.6347449690933006,-0.8771303403570316,Occasional / New Shoppers 🌱,Need Attention,232,3246.0,Bronze Tier 🥉
CUST-1818,25,Female,Los Angeles,100349.58,25,3511.0,140.44,427.0,63,0.06,Haircare,2,1092,0.69,0,0,0,-0.11602019740542743,-1.1226700233899234,-0.11602019740542743,-1.1226700233899234,-1.2226067099658702,Occasional / New Shoppers 🌱,Need Attention,243,3511.0,Bronze Tier 🥉
CUST-1819,64,Female,Seattle,78716.57,26,4711.0,181.19,427.0,67,0.0615,Haircare,1,1090,0.72,2,1,0,1.6966903105988527,0.7332549494936957,1.6966903105988527,0.7332549494936957,0.3151683324734695,VIP Cosmetics Enthusiasts ✨,Champions,445,4711.0,Gold Tier 🥇
CUST-1820,63,Female,Dallas,59775.45,27,4136.0,153.19,427.0,68,0.0778,Bath & Body,357,737,1.1,3,2,-1,0.3843071172368053,0.5118818290794779,0.3843071172368053,0.5118818290794779,0.2425378531542724,Frequent Budget Buyers 🛍️,At Risk,144,4136.0,Silver Tier 🥈
CUST-1821,25,Male,Dallas,25291.26,28,5481.0,195.75,427.0,67,0.0643,Fragrance,1,1093,0.77,2,1,-1,2.7949571483852202,-0.1261227547239422,2.7949571483852202,-0.1261227547239422,0.6440422020045876,VIP Cosmetics Enthusiasts ✨,Champions,455,5481.0,Platinum Tier 💎
CUST-1822,63,Female,Los Angeles,37347.34,22,3016.0,137.09,427.0,55,0.0818,Haircare,1,1091,0.6,1,0,0,-0.873798532417541,2.333654400109445,-0.873798532417541,2.333654400109445,0.6890509538711042,Occasional / New Shoppers 🌱,Lost Customers,432,3016.0,Bronze Tier 🥉
CUST-1823,48,Male,Houston,113687.42,25,3557.0,142.28,427.0,70,0.044,Skincare,2,1092,0.69,0,0,0,-0.024389833296583955,-0.3093841908673178,-0.024389833296583955,-0.3093841908673178,-1.845882219016365,Occasional / New Shoppers 🌱,Need Attention,243,3557.0,Bronze Tier 🥉
CUST-1824,60,Female,Los Angeles,62947.02,24,3317.0,138.21,296.0,43,0.0583,Bath & Body,1,1092,0.66,0,0,0,-0.37299444152105177,1.5781059641855566,-0.37299444152105177,1.5781059641855566,-0.7699650959014549,Occasional / New Shoppers 🌱,Lost Customers,432,3317.0,Bronze Tier 🥉
CUST-1825,30,Female,Seattle,67884.55,26,3215.0,123.65,315.0,69,0.0442,Fragrance,1,1090,0.72,0,0,0,-0.4755819674177889,0.2113738899105695,-0.4755819674177889,0.2113738899105695,-2.290662063175596,Occasional / New Shoppers 🌱,Lost Customers,442,3215.0,Bronze Tier 🥉
CUST-1826,25,Female,Houston,65905.58,20,3166.0,158.3,427.0,44,0.065,Fragrance,2,1089,0.55,0,0,0,-0.6722519662901016,-0.5628260196667075,-0.6722519662901016,-0.5628260196667075,0.02706830461504046,Occasional / New Shoppers 🌱,Need Attention,222,3166.0,Bronze Tier 🥉
CUST-1827,42,Female,New York,81553.61,30,4552.0,151.73,427.0,78,0.0633,Skincare,1,1093,0.82,2,1,0,1.53211303418895,0.024405335725674437,1.53211303418895,0.024405335725674437,-0.845418437690936,VIP Cosmetics Enthusiasts ✨,Champions,455,4552.0,Gold Tier 🥇
CUST-1828,58,Female,Houston,112067.69,10,1541.0,154.1,427.0,28,0.03,Bath & Body,1,1088,0.28,0,0,-1,-3.2150059457613853,0.041669336255618,-3.2150059457613853,0.041669336255618,-1.1185596449952897,Occasional / New Shoppers 🌱,New / Promising,411,1541.0,Bronze Tier 🥉
CUST-1829,53,Female,Dallas,86584.24,21,3342.0,159.14,427.0,51,0.0738,Fragrance,1,1093,0.58,1,0,0,-0.3930698784747786,0.30338969677954153,-0.3930698784747786,0.30338969677954153,0.5597462539546499,Occasional / New Shoppers 🌱,New / Promising,422,3342.0,Bronze Tier 🥉
CUST-1830,39,Female,New York,22000.0,26,4095.0,157.5,427.0,69,0.0673,Skincare,2,1087,0.72,2,1,0,0.8146634956301632,1.2341857546230632,0.8146634956301632,1.2341857546230632,0.08589943299668394,VIP Cosmetics Enthusiasts ✨,Need Attention,244,4095.0,Silver Tier 🥈
CUST-1831,50,Female,Dallas,66383.5,21,3862.0,183.9,358.0,47,0.0929,Fragrance,356,737,0.85,3,2,-1,-0.060334385685087845,-0.7876345352524109,-0.060334385685087845,-0.7876345352524109,2.0535173940997598,Frequent Budget Buyers 🛍️,Can't Lose Them,124,3862.0,Silver Tier 🥈
CUST-1832,58,Female,Dallas,84899.39,25,4269.0,170.76,384.0,57,0.06,Makeup,1,1093,0.69,2,1,0,1.0402827527009562,0.44336827452693717,1.0402827527009562,0.44336827452693717,-0.05098146838155366,VIP Cosmetics Enthusiasts ✨,Champions,444,4269.0,Silver Tier 🥈
CUST-1833,40,Female,Chicago,41687.55,20,2786.0,139.3,427.0,46,0.055,Fragrance,2,1091,0.55,0,0,0,-1.2624439882149605,1.0765829793364177,-1.2624439882149605,1.0765829793364177,-0.6965142707504929,Occasional / New Shoppers 🌱,Need Attention,221,2786.0,Bronze Tier 🥉
CUST-1834,19,Female,Los Angeles,60683.39,25,4311.0,172.44,394.0,50,0.09,Haircare,2,1092,0.69,1,3,0,1.0590651173567256,-0.9765169829283492,1.0590651173567256,-0.9765169829283492,1.2828719449333308,Occasional / New Shoppers 🌱,Need Attention,244,4311.0,Silver Tier 🥈
CUST-1835,50,Female,Miami,71678.43,27,4297.0,159.15,427.0,72,0.0759,Fragrance,1,1093,0.74,2,1,0,1.095431426516853,0.5270233384315856,1.095431426516853,0.5270233384315856,0.3123758817958878,VIP Cosmetics Enthusiasts ✨,Champions,444,4297.0,Silver Tier 🥈
CUST-1836,23,Male,San Francisco,65595.91,25,5329.0,213.16,427.0,66,0.066,Makeup,2,1088,0.69,2,1,-1,2.5795879220295994,-1.4836616755132819,2.5795879220295994,-1.4836616755132819,1.140963844277386,VIP Cosmetics Enthusiasts ✨,Need Attention,245,5329.0,Platinum Tier 💎
CUST-1837,45,Female,Miami,35024.04,26,3944.0,151.69,322.0,64,0.0712,Fragrance,2,1090,0.72,2,1,0,0.5895331449301265,1.2961563904774547,0.5895331449301265,1.2961563904774547,0.11216144978221027,VIP Cosmetics Enthusiasts ✨,Need Attention,244,3944.0,Silver Tier 🥈
CUST-1838,50,Female,Dallas,133705.87,29,4517.0,155.76,387.0,63,0.0534,Skincare,356,735,1.18,3,2,-1,0.9351334846481288,-1.9527489753769427,0.9351334846481288,-1.9527489753769427,-1.5867378430234123,Frequent Budget Buyers 🛍️,At Risk,155,4517.0,Gold Tier 🥇
CUST-1839,26,Male,Seattle,75651.69,24,3510.0,146.25,417.0,71,0.0625,Skincare,1,1093,0.66,0,0,0,-0.12298889850535354,-0.5570104202081603,-0.12298889850535354,-0.5570104202081603,-0.7295118945577113,Occasional / New Shoppers 🌱,Loyal Customers,433,3510.0,Bronze Tier 🥉
CUST-1840,41,Male,Chicago,106726.69,21,3332.0,158.67,315.0,52,0.0905,Fragrance,1,1089,0.58,1,3,0,-0.44576810718124693,-0.8073994762792288,-0.44576810718124693,-0.8073994762792288,1.1644570459899926,Occasional / New Shoppers 🌱,New / Promising,422,3332.0,Bronze Tier 🥉
CUST-1841,26,Male,Houston,89614.99,24,5312.0,221.33,427.0,65,0.0667,Haircare,357,734,0.98,2,1,-1,2.074105360783983,-3.089040692814555,2.074105360783983,-3.089040692814555,1.1535811528933828,VIP Cosmetics Enthusiasts ✨,At Risk,135,5312.0,Platinum Tier 💎
CUST-1842,24,Female,Houston,30524.92,18,2294.0,127.44,297.0,54,0.0611,Makeup,1,1088,0.5,0,0,-1,-2.1084460879057074,0.715055553087102,-2.1084460879057074,0.715055553087102,-0.64320333752279,Occasional / New Shoppers 🌱,New / Promising,411,2294.0,Bronze Tier 🥉
CUST-1843,35,Female,Dallas,59990.06,23,3829.0,166.48,427.0,54,0.0565,Skincare,2,1092,0.63,0,0,0,0.37511948255723454,-0.02480660802717992,0.37511948255723454,-0.02480660802717992,-0.269007041795403,Occasional / New Shoppers 🌱,Need Attention,233,3829.0,Silver Tier 🥈
CUST-1844,48,Male,New York,29414.11,26,4425.0,170.19,427.0,62,0.0673,Makeup,1,1093,0.71,2,1,0,1.2963575416679605,1.3089200452787875,1.2963575416679605,1.3089200452787875,0.45474560296578836,VIP Cosmetics Enthusiasts ✨,Champions,445,4425.0,Gold Tier 🥇
CUST-1845,31,Female,San Francisco,73577.01,28,5242.0,187.21,427.0,80,0.0696,Haircare,1,1093,0.77,2,1,0,2.4300754407935026,-0.8905156836555052,2.4300754407935026,-0.8905156836555052,0.47139651537552046,VIP Cosmetics Enthusiasts ✨,Champions,455,5242.0,Platinum Tier 💎
CUST-1846,25,Female,Los Angeles,111958.08,23,3968.0,172.52,371.0,63,0.0609,Bath & Body,1,1092,0.63,2,0,0,0.5443821020458365,-1.8962794809809898,0.5443821020458365,-1.8962794809809898,-0.27402082041897463,VIP Cosmetics Enthusiasts ✨,Loyal Customers,434,3968.0,Silver Tier 🥈
CUST-1847,27,Female,New York,53635.92,27,4248.0,157.33,427.0,78,0.0444,Fragrance,1,1091,0.74,2,1,0,1.0439111266127068,-0.1019792096364047,1.0439111266127068,-0.1019792096364047,-1.4233373726386118,VIP Cosmetics Enthusiasts ✨,Champions,444,4248.0,Silver Tier 🥈
CUST-1848,20,Female,Seattle,88642.07,35,4945.0,141.29,354.0,88,0.0743,Fragrance,357,737,1.42,2,2,-1,1.7420811451089695,-2.1285469737007374,1.7420811451089695,-2.1285469737007374,-1.3379882456682433,VIP Cosmetics Enthusiasts ✨,At Risk,155,4945.0,Gold Tier 🥇
CUST-1849,58,Male,Chicago,51303.57,29,4348.0,149.93,427.0,65,0.0741,Fragrance,1,1091,0.8,2,1,0,1.242718870853769,1.5763950076057756,1.242718870853769,1.5763950076057756,0.033871719396521005,VIP Cosmetics Enthusiasts ✨,Champions,454,4348.0,Silver Tier 🥈
CUST-1850,24,Female,New York,73291.18,19,2696.0,141.89,427.0,46,0.0737,Bath & Body,1,1092,0.52,0,0,0,-1.4584354435108258,-0.5639537475943605,-1.4584354435108258,-0.5639537475943605,0.0560703326274209,Occasional / New Shoppers 🌱,New / Promising,411,2696.0,Bronze Tier 🥉
CUST-1851,34,Male,Miami,66715.7,23,2884.0,125.39,307.0,54,0.0848,Fragrance,1,1093,0.63,1,0,0,-1.1023993418544566,0.34100130794638495,-1.1023993418544566,0.34100130794638495,0.04057184980931205,Occasional / New Shoppers 🌱,Lost Customers,431,2884.0,Bronze Tier 🥉
CUST-1852,40,Female,Seattle,64292.45,17,2851.0,167.71,314.0,45,0.0382,Makeup,2,1089,0.47,0,0,-1,-1.0877228534041088,0.121142243957346,-1.0877228534041088,0.121142243957346,-0.7248986769000175,Occasional / New Shoppers 🌱,Lost Customers,211,2851.0,Bronze Tier 🥉
CUST-1853,20,Male,Seattle,84941.95,22,3114.0,141.55,379.0,47,0.0909,Skincare,1,1091,0.6,1,3,0,-0.793994117514383,-1.060562391828868,-0.793994117514383,-1.060562391828868,0.6049742129974849,Occasional / New Shoppers 🌱,Lost Customers,432,3114.0,Bronze Tier 🥉
CUST-1854,53,Female,Los Angeles,70928.41,29,4167.0,143.69,324.0,79,0.0741,Makeup,1,1092,0.8,2,1,0,0.9765764436383562,0.9414737213265543,0.9765764436383562,0.9414737213265543,-0.28335576364909126,VIP Cosmetics Enthusiasts ✨,Champions,454,4167.0,Silver Tier 🥈
CUST-1855,50,Female,Miami,81579.82,25,4099.0,163.96,355.0,67,0.048,Bath & Body,2,1092,0.69,2,1,0,0.7935973891992935,0.24426139938351313,0.7935973891992935,0.24426139938351313,-0.8841500985872651,VIP Cosmetics Enthusiasts ✨,Need Attention,244,4099.0,Silver Tier 🥈
CUST-1856,30,Female,Chicago,47220.96,17,2481.0,145.94,427.0,39,0.0471,Bath & Body,2,1087,0.47,0,0,0,-1.759630365481348,0.346925897766077,-1.759630365481348,0.346925897766077,-0.8379374054411695,Occasional / New Shoppers 🌱,Lost Customers,211,2481.0,Bronze Tier 🥉
CUST-1857,42,Female,Houston,56755.32,26,4444.0,170.92,427.0,77,0.0385,Haircare,2,1090,0.72,2,1,0,1.3235079714392983,0.36459445159543985,1.3235079714392983,0.36459445159543985,-1.181895849096602,VIP Cosmetics Enthusiasts ✨,Need Attention,245,4444.0,Gold Tier 🥇
CUST-1858,19,Female,Dallas,35138.26,30,4610.0,153.67,401.0,67,0.0683,Bath & Body,1,1092,0.82,2,1,0,1.6174724515120265,-0.017541012479940304,1.6174724515120265,-0.017541012479940304,-0.4904632346909461,VIP Cosmetics Enthusiasts ✨,Champions,455,4610.0,Gold Tier 🥇
CUST-1859,29,Female,San Francisco,65009.1,13,2459.0,189.15,427.0,33,0.0538,Bath & Body,358,736,0.53,3,2,-1,-2.0337346410917347,-1.82087629987374,-2.0337346410917347,-1.82087629987374,0.5915679306375038,Frequent Budget Buyers 🛍️,Lost Customers,111,2459.0,Bronze Tier 🥉
CUST-1860,40,Female,Los Angeles,99104.6,22,2493.0,113.32,427.0,52,0.0705,Haircare,1,1093,0.6,0,0,0,-1.7442296009157514,0.04020416959544873,-1.7442296009157514,0.04020416959544873,-1.0511696300606383,Occasional / New Shoppers 🌱,Lost Customers,431,2493.0,Bronze Tier 🥉
CUST-1861,38,Female,San Francisco,87089.78,23,3365.0,146.3,427.0,51,0.0457,Fragrance,1,1090,0.63,0,0,0,-0.34179941020647514,-0.21951470440430138,-0.34179941020647514,-0.21951470440430138,-1.459893927281716,Occasional / New Shoppers 🌱,Lost Customers,432,3365.0,Bronze Tier 🥉
CUST-1862,23,Non-Binary,Los Angeles,77964.99,24,4701.0,195.88,427.0,61,0.0708,Haircare,1,1091,0.66,2,1,0,1.6565765938143697,-1.5272722910598633,1.6565765938143697,-1.5272722910598633,0.9338539234764616,VIP Cosmetics Enthusiasts ✨,Loyal Customers,435,4701.0,Gold Tier 🥇
CUST-1863,21,Female,Dallas,110234.37,26,4411.0,169.65,427.0,67,0.0577,Skincare,1,1093,0.71,2,1,0,1.2093690742774204,-2.003234597066439,1.2093690742774204,-2.003234597066439,-0.7409573772818029,VIP Cosmetics Enthusiasts ✨,Champions,445,4411.0,Gold Tier 🥇
CUST-1864,32,Female,New York,39050.59,24,4151.0,172.96,427.0,61,0.0875,Fragrance,1,1093,0.66,1,3,0,0.8485994972680432,0.20188271464108307,0.8485994972680432,0.20188271464108307,1.4792020407478885,Occasional / New Shoppers 🌱,Loyal Customers,434,4151.0,Silver Tier 🥈
CUST-1865,33,Female,San Francisco,98135.76,16,2735.0,170.94,424.0,39,0.0781,Haircare,356,737,0.65,3,2,-1,-1.801784666614886,-2.2048144849639546,-1.801784666614886,-2.2048144849639546,0.9833705219259411,Frequent Budget Buyers 🛍️,Lost Customers,111,2735.0,Bronze Tier 🥉
CUST-1866,62,Female,Dallas,49920.49,22,4295.0,195.23,427.0,55,0.0636,Fragrance,2,1091,0.6,2,0,0,1.1381451204627073,1.1267612954247934,1.1381451204627073,1.1267612954247934,1.202758127168932,VIP Cosmetics Enthusiasts ✨,Need Attention,234,4295.0,Silver Tier 🥈
CUST-1867,62,Female,Houston,93365.44,29,5157.0,177.83,427.0,81,0.0914,Haircare,1,1092,0.8,2,1,-1,2.3193617424318713,0.2815787049899751,2.3193617424318713,0.2815787049899751,1.4239063864033836,VIP Cosmetics Enthusiasts ✨,Champions,455,5157.0,Gold Tier 🥇
CUST-1868,36,Female,Chicago,45632.73,30,4737.0,157.9,427.0,73,0.0583,Bath & Body,1,1093,0.82,2,1,0,1.8055231895667523,0.5198010847740586,1.8055231895667523,0.5198010847740586,-0.7888436302935974,VIP Cosmetics Enthusiasts ✨,Champions,455,4737.0,Gold Tier 🥇
CUST-1869,48,Female,San Francisco,82518.11,29,4579.0,157.9,427.0,78,0.0672,Makeup,1,1089,0.8,2,1,0,1.5382573629472238,0.19585044433725712,1.5382573629472238,0.19585044433725712,-0.37281087601951735,VIP Cosmetics Enthusiasts ✨,Champions,455,4579.0,Gold Tier 🥇
CUST-1870,29,Female,Chicago,44674.19,30,4584.0,152.8,427.0,71,0.07,Bath & Body,1,1092,0.82,2,1,0,1.5829528610362615,0.25742283043649644,1.5829528610362615,0.25742283043649644,-0.39090098985866323,VIP Cosmetics Enthusiasts ✨,Champions,455,4584.0,Gold Tier 🥇
CUST-1871,29,Female,New York,85259.96,27,3362.0,124.52,427.0,61,0.0481,Haircare,1,1092,0.74,0,0,0,-0.237869845476412,-0.2804191362250302,-0.237869845476412,-0.2804191362250302,-2.2471435918087774,Occasional / New Shoppers 🌱,Lost Customers,442,3362.0,Bronze Tier 🥉
CUST-1872,47,Female,Houston,66515.01,18,2799.0,155.5,427.0,45,0.0694,Bath & Body,1,1086,0.5,0,0,0,-1.2374230948593856,0.5529872516610619,-1.2374230948593856,0.5529872516610619,0.5079783989650171,Occasional / New Shoppers 🌱,New / Promising,411,2799.0,Bronze Tier 🥉
CUST-1873,28,Female,Seattle,112445.34,28,4404.0,157.29,427.0,76,0.0571,Skincare,2,1091,0.77,2,1,0,1.2390738949869848,-1.5179624537905114,1.2390738949869848,-1.5179624537905114,-1.1776125011530891,VIP Cosmetics Enthusiasts ✨,Need Attention,255,4404.0,Silver Tier 🥈
CUST-1874,37,Female,Houston,27158.48,26,3966.0,152.54,372.0,70,0.0558,Fragrance,1,1093,0.71,2,1,0,0.6338695009696577,1.1030826165634167,0.6338695009696577,1.1030826165634167,-0.6668538701891661,VIP Cosmetics Enthusiasts ✨,Champions,444,3966.0,Silver Tier 🥈
CUST-1875,37,Female,Dallas,77761.7,25,3923.0,156.92,427.0,63,0.058,Bath & Body,356,737,1.02,3,2,1,0.021157424545693936,-1.256093021002304,0.021157424545693936,-1.256093021002304,-0.8547105841451177,Frequent Budget Buyers 🛍️,At Risk,144,3923.0,Silver Tier 🥈
CUST-1876,49,Female,Los Angeles,72267.25,27,3897.0,144.33,427.0,76,0.0852,Fragrance,357,736,1.1,3,2,1,0.0183988814375137,-0.3675216479641835,0.0183988814375137,-0.3675216479641835,0.18789496755086188,Frequent Budget Buyers 🛍️,At Risk,144,3897.0,Silver Tier 🥈
CUST-1877,61,Female,Miami,70975.43,30,4943.0,164.77,427.0,74,0.055,Fragrance,2,1092,0.82,2,1,0,2.0911686183517917,1.0366546401794154,2.0911686183517917,1.0366546401794154,-0.6942796658598006,VIP Cosmetics Enthusiasts ✨,Need Attention,255,4943.0,Gold Tier 🥇
CUST-1878,46,Female,San Francisco,56594.76,21,3946.0,187.9,427.0,47,0.0881,Haircare,1,1093,0.58,1,3,0,0.5793291548879366,0.24325037706728525,0.5793291548879366,0.24325037706728525,2.1302120060574645,Occasional / New Shoppers 🌱,Potential Loyalists,424,3946.0,Silver Tier 🥈
CUST-1879,49,Male,Seattle,80686.11,16,2511.0,156.94,307.0,46,0.0688,Haircare,356,738,0.65,3,2,2,-2.1877842836130603,-0.7618619464477773,-2.1877842836130603,-0.7618619464477773,0.39510618649413404,Frequent Budget Buyers 🛍️,Lost Customers,111,2511.0,Bronze Tier 🥉
CUST-1880,48,Female,Miami,70489.9,30,4275.0,142.5,409.0,75,0.0667,Bath & Body,2,1092,0.82,2,1,0,1.1640662022778363,0.7323066192205151,1.1640662022778363,0.7323066192205151,-0.7973080373766344,VIP Cosmetics Enthusiasts ✨,Need Attention,254,4275.0,Silver Tier 🥈
CUST-1881,36,Female,New York,68710.88,21,2976.0,141.71,427.0,54,0.0738,Haircare,2,1092,0.58,0,0,0,-0.9854625998919476,0.15254667707046082,-0.9854625998919476,0.15254667707046082,0.05384867755518532,Occasional / New Shoppers 🌱,Need Attention,222,2976.0,Bronze Tier 🥉
CUST-1882,26,Non-Binary,New York,87260.17,30,4403.0,146.77,427.0,82,0.0667,Makeup,357,737,1.22,3,2,-1,0.8109317300119413,-1.8857630799178973,0.8109317300119413,-1.8857630799178973,-1.1752488874108917,Frequent Budget Buyers 🛍️,At Risk,155,4403.0,Silver Tier 🥈
CUST-1883,46,Non-Binary,Seattle,36539.25,24,3155.0,131.46,316.0,61,0.0542,Skincare,2,1091,0.66,0,0,0,-0.6092679375359111,1.635278379193052,-0.6092679375359111,1.635278379193052,-1.1292132063514428,Occasional / New Shoppers 🌱,Need Attention,232,3155.0,Bronze Tier 🥉
CUST-1884,52,Female,New York,70635.3,17,2883.0,169.59,427.0,45,0.0294,Bath & Body,2,1091,0.47,0,0,-1,-1.0168701477564874,0.5485161748614764,-1.0168701477564874,0.5485161748614764,-1.0453362983451149,Occasional / New Shoppers 🌱,Lost Customers,211,2883.0,Bronze Tier 🥉
CUST-1885,20,Female,Los Angeles,54822.16,27,4615.0,170.93,427.0,75,0.0722,Fragrance,2,1092,0.74,2,1,0,1.5351380956064826,-0.7325443339081417,1.5351380956064826,-0.7325443339081417,0.2547666759101099,VIP Cosmetics Enthusiasts ✨,Need Attention,245,4615.0,Gold Tier 🥇
CUST-1886,38,Female,San Francisco,89749.42,19,3572.0,188.0,427.0,48,0.05,Bath & Body,357,736,0.77,3,2,-1,-0.4522537828800652,-1.9611203413016103,-0.4522537828800652,-1.9611203413016103,-0.09849445927543896,Frequent Budget Buyers 🛍️,Lost Customers,113,3572.0,Bronze Tier 🥉
CUST-1887,38,Female,San Francisco,26135.01,22,3747.0,170.32,427.0,54,0.0682,Bath & Body,1,1091,0.6,0,0,0,0.2709445719245747,0.8852347092741107,0.2709445719245747,0.8852347092741107,0.7051787053065558,Occasional / New Shoppers 🌱,Loyal Customers,433,3747.0,Silver Tier 🥈
CUST-1888,34,Female,Chicago,52995.3,21,3347.0,159.38,427.0,60,0.0714,Skincare,2,1089,0.58,0,0,0,-0.37871880866429025,0.17975107742687935,-0.37871880866429025,0.17975107742687935,0.46237092576411115,Occasional / New Shoppers 🌱,Need Attention,222,3347.0,Bronze Tier 🥉
CUST-1889,64,Female,Seattle,115611.95,17,2233.0,131.35,427.0,42,0.0882,Fragrance,1,1093,0.47,1,0,-1,-2.2547490750129473,0.5149953661379051,-2.2547490750129473,0.5149953661379051,0.7699123880512369,Occasional / New Shoppers 🌱,New / Promising,411,2233.0,Bronze Tier 🥉
CUST-1890,39,Male,Houston,84760.81,25,4224.0,168.96,427.0,55,0.08,Fragrance,2,1087,0.69,1,3,0,0.9402902948323765,-0.5046174815307436,0.9402902948323765,-0.5046174815307436,0.7354981211146012,Occasional / New Shoppers 🌱,Need Attention,244,4224.0,Silver Tier 🥈
CUST-1891,62,Female,Houston,75420.67,30,4763.0,158.77,427.0,71,0.0533,Skincare,1,1092,0.82,2,1,0,1.8475829806829969,1.076423855136115,1.8475829806829969,1.076423855136115,-0.9503103529720945,VIP Cosmetics Enthusiasts ✨,Champions,455,4763.0,Gold Tier 🥇
CUST-1892,58,Female,Seattle,52802.19,28,4340.0,155.0,399.0,75,0.1,Makeup,1,1092,0.77,1,1,0,1.1790579509155865,1.4212785765419673,1.1790579509155865,1.4212785765419673,1.5259192840922204,Occasional / New Shoppers 🌱,Champions,454,4340.0,Silver Tier 🥈
CUST-1893,41,Female,Chicago,53105.96,20,2966.0,148.3,427.0,53,0.085,Fragrance,1,1092,0.55,1,0,0,-0.9954335119591365,0.6718053930162401,-0.9954335119591365,0.6718053930162401,0.9893929804911116,Occasional / New Shoppers 🌱,New / Promising,422,2966.0,Bronze Tier 🥉
CUST-1894,61,Male,Dallas,57059.12,21,3574.0,170.19,427.0,62,0.0643,Bath & Body,1,1093,0.58,0,0,0,0.01334725805452336,1.2776643427200856,0.01334725805452336,1.2776643427200856,0.6080143254285106,Occasional / New Shoppers 🌱,Potential Loyalists,423,3574.0,Bronze Tier 🥉
CUST-1895,47,Female,San Francisco,71073.46,24,4011.0,167.12,427.0,55,0.0812,Fragrance,2,1086,0.66,1,3,0,0.6337640830140825,0.25624852392126835,0.6337640830140825,0.25624852392126835,0.9659525404373923,Occasional / New Shoppers 🌱,Need Attention,234,4011.0,Silver Tier 🥈
CUST-1896,32,Male,Miami,65139.03,25,3638.0,145.52,394.0,61,0.064,Fragrance,2,1089,0.69,0,0,0,0.09640968468950228,0.009401324637775335,0.09640968468950228,0.009401324637775335,-0.6283536169990286,Occasional / New Shoppers 🌱,Need Attention,243,3638.0,Silver Tier 🥈
CUST-1897,20,Female,San Francisco,68639.85,39,5841.0,149.77,427.0,100,0.0474,Haircare,358,736,1.59,2,2,-1,3.113506470178379,-1.7272803804222874,3.113506470178379,-1.7272803804222874,-2.631149996159621,VIP Cosmetics Enthusiasts ✨,At Risk,155,5841.0,Platinum Tier 💎
CUST-1898,49,Female,Houston,51507.56,30,4609.0,153.63,427.0,71,0.0667,Haircare,2,1091,0.82,2,1,0,1.6304861796231576,1.074984092881007,1.6304861796231576,1.074984092881007,-0.3934558419071624,VIP Cosmetics Enthusiasts ✨,Need Attention,255,4609.0,Gold Tier 🥇
CUST-1899,18,Female,San Francisco,48574.26,30,4016.0,133.87,427.0,83,0.0717,Bath & Body,1,1093,0.82,2,3,0,0.7987988713554964,-0.09297212298859556,0.7987988713554964,-0.09297212298859556,-0.9165037989296698,VIP Cosmetics Enthusiasts ✨,Champions,454,4016.0,Silver Tier 🥈
CUST-1900,27,Female,Chicago,73212.86,24,4382.0,182.58,427.0,57,0.0896,Haircare,2,1091,0.66,1,1,0,1.1664563783289763,-1.0395748386434502,1.1664563783289763,-1.0395748386434502,1.5958301178054406,Occasional / New Shoppers 🌱,Need Attention,234,4382.0,Silver Tier 🥈
CUST-1901,54,Female,Dallas,71607.98,24,3533.0,147.21,427.0,62,0.0542,Skincare,2,1091,0.66,0,0,0,-0.05692930312268563,0.9325908868479249,-0.05692930312268563,0.9325908868479249,-0.8461983760030108,Occasional / New Shoppers 🌱,Need Attention,233,3533.0,Bronze Tier 🥉
CUST-1902,53,Female,Los Angeles,35912.2,25,3854.0,154.16,307.0,63,0.09,Bath & Body,1,1092,0.69,1,3,0,0.4312096652440685,1.609014107151254,0.4312096652440685,1.609014107151254,1.2566638441902387,Occasional / New Shoppers 🌱,Champions,444,3854.0,Silver Tier 🥈
CUST-1903,57,Non-Binary,Houston,60175.94,22,2940.0,133.64,316.0,54,0.0568,Makeup,2,1092,0.6,0,0,0,-0.9935462613639999,1.5577520100171718,-0.9935462613639999,1.5577520100171718,-0.8396936197690422,Occasional / New Shoppers 🌱,Need Attention,232,2940.0,Bronze Tier 🥉
CUST-1904,56,Female,San Francisco,78841.3,25,3598.0,143.92,427.0,63,0.068,Haircare,357,734,1.02,3,2,1,-0.452333672934483,-0.1549742957012605,-0.452333672934483,-0.1549742957012605,-0.5241302857820905,Frequent Budget Buyers 🛍️,At Risk,143,3598.0,Bronze Tier 🥉
CUST-1905,36,Female,New York,41105.21,17,2443.0,143.71,313.0,39,0.0912,Haircare,1,1092,0.47,1,0,0,-1.8539568299077995,0.7682410914651167,-1.8539568299077995,0.7682410914651167,1.4086067947082836,Occasional / New Shoppers 🌱,New / Promising,411,2443.0,Bronze Tier 🥉
CUST-1906,60,Female,Houston,67155.88,24,3494.0,145.58,427.0,62,0.0729,Makeup,2,1092,0.66,1,0,0,-0.12313232222056847,1.338889238906908,-0.12313232222056847,1.338889238906908,0.1302226382898796,Occasional / New Shoppers 🌱,Need Attention,233,3494.0,Bronze Tier 🥉
CUST-1907,64,Female,San Francisco,83695.16,21,3835.0,182.62,427.0,45,0.0905,Skincare,357,736,0.86,3,2,-1,-0.10247982765246563,-0.49616126060381693,-0.10247982765246563,-0.49616126060381693,1.9282043356278804,Frequent Budget Buyers 🛍️,Lost Customers,123,3835.0,Silver Tier 🥈
CUST-1908,24,Female,New York,90947.47,18,2685.0,149.17,308.0,38,0.0583,Haircare,357,737,0.73,3,2,1,-1.961400148875123,-2.1308233234258624,-1.961400148875123,-2.1308233234258624,-0.7552246029732353,Frequent Budget Buyers 🛍️,Lost Customers,111,2685.0,Bronze Tier 🥉
CUST-1909,60,Male,Miami,63548.27,24,4165.0,173.54,427.0,53,0.0542,Skincare,2,1090,0.66,2,1,0,0.9032368584195251,1.0310694901606332,0.9032368584195251,1.0310694901606332,-0.06397615568953574,VIP Cosmetics Enthusiasts ✨,Need Attention,234,4165.0,Silver Tier 🥈
CUST-1910,60,Female,Houston,59326.14,22,4422.0,201.0,427.0,52,0.0841,Fragrance,358,736,0.9,3,2,-1,0.8136644254940338,-0.36538751769825467,0.8136644254940338,-0.36538751769825467,2.1155969438116213,Frequent Budget Buyers 🛍️,At Risk,135,4422.0,Gold Tier 🥇
CUST-1911,60,Male,New York,75283.76,24,4360.0,181.67,427.0,64,0.0792,Skincare,1,1092,0.66,1,1,0,1.1697410403432156,0.5860376590962266,1.1697410403432156,0.5860376590962266,1.337023897600102,Occasional / New Shoppers 🌱,Loyal Customers,434,4360.0,Silver Tier 🥈
CUST-1912,58,Female,Los Angeles,95658.01,26,3742.0,143.92,427.0,61,0.0423,Makeup,358,735,1.06,3,2,-1,-0.20634205174257558,-0.43203266133296175,-0.20634205174257558,-0.43203266133296175,-1.960514649189506,Frequent Budget Buyers 🛍️,At Risk,143,3742.0,Silver Tier 🥈
CUST-1913,53,Female,Chicago,42628.81,18,3601.0,200.06,427.0,54,0.0944,Skincare,2,1092,0.49,1,3,-1,0.1612942850025938,0.7480838581901261,0.1612942850025938,0.7480838581901261,3.109944066480273,Occasional / New Shoppers 🌱,Lost Customers,213,3601.0,Silver Tier 🥈
CUST-1914,29,Male,Houston,87664.29,26,3646.0,140.23,427.0,68,0.0577,Skincare,1,1092,0.71,0,0,0,0.12354390589032752,-0.5985535332771675,0.12354390589032752,-0.5985535332771675,-1.3035361716506726,Occasional / New Shoppers 🌱,Loyal Customers,443,3646.0,Silver Tier 🥈
CUST-1915,56,Female,Miami,25967.15,28,4773.0,170.46,369.0,65,0.0607,Makeup,1,1093,0.77,2,1,0,1.83273411996507,1.7991600468075355,1.83273411996507,1.7991600468075355,0.08505402994178293,VIP Cosmetics Enthusiasts ✨,Champions,455,4773.0,Gold Tier 🥇
CUST-1916,38,Male,Los Angeles,110949.0,32,5302.0,165.69,427.0,78,0.0516,Skincare,1,1090,0.88,2,1,-1,2.5923207764786342,-1.0977097306359034,2.5923207764786342,-1.0977097306359034,-1.4106848536183973,VIP Cosmetics Enthusiasts ✨,Champions,455,5302.0,Platinum Tier 💎
CUST-1917,63,Female,Chicago,53075.35,20,3011.0,150.55,324.0,43,0.0575,Haircare,2,1092,0.55,0,0,0,-0.8815950377004181,1.7725218719104188,-0.8815950377004181,1.7725218719104188,-0.13508165862896743,Occasional / New Shoppers 🌱,Need Attention,222,3011.0,Bronze Tier 🥉
CUST-1918,54,Non-Binary,Seattle,29532.65,25,4227.0,169.08,427.0,63,0.072,Haircare,1,1093,0.69,2,1,0,1.000779645287015,1.61452005656464,1.000779645287015,1.61452005656464,0.7840917167491408,VIP Cosmetics Enthusiasts ✨,Champions,444,4227.0,Silver Tier 🥈
CUST-1919,46,Female,Dallas,49323.92,21,3197.0,152.24,427.0,57,0.0786,Skincare,1,1092,0.58,1,0,0,-0.6118639154034876,0.9671219952448017,-0.6118639154034876,0.9671219952448017,0.7684524521149907,Occasional / New Shoppers 🌱,New / Promising,422,3197.0,Bronze Tier 🥉
CUST-1920,51,Female,Houston,78582.41,26,4352.0,167.38,427.0,66,0.0769,Skincare,359,734,1.06,3,2,1,0.6516878674004142,-0.7729963145916929,0.6516878674004142,-0.7729963145916929,0.41761417831730857,Frequent Budget Buyers 🛍️,At Risk,144,4352.0,Silver Tier 🥈
CUST-1921,30,Female,Seattle,72776.98,21,2591.0,123.38,258.0,45,0.0571,Makeup,1,1089,0.58,0,0,0,-1.5966826720587437,0.053562437060331675,-1.5966826720587437,0.053562437060331675,-1.3373755308414748,Occasional / New Shoppers 🌱,New / Promising,421,2591.0,Bronze Tier 🥉
CUST-1922,43,Female,Houston,23823.24,22,4553.0,206.95,427.0,61,0.0591,Skincare,1,1093,0.6,2,0,-1,1.5489119790958357,0.6556715026194392,1.5489119790958357,0.6556715026194392,1.2566103627223324,VIP Cosmetics Enthusiasts ✨,Loyal Customers,435,4553.0,Gold Tier 🥇
CUST-1923,60,Female,Dallas,55871.15,27,4641.0,171.89,427.0,64,0.0574,Makeup,1,1093,0.74,2,1,0,1.618437964502715,1.2448723713431118,1.618437964502715,1.2448723713431118,-0.10757916847559656,VIP Cosmetics Enthusiasts ✨,Champions,445,4641.0,Gold Tier 🥇
CUST-1924,29,Female,New York,63610.65,30,4217.0,140.57,332.0,68,0.0583,Bath & Body,1,1092,0.82,2,1,0,1.0822202930762659,-0.00018339912263712636,1.0822202930762659,-0.00018339912263712636,-1.4016259648391898,VIP Cosmetics Enthusiasts ✨,Champions,454,4217.0,Silver Tier 🥈
CUST-1925,61,Male,Seattle,37851.93,26,3929.0,151.12,427.0,70,0.0519,Haircare,1,1090,0.72,0,1,0,0.5967892618337594,2.063599152424996,0.5967892618337594,2.063599152424996,-0.7428362850797896,Occasional / New Shoppers 🌱,Champions,444,3929.0,Silver Tier 🥈
CUST-1926,53,Non-Binary,Chicago,67157.9,12,2177.0,181.42,406.0,33,0.1,Fragrance,1,1092,0.33,1,3,-1,-2.0299047975665223,0.41403273079634123,-2.0299047975665223,0.41403273079634123,3.1805756518121497,Occasional / New Shoppers 🌱,New / Promising,411,2177.0,Bronze Tier 🥉
CUST-1927,51,Female,Dallas,77082.37,21,3025.0,144.05,272.0,60,0.0929,Bath & Body,356,737,0.85,3,2,-1,-1.4114900363584473,-0.4073333934142341,-1.4114900363584473,-0.4073333934142341,0.9680068798149258,Frequent Budget Buyers 🛍️,Lost Customers,122,3025.0,Bronze Tier 🥉
CUST-1928,44,Female,Chicago,54916.98,29,5246.0,180.9,427.0,71,0.0466,Skincare,1,1092,0.8,2,1,0,2.4885036503642435,0.347246136585609,2.4885036503642435,0.347246136585609,-0.6931620594071718,VIP Cosmetics Enthusiasts ✨,Champions,455,5246.0,Platinum Tier 💎
CUST-1929,27,Male,Los Angeles,55271.84,30,5672.0,189.07,427.0,88,0.0583,Fragrance,1,1093,0.82,2,1,-1,3.06117524158661,-0.6537963019404177,3.06117524158661,-0.6537963019404177,-0.11837326152374941,VIP Cosmetics Enthusiasts ✨,Champions,455,5672.0,Platinum Tier 💎
CUST-1930,62,Female,Seattle,68446.8,26,3967.0,152.58,427.0,64,0.0596,Skincare,357,737,1.06,3,2,1,0.12741336273605222,0.2821915587622564,0.12741336273605222,0.2821915587622564,-0.6771278350348708,Frequent Budget Buyers 🛍️,At Risk,144,3967.0,Silver Tier 🥈
CUST-1931,25,Non-Binary,New York,74638.37,24,4088.0,170.33,362.0,59,0.0646,Makeup,1,1092,0.66,2,0,0,0.7438863286616878,-0.9497486936114702,0.7438863286616878,-0.9497486936114702,-0.0031140312947991046,VIP Cosmetics Enthusiasts ✨,Loyal Customers,434,4088.0,Silver Tier 🥈
CUST-1932,36,Female,Dallas,53246.0,17,2438.0,143.41,427.0,47,0.0824,Bath & Body,357,735,0.69,3,2,-1,-2.3628124229554697,-0.5584287144695155,-2.3628124229554697,-0.5584287144695155,0.6948017731455834,Frequent Budget Buyers 🛍️,Lost Customers,111,2438.0,Bronze Tier 🥉
CUST-1933,29,Female,Houston,89695.3,24,4037.0,168.21,427.0,69,0.0542,Makeup,1,1092,0.66,2,1,0,0.6695226492947103,-1.0737053911860892,0.6695226492947103,-1.0737053911860892,-0.6291719634319115,VIP Cosmetics Enthusiasts ✨,Loyal Customers,434,4037.0,Silver Tier 🥈
CUST-1934,18,Female,Los Angeles,85290.18,13,1718.0,132.15,274.0,31,0.1038,Haircare,1,1093,0.36,1,3,-1,-3.1669322908787882,-1.0813453900664636,-3.1669322908787882,-1.0813453900664636,1.601581396995602,Occasional / New Shoppers 🌱,New / Promising,411,1718.0,Bronze Tier 🥉
CUST-1935,61,Male,Chicago,73708.46,32,4990.0,155.94,427.0,74,0.0828,Haircare,1,1092,0.88,2,1,0,2.1976707146489027,1.0741665150486572,2.1976707146489027,1.0741665150486572,0.3223712250078276,VIP Cosmetics Enthusiasts ✨,Champions,455,4990.0,Gold Tier 🥇
CUST-1936,60,Female,Miami,47486.53,24,3243.0,135.12,427.0,63,0.0708,Skincare,357,736,0.98,3,2,1,-0.9838412108506582,0.9422424568904858,-0.9838412108506582,0.9422424568904858,-0.3305949138797895,Frequent Budget Buyers 🛍️,Lost Customers,132,3243.0,Bronze Tier 🥉
CUST-1937,31,Female,Miami,93715.69,22,3322.0,151.0,427.0,49,0.0432,Makeup,1,1092,0.6,0,0,0,-0.42485762786511616,-0.8009132418585995,-0.42485762786511616,-0.8009132418585995,-1.495952621866391,Occasional / New Shoppers 🌱,Lost Customers,432,3322.0,Bronze Tier 🥉
CUST-1938,55,Female,Chicago,28520.92,23,2831.0,123.09,412.0,54,0.0696,Haircare,2,1092,0.63,0,0,-1,-1.1304249937578887,2.3811118406276823,-1.1304249937578887,2.3811118406276823,-0.3781025032448972,Occasional / New Shoppers 🌱,Need Attention,231,2831.0,Bronze Tier 🥉
CUST-1939,37,Female,Dallas,85343.61,29,4286.0,147.79,295.0,72,0.0586,Skincare,1,1093,0.8,2,1,0,1.1305380303805281,-0.25215976003896995,1.1305380303805281,-0.25215976003896995,-1.1817507774716174,VIP Cosmetics Enthusiasts ✨,Champions,454,4286.0,Silver Tier 🥈
CUST-1940,35,Female,Los Angeles,69097.54,17,2546.0,149.76,427.0,45,0.0706,Skincare,356,737,0.69,3,2,1,-2.16806986294218,-1.0708015318272672,-2.16806986294218,-1.0708015318272672,0.16931128004025936,Frequent Budget Buyers 🛍️,Lost Customers,111,2546.0,Bronze Tier 🥉
CUST-1941,48,Female,Houston,62019.9,29,4201.0,144.86,310.0,73,0.0672,Bath & Body,1,1093,0.8,2,1,0,1.0305956853844802,0.9031802007459587,1.0305956853844802,0.9031802007459587,-0.5946939550533554,VIP Cosmetics Enthusiasts ✨,Champions,454,4201.0,Silver Tier 🥈
CUST-1942,44,Male,New York,64686.69,24,4114.0,171.42,427.0,53,0.0646,Haircare,2,1091,0.66,2,1,0,0.803987156972268,0.22268865914199207,0.803987156972268,0.22268865914199207,0.2524311391601316,VIP Cosmetics Enthusiasts ✨,Need Attention,234,4114.0,Silver Tier 🥈
CUST-1943,34,Female,Dallas,35335.42,26,4612.0,177.38,427.0,63,0.0462,Bath & Body,1,1093,0.71,2,1,0,1.5687649090393119,0.3857430435652631,1.5687649090393119,0.3857430435652631,-0.5788452259674437,VIP Cosmetics Enthusiasts ✨,Champions,445,4612.0,Gold Tier 🥇
CUST-1944,54,Female,Seattle,76267.19,19,3129.0,164.68,427.0,46,0.1,Fragrance,2,1087,0.52,1,3,0,-0.7244141376737782,0.48152712921867086,-0.7244141376737782,0.48152712921867086,2.223026944682502,Occasional / New Shoppers 🌱,Lost Customers,212,3129.0,Bronze Tier 🥉
CUST-1945,23,Female,Los Angeles,94130.45,25,3513.0,140.52,308.0,58,0.112,Haircare,1,1089,0.69,1,3,-1,-0.15210145269395142,-1.1426574665018798,-0.15210145269395142,-1.1426574665018798,1.409077599380874,Occasional / New Shoppers 🌱,Loyal Customers,443,3513.0,Bronze Tier 🥉
CUST-1946,63,Female,Miami,25936.61,23,3805.0,165.43,341.0,48,0.0304,Fragrance,1,1092,0.63,0,1,-1,0.40637538546371543,2.2650587823345316,0.40637538546371543,2.2650587823345316,-1.161759099375207,Occasional / New Shoppers 🌱,Loyal Customers,433,3805.0,Silver Tier 🥈
CUST-1947,50,Male,Los Angeles,51048.6,31,5694.0,183.68,427.0,80,0.0597,Makeup,1,1093,0.85,2,1,0,3.128647880507404,0.6783889181137945,3.128647880507404,0.6783889181137945,-0.024310159581366876,VIP Cosmetics Enthusiasts ✨,Champions,455,5694.0,Platinum Tier 💎
CUST-1948,46,Female,Chicago,78725.11,24,4219.0,175.79,417.0,65,0.0458,Haircare,2,1092,0.66,2,1,0,0.96983554608665,-0.06211159711831023,0.96983554608665,-0.06211159711831023,-0.6396806106920436,VIP Cosmetics Enthusiasts ✨,Need Attention,234,4219.0,Silver Tier 🥈
CUST-1949,42,Non-Binary,Chicago,79877.35,25,3611.0,144.44,427.0,58,0.058,Fragrance,1,1091,0.69,0,0,0,0.06183190762274298,0.17325434227085482,0.06183190762274298,0.17325434227085482,-0.9498325618353087,Occasional / New Shoppers 🌱,Loyal Customers,443,3611.0,Silver Tier 🥈
CUST-1950,61,Female,Miami,74949.3,16,2414.0,150.88,427.0,39,0.0719,Bath & Body,356,738,0.65,3,2,2,-2.357679398577688,0.060679366309718014,-2.357679398577688,0.060679366309718014,0.5340456609220172,Frequent Budget Buyers 🛍️,Lost Customers,111,2414.0,Bronze Tier 🥉
CUST-1951,34,Female,Houston,56114.3,25,3805.0,152.2,340.0,67,0.062,Fragrance,1,1091,0.69,0,0,0,0.3531059521322389,0.23519912601434134,0.3531059521322389,0.23519912601434134,-0.4862357572552962,Occasional / New Shoppers 🌱,Loyal Customers,443,3805.0,Silver Tier 🥈
CUST-1952,56,Female,Dallas,55698.14,12,2076.0,173.0,427.0,37,0.0792,Fragrance,357,737,0.49,3,2,-1,-2.7275002265548833,-0.050390206241934195,-2.7275002265548833,-0.050390206241934195,1.8125795734622645,Frequent Budget Buyers 🛍️,Lost Customers,111,2076.0,Bronze Tier 🥉
CUST-1953,27,Female,Miami,80243.55,27,3878.0,143.63,427.0,65,0.0556,Skincare,2,1092,0.74,2,0,0,0.4899972274666975,-0.5647405216218973,0.4899972274666975,-0.5647405216218973,-1.3659430936601182,VIP Cosmetics Enthusiasts ✨,Need Attention,244,3878.0,Silver Tier 🥈
CUST-1954,45,Male,Miami,61679.31,28,3515.0,125.54,385.0,64,0.0714,Bath & Body,2,1092,0.77,0,0,0,0.0303371740323958,1.0494060777725993,0.0303371740323958,1.0494060777725993,-0.8413393900641977,Occasional / New Shoppers 🌱,Need Attention,253,3515.0,Bronze Tier 🥉
CUST-1955,46,Female,Miami,37901.08,28,3830.0,136.79,427.0,66,0.0518,Makeup,2,1092,0.77,0,1,0,0.5033302107879819,1.5383782459838464,0.5033302107879819,1.5383782459838464,-1.3916915597969943,Occasional / New Shoppers 🌱,Need Attention,253,3830.0,Silver Tier 🥈
CUST-1956,63,Female,Dallas,77003.01,27,3909.0,144.78,322.0,71,0.0648,Haircare,2,1091,0.74,2,1,0,0.5587679251644001,1.2783619179058863,0.5587679251644001,1.2783619179058863,-0.5303230013914053,VIP Cosmetics Enthusiasts ✨,Need Attention,244,3909.0,Silver Tier 🥈
CUST-1957,26,Female,Houston,90375.89,27,3348.0,124.0,345.0,76,0.0704,Haircare,356,738,1.1,3,2,-1,-0.7797075562502255,-1.6220744595836782,-0.7797075562502255,-1.6220744595836782,-1.3913657557465176,Frequent Budget Buyers 🛍️,Lost Customers,142,3348.0,Bronze Tier 🥉
CUST-1958,21,Non-Binary,San Francisco,121126.91,28,5239.0,187.11,427.0,77,0.0446,Skincare,1,1091,0.77,2,1,-1,2.407597869874243,-2.5212304084404185,2.407597869874243,-2.5212304084404185,-1.1453375271438673,VIP Cosmetics Enthusiasts ✨,Champions,455,5239.0,Platinum Tier 💎
CUST-1959,34,Male,San Francisco,58272.23,24,4672.0,194.67,427.0,66,0.0625,Makeup,1,1092,0.66,2,1,0,1.6416557589161758,-0.4641714205330379,1.6416557589161758,-0.4641714205330379,0.695958620695263,VIP Cosmetics Enthusiasts ✨,Loyal Customers,435,4672.0,Gold Tier 🥇
CUST-1960,34,Male,San Francisco,65897.4,21,3176.0,151.24,427.0,50,0.0667,Haircare,1,1092,0.58,0,0,0,-0.6565358256872951,-0.006702148625643393,-0.6565358256872951,-0.006702148625643393,-0.05713801433094596,Occasional / New Shoppers 🌱,New / Promising,422,3176.0,Bronze Tier 🥉
CUST-1961,18,Female,San Francisco,76120.35,24,3611.0,150.46,427.0,70,0.0562,Fragrance,1,1092,0.66,0,0,0,0.027046568100500826,-1.0219701906081542,0.027046568100500826,-1.0219701906081542,-1.0118002380206366,Occasional / New Shoppers 🌱,Loyal Customers,433,3611.0,Silver Tier 🥈
CUST-1962,28,Male,New York,74627.25,25,3812.0,152.48,387.0,71,0.066,Bath & Body,2,1091,0.69,2,0,0,0.34180072187193344,-0.5323266902207018,0.34180072187193344,-0.5323266902207018,-0.43715422284887934,VIP Cosmetics Enthusiasts ✨,Need Attention,243,3812.0,Silver Tier 🥈
CUST-1963,54,Female,San Francisco,66401.45,16,2910.0,181.88,427.0,39,0.0781,Makeup,1,1092,0.44,1,0,0,-0.9392197405486423,0.5063656413945522,-0.9392197405486423,0.5063656413945522,1.8315161139696978,Occasional / New Shoppers 🌱,New / Promising,411,2910.0,Bronze Tier 🥉
CUST-1964,47,Female,Chicago,75696.75,31,4951.0,159.71,427.0,75,0.0613,Skincare,1,1093,0.85,2,1,0,2.114210532247434,0.29727164884946694,2.114210532247434,0.29727164884946694,-0.7296326797197957,VIP Cosmetics Enthusiasts ✨,Champions,455,4951.0,Gold Tier 🥇
CUST-1965,54,Female,Miami,68886.5,17,2606.0,153.29,297.0,48,0.0441,Bath & Body,1,1085,0.47,0,0,0,-1.5242917561733824,0.9103224274421634,-1.5242917561733824,0.9103224274421634,-0.7021445095166475,Occasional / New Shoppers 🌱,New / Promising,411,2606.0,Bronze Tier 🥉
CUST-1966,20,Female,Seattle,61739.86,19,2264.0,119.16,341.0,50,0.0684,Fragrance,358,734,0.78,3,2,-1,-2.6825921612660366,-1.1845854374536087,-2.6825921612660366,-1.1845854374536087,-0.9677259366050683,Frequent Budget Buyers 🛍️,Lost Customers,111,2264.0,Bronze Tier 🥉
CUST-1967,40,Female,Seattle,56283.21,20,3202.0,160.1,427.0,48,0.0525,Bath & Body,2,1092,0.55,0,0,0,-0.5838718748493367,0.4129424329599675,-0.5838718748493367,0.4129424329599675,-0.3642843773771732,Occasional / New Shoppers 🌱,Need Attention,222,3202.0,Bronze Tier 🥉
CUST-1968,43,Female,New York,43705.54,24,3537.0,147.38,351.0,59,0.0812,Fragrance,2,1092,0.66,1,0,0,-0.06431344668276437,1.0293020583005075,-0.06431344668276437,1.0293020583005075,0.5722733253111992,Occasional / New Shoppers 🌱,Need Attention,233,3537.0,Bronze Tier 🥉
CUST-1969,37,Female,Chicago,79032.36,26,4383.0,168.58,412.0,62,0.0577,Skincare,1,1091,0.71,2,1,0,1.2024341367878297,-0.421643128114265,1.2024341367878297,-0.421643128114265,-0.4482165736837479,VIP Cosmetics Enthusiasts ✨,Champions,444,4383.0,Silver Tier 🥈
CUST-1970,34,Male,Chicago,104986.07,17,2429.0,142.88,306.0,37,0.0588,Fragrance,356,736,0.69,3,2,-1,-2.393204617483804,-1.8864259400191192,-2.393204617483804,-1.8864259400191192,-0.8135380800657663,Frequent Budget Buyers 🛍️,Lost Customers,111,2429.0,Bronze Tier 🥉
CUST-1971,58,Female,New York,97689.57,19,2609.0,137.32,392.0,57,0.0947,Makeup,2,1092,0.52,1,3,-1,-1.6116411975901006,0.5645075298662665,-1.6116411975901006,0.5645075298662665,1.1615905933359023,Occasional / New Shoppers 🌱,Lost Customers,211,2609.0,Bronze Tier 🥉
CUST-1972,31,Female,New York,65092.35,31,5443.0,175.58,427.0,90,0.0774,Haircare,1,1093,0.85,2,1,0,2.7530670369758177,-0.5122585163453434,2.7530670369758177,-0.5122585163453434,0.4045067379973249,VIP Cosmetics Enthusiasts ✨,Champions,455,5443.0,Platinum Tier 💎
CUST-1973,36,Female,Los Angeles,59027.31,24,4206.0,175.25,387.0,63,0.0625,Skincare,2,1091,0.66,2,1,0,0.9408956503730481,-0.0918100415464156,0.9408956503730481,-0.0918100415464156,0.20579761862352536,VIP Cosmetics Enthusiasts ✨,Need Attention,234,4206.0,Silver Tier 🥈
CUST-1974,49,Male,New York,97536.66,25,4324.0,172.96,427.0,63,0.066,Fragrance,1,1091,0.69,2,1,0,1.1007601029933194,-0.35831865833510496,1.1007601029933194,-0.35831865833510496,0.15485617912561847,VIP Cosmetics Enthusiasts ✨,Champions,444,4324.0,Silver Tier 🥈
CUST-1975,18,Male,Houston,75978.8,22,3593.0,163.32,427.0,56,0.075,Fragrance,356,738,0.89,3,2,1,-0.5228994692684953,-2.2850102622744437,-0.5228994692684953,-2.2850102622744437,0.20849792415531504,Frequent Budget Buyers 🛍️,At Risk,133,3593.0,Bronze Tier 🥉
CUST-1976,61,Male,New York,51200.96,27,3949.0,146.26,427.0,75,0.087,Fragrance,2,1089,0.74,1,3,0,0.612305983888391,1.7586823146751864,0.612305983888391,1.7586823146751864,0.7504710425839071,Occasional / New Shoppers 🌱,Need Attention,244,3949.0,Silver Tier 🥈
CUST-1977,43,Female,New York,78616.74,20,3069.0,153.45,338.0,56,0.0625,Skincare,1,1093,0.55,0,0,0,-0.8218437622464686,0.09999555983747421,-0.8218437622464686,0.09999555983747421,-0.13279280995384013,Occasional / New Shoppers 🌱,New / Promising,422,3069.0,Bronze Tier 🥉
CUST-1978,33,Male,Los Angeles,58065.42,20,3487.0,174.35,427.0,53,0.0575,Makeup,362,731,0.82,3,2,1,-0.629846925572246,-1.2548830343935544,-0.629846925572246,-1.2548830343935544,-0.014200138949045683,Frequent Budget Buyers 🛍️,Lost Customers,123,3487.0,Bronze Tier 🥉
CUST-1979,32,Female,Los Angeles,70981.7,17,3267.0,192.18,427.0,48,0.0529,Fragrance,1,1093,0.47,0,0,0,-0.3593677053116993,-0.8168193062950518,-0.3593677053116993,-0.8168193062950518,0.5401445278086712,Occasional / New Shoppers 🌱,New / Promising,412,3267.0,Bronze Tier 🥉
CUST-1980,21,Female,San Francisco,57730.92,22,2510.0,114.09,297.0,49,0.0591,Haircare,2,1092,0.6,0,0,0,-1.698906688827369,0.11311999975758213,-1.698906688827369,0.11311999975758213,-1.5430273968955353,Occasional / New Shoppers 🌱,Need Attention,231,2510.0,Bronze Tier 🥉
CUST-1981,28,Female,Los Angeles,68251.13,30,4541.0,151.37,427.0,83,0.065,Bath & Body,1,1091,0.82,2,1,0,1.5127409017284383,-0.34290493088579616,1.5127409017284383,-0.34290493088579616,-0.8209366326594876,VIP Cosmetics Enthusiasts ✨,Champions,455,4541.0,Gold Tier 🥇
CUST-1982,49,Female,Houston,38246.31,21,3890.0,185.24,427.0,62,0.0643,Fragrance,1,1093,0.58,2,0,0,0.5233284332182132,0.9182095650621928,0.5233284332182132,0.9182095650621928,0.9961466885695579,VIP Cosmetics Enthusiasts ✨,Potential Loyalists,424,3890.0,Silver Tier 🥈
CUST-1983,53,Male,Los Angeles,53731.97,32,4913.0,153.53,427.0,88,0.0812,Bath & Body,1,1091,0.88,2,1,0,2.1033490457196193,1.2073471629153822,2.1033490457196193,1.2073471629153822,0.21995860480794224,VIP Cosmetics Enthusiasts ✨,Champions,455,4913.0,Gold Tier 🥇
CUST-1984,56,Female,Dallas,78473.87,26,4128.0,158.77,297.0,66,0.0673,Fragrance,356,738,1.06,3,2,1,0.34396747091309565,-0.3665641482082279,0.34396747091309565,-0.3665641482082279,-0.24018600747925198,Frequent Budget Buyers 🛍️,At Risk,144,4128.0,Silver Tier 🥈
CUST-1985,58,Female,San Francisco,98512.21,29,4242.0,146.28,349.0,70,0.0897,Haircare,356,738,1.18,3,2,-1,0.5558157351617387,-0.5928862903145741,0.5558157351617387,-0.5928862903145741,0.26206043918545546,Frequent Budget Buyers 🛍️,At Risk,154,4242.0,Silver Tier 🥈
CUST-1986,48,Female,Houston,101785.68,23,3714.0,161.48,340.0,56,0.1217,Haircare,2,1092,0.63,1,3,-1,0.12898662222138385,-0.4239436722946675,0.12898662222138385,-0.4239436722946675,2.75850886438746,Occasional / New Shoppers 🌱,Need Attention,233,3714.0,Silver Tier 🥈
CUST-1987,43,Female,San Francisco,47585.31,35,6509.0,185.97,427.0,85,0.0657,Haircare,1,1093,0.96,2,1,-1,4.286972757887799,0.3674061835676925,4.286972757887799,0.3674061835676925,0.018107990323888618,VIP Cosmetics Enthusiasts ✨,Champions,455,6509.0,Platinum Tier 💎
CUST-1988,47,Female,Los Angeles,76302.11,24,3940.0,164.17,427.0,58,0.0625,Skincare,2,1089,0.66,2,0,0,0.5391958027033864,0.19929225390437988,0.5391958027033864,0.19929225390437988,-0.07933302420923657,VIP Cosmetics Enthusiasts ✨,Need Attention,234,3940.0,Silver Tier 🥈
CUST-1989,38,Male,San Francisco,83931.89,23,3261.0,141.78,427.0,62,0.0783,Skincare,1,1091,0.63,1,3,0,-0.5261682948917559,-0.12075946893798703,-0.5261682948917559,-0.12075946893798703,0.07826496799596576,Occasional / New Shoppers 🌱,Lost Customers,432,3261.0,Bronze Tier 🥉
CUST-1990,43,Male,Chicago,67019.64,26,3967.0,152.58,427.0,67,0.0462,Haircare,1,1093,0.71,2,0,0,0.6226123029122922,0.43463666852344823,0.6226123029122922,0.43463666852344823,-1.3184170265020816,VIP Cosmetics Enthusiasts ✨,Champions,444,3967.0,Silver Tier 🥈
CUST-1991,37,Non-Binary,Miami,61446.0,29,4207.0,145.07,377.0,77,0.0707,Bath & Body,2,1092,0.8,2,1,0,1.0257993217987549,0.35777839665255934,1.0257993217987549,0.35777839665255934,-0.5102015924744461,VIP Cosmetics Enthusiasts ✨,Need Attention,254,4207.0,Silver Tier 🥈
CUST-1992,23,Female,Seattle,73603.41,33,4521.0,137.0,427.0,71,0.0864,Bath & Body,1,1093,0.91,2,1,0,1.5922893454642337,-0.5194268438227759,1.5922893454642337,-0.5194268438227759,-0.39728723062508053,VIP Cosmetics Enthusiasts ✨,Champions,455,4521.0,Gold Tier 🥇
CUST-1993,50,Female,Miami,72342.99,33,6506.0,197.15,427.0,94,0.0818,Fragrance,1,1092,0.91,2,1,-1,4.209114009628749,-0.09256059339967773,4.209114009628749,-0.09256059339967773,1.1766449084914206,VIP Cosmetics Enthusiasts ✨,Champions,455,6506.0,Platinum Tier 💎
CUST-1994,64,Female,New York,62729.51,19,2738.0,144.11,427.0,55,0.0684,Fragrance,1,1088,0.52,0,0,0,-1.3424598025897403,1.6645936442524376,-1.3424598025897403,1.6645936442524376,0.26861642725477813,Occasional / New Shoppers 🌱,New / Promising,411,2738.0,Bronze Tier 🥉
CUST-1995,30,Female,Chicago,36384.7,21,2736.0,130.29,379.0,54,0.0238,Fragrance,1,1091,0.58,0,0,-1,-1.3127489245632724,0.8940770639390171,-1.3127489245632724,0.8940770639390171,-2.625720041174008,Occasional / New Shoppers 🌱,New / Promising,421,2736.0,Bronze Tier 🥉
CUST-1996,45,Female,San Francisco,75876.23,27,4539.0,168.11,427.0,61,0.0704,Haircare,1,1093,0.74,2,1,0,1.437211397203838,0.04446768818299765,1.437211397203838,0.04446768818299765,0.19924473094749026,VIP Cosmetics Enthusiasts ✨,Champions,445,4539.0,Gold Tier 🥇
CUST-1997,51,Male,Dallas,57025.49,22,4254.0,193.36,427.0,56,0.0614,Haircare,1,1093,0.6,2,0,0,1.0631233925298647,0.43778844720127497,1.0631233925298647,0.43778844720127497,0.9048037156297206,VIP Cosmetics Enthusiasts ✨,Loyal Customers,434,4254.0,Silver Tier 🥈
CUST-1998,23,Male,Los Angeles,61201.01,26,3799.0,146.12,366.0,71,0.0981,Haircare,2,1090,0.72,1,3,-1,0.32243949626548196,-0.397941074448209,0.32243949626548196,-0.397941074448209,0.9727593626328016,Occasional / New Shoppers 🌱,Need Attention,243,3799.0,Silver Tier 🥈
CUST-1999,45,Female,San Francisco,22000.0,19,3328.0,175.16,427.0,37,0.0947,Bath & Body,1,1091,0.52,1,0,-1,-0.35389456350944576,1.2243522428239262,-0.35389456350944576,1.2243522428239262,2.4539743767356836,Occasional / New Shoppers 🌱,New / Promising,422,3328.0,Bronze Tier 🥉
CUST-2000,26,Female,Houston,76981.38,17,2913.0,171.35,343.0,48,0.0588,Bath & Body,1,1092,0.47,0,0,0,-1.011477233082626,-0.9686704349836804,-1.011477233082626,-0.9686704349836804,0.20700314685676371,Occasional / New Shoppers 🌱,New / Promising,411,2913.0,Bronze Tier 🥉
CUST-2001,33,Female,Chicago,115461.16,22,3866.0,175.73,427.0,62,0.0636,Fragrance,2,1092,0.6,1,0,0,0.3984411838969311,-1.6391172783926593,0.3984411838969311,-1.6391172783926593,0.06538763620425987,Occasional / New Shoppers 🌱,Need Attention,234,3866.0,Silver Tier 🥈
CUST-2002,53,Male,Houston,22000.0,22,3737.0,169.86,427.0,50,0.0568,Bath & Body,1,1088,0.61,0,0,0,0.27974308379436963,1.7579513729325584,0.27974308379436963,1.7579513729325584,0.27949139727250977,Occasional / New Shoppers 🌱,Loyal Customers,433,3737.0,Silver Tier 🥈
CUST-2003,63,Male,New York,67636.03,31,4877.0,157.32,427.0,83,0.0532,Haircare,2,1092,0.85,2,1,0,2.038924755146833,1.3394408511959395,2.038924755146833,1.3394408511959395,-1.0087945238980585,VIP Cosmetics Enthusiasts ✨,Need Attention,255,4877.0,Gold Tier 🥇
CUST-2004,31,Female,Los Angeles,81070.26,25,4449.0,177.96,427.0,59,0.048,Fragrance,1,1093,0.69,2,1,0,1.295350507063162,-0.9005450885597114,1.295350507063162,-0.9005450885597114,-0.6897022077846795,VIP Cosmetics Enthusiasts ✨,Champions,445,4449.0,Gold Tier 🥇
CUST-2005,22,Male,Houston,71313.77,16,2886.0,180.38,327.0,43,0.0969,Makeup,1,1093,0.44,1,3,-1,-1.0294333357768248,-1.2148870356740515,-1.0294333357768248,-1.2148870356740515,2.419921810820363,Occasional / New Shoppers 🌱,New / Promising,411,2886.0,Bronze Tier 🥉
CUST-2006,64,Male,Seattle,60544.75,22,3169.0,144.05,427.0,54,0.0523,Makeup,1,1088,0.61,0,0,0,-0.6234180179345961,1.7510514426122816,-0.6234180179345961,1.7510514426122816,-0.7339131782922393,Occasional / New Shoppers 🌱,Lost Customers,432,3169.0,Bronze Tier 🥉
CUST-2007,40,Female,Dallas,55061.65,24,3854.0,160.58,382.0,57,0.0875,Makeup,1,1093,0.66,1,3,0,0.3984575267733731,0.39422582588983035,0.3984575267733731,0.39422582588983035,1.1403693172244165,Occasional / New Shoppers 🌱,Loyal Customers,434,3854.0,Silver Tier 🥈
CUST-2008,34,Female,Los Angeles,88616.58,23,3172.0,137.91,427.0,55,0.0804,Haircare,1,1091,0.63,1,3,0,-0.6708659184383796,-0.3801227472278,-0.6708659184383796,-0.3801227472278,0.020832762188114067,Occasional / New Shoppers 🌱,Lost Customers,432,3172.0,Bronze Tier 🥉
CUST-2009,51,Female,Los Angeles,47196.48,19,3200.0,168.42,357.0,54,0.0711,Bath & Body,2,1092,0.52,1,0,0,-0.564070475508071,1.033871099879217,-0.564070475508071,1.033871099879217,1.0051321260597694,Occasional / New Shoppers 🌱,Need Attention,222,3200.0,Bronze Tier 🥉
CUST-2010,21,Male,Los Angeles,89864.0,14,2079.0,148.5,371.0,41,0.0571,Skincare,360,733,0.57,3,2,-1,-2.943021484425271,-2.260920921232973,-2.943021484425271,-2.260920921232973,-0.5826823305125813,Frequent Budget Buyers 🛍️,Lost Customers,111,2079.0,Bronze Tier 🥉
CUST-2011,22,Female,Miami,54426.17,25,3542.0,141.68,266.0,67,0.088,Skincare,356,738,1.02,3,2,-1,-0.5626702665977564,-1.240731274521676,-0.5626702665977564,-1.240731274521676,0.25323653564280385,Frequent Budget Buyers 🛍️,At Risk,143,3542.0,Bronze Tier 🥉
CUST-2012,29,Female,San Francisco,82699.83,23,3400.0,147.83,427.0,57,0.0848,Skincare,1,1088,0.63,1,3,0,-0.32479429764150225,-0.6395461812323349,-0.32479429764150225,-0.6395461812323349,0.48725970854679707,Occasional / New Shoppers 🌱,Lost Customers,432,3400.0,Bronze Tier 🥉
CUST-2013,40,Male,Houston,95776.0,28,4438.0,158.5,351.0,69,0.0714,Haircare,2,1092,0.77,2,1,0,1.295579690110724,-0.5490906522635814,1.295579690110724,-0.5490906522635814,-0.22556017748902654,VIP Cosmetics Enthusiasts ✨,Need Attention,255,4438.0,Gold Tier 🥇
CUST-2014,29,Female,Miami,55715.38,25,4370.0,174.8,413.0,64,0.07,Haircare,2,1091,0.69,2,1,0,1.1740460774851127,-0.3629423033390586,1.1740460774851127,-0.3629423033390586,0.4577682329844602,VIP Cosmetics Enthusiasts ✨,Need Attention,244,4370.0,Silver Tier 🥈
CUST-2015,23,Female,Miami,101448.12,23,3486.0,151.57,358.0,66,0.063,Makeup,1,1093,0.63,0,0,0,-0.19193990539697475,-1.4247760385681218,-0.19193990539697475,-1.4247760385681218,-0.670701911387786,Occasional / New Shoppers 🌱,Loyal Customers,433,3486.0,Bronze Tier 🥉
CUST-2016,28,Female,Dallas,42775.22,32,5377.0,168.03,427.0,83,0.0719,Fragrance,2,1092,0.88,2,1,0,2.7087418582385037,0.01195941286118564,2.7087418582385037,0.01195941286118564,-0.037301137120925386,VIP Cosmetics Enthusiasts ✨,Need Attention,255,5377.0,Platinum Tier 💎
CUST-2017,33,Female,Dallas,59879.67,28,4661.0,166.46,427.0,67,0.075,Bath & Body,1,1092,0.77,2,1,0,1.6232003726120328,-0.1403177000003723,1.6232003726120328,-0.1403177000003723,0.30084002768102713,VIP Cosmetics Enthusiasts ✨,Champions,455,4661.0,Gold Tier 🥇
CUST-2018,61,Female,Seattle,92798.5,23,3009.0,130.83,427.0,66,0.0804,Makeup,2,1090,0.63,1,3,0,-0.9024220117741489,0.9664905251553498,-0.9024220117741489,0.9664905251553498,0.05719200767983189,Occasional / New Shoppers 🌱,Need Attention,232,3009.0,Bronze Tier 🥉
CUST-2019,64,Female,Houston,105320.84,19,2224.0,117.05,280.0,53,0.0816,Bath & Body,1,1093,0.52,1,0,-1,-2.2519738691403957,0.9962194450637936,-2.2519738691403957,0.9962194450637936,-0.011167548286579537,Occasional / New Shoppers 🌱,New / Promising,421,2224.0,Bronze Tier 🥉
CUST-2020,25,Male,Miami,68594.25,24,3139.0,130.79,392.0,62,0.0708,Makeup,357,736,0.98,3,2,1,-1.182986168763507,-1.2560018464379126,-1.182986168763507,-1.2560018464379126,-0.878181572127768,Frequent Budget Buyers 🛍️,Lost Customers,132,3139.0,Bronze Tier 🥉
CUST-2021,38,Female,Houston,41928.71,21,3632.0,172.95,427.0,52,0.0619,Bath & Body,1,1093,0.58,0,1,0,0.09899232765285661,0.4658836467757516,0.09899232765285661,0.4658836467757516,0.43642269383770393,Occasional / New Shoppers 🌱,Potential Loyalists,423,3632.0,Silver Tier 🥈
CUST-2022,19,Female,Chicago,73485.91,14,1933.0,138.07,294.0,33,0.0536,Makeup,358,735,0.57,3,2,3,-3.2238983444258626,-1.797447303482076,-3.2238983444258626,-1.797447303482076,-0.9546325676964603,Frequent Budget Buyers 🛍️,Lost Customers,111,1933.0,Bronze Tier 🥉
CUST-2023,24,Non-Binary,Seattle,58772.62,20,2596.0,129.8,287.0,53,0.0425,Fragrance,1,1091,0.55,0,0,0,-1.5884205575982369,0.020437030319036348,-1.5884205575982369,0.020437030319036348,-1.8114432485246028,Occasional / New Shoppers 🌱,New / Promising,421,2596.0,Bronze Tier 🥉
CUST-2024,57,Female,Seattle,40170.8,23,2763.0,120.13,331.0,52,0.0609,Makeup,356,738,0.93,3,2,-1,-1.729881671033371,1.212159542877969,-1.729881671033371,1.212159542877969,-1.1339047007931848,Frequent Budget Buyers 🛍️,Lost Customers,131,2763.0,Bronze Tier 🥉
CUST-2025,43,Female,Seattle,98401.42,22,2975.0,135.23,341.0,53,0.0841,Fragrance,2,1091,0.6,1,3,0,-0.9973925854109144,-0.143770900024033,-0.9973925854109144,-0.143770900024033,0.2309582161092279,Occasional / New Shoppers 🌱,Need Attention,232,2975.0,Bronze Tier 🥉
CUST-2026,35,Female,Los Angeles,69791.58,23,3802.0,165.3,427.0,64,0.05,Bath & Body,2,1092,0.63,0,0,0,0.3326108131566679,-0.23881952256550318,0.3326108131566679,-0.23881952256550318,-0.6813514505225725,Occasional / New Shoppers 🌱,Need Attention,233,3802.0,Silver Tier 🥈
CUST-2027,61,Female,Los Angeles,68878.96,18,2658.0,147.67,398.0,49,0.0611,Fragrance,1,1090,0.5,0,0,0,-1.4665160672242497,1.3192938754663157,-1.4665160672242497,1.3192938754663157,0.0008306473057173306,Occasional / New Shoppers 🌱,New / Promising,411,2658.0,Bronze Tier 🥉
CUST-2028,39,Female,Chicago,42725.07,22,3035.0,137.95,427.0,53,0.0545,Bath & Body,1,1093,0.6,0,0,0,-0.8451401948038811,1.031606671655192,-0.8451401948038811,1.031606671655192,-0.9072536260994047,Occasional / New Shoppers 🌱,Lost Customers,432,3035.0,Bronze Tier 🥉
CUST-2029,35,Female,Houston,53923.76,22,3229.0,146.77,427.0,51,0.0591,Fragrance,1,1088,0.61,0,0,0,-0.5549830308594581,0.41792812731087675,-0.5549830308594581,0.41792812731087675,-0.5466197165127762,Occasional / New Shoppers 🌱,Lost Customers,432,3229.0,Bronze Tier 🥉
CUST-2030,28,Female,New York,40322.22,20,3107.0,155.35,427.0,52,0.065,Fragrance,2,1090,0.55,0,0,0,-0.7505612213434234,0.25986077814510783,-0.7505612213434234,0.25986077814510783,0.12174932348816404,Occasional / New Shoppers 🌱,Need Attention,222,3107.0,Bronze Tier 🥉
CUST-2031,45,Female,San Francisco,92055.15,27,4206.0,155.78,340.0,72,0.05,Haircare,1,1092,0.74,2,0,0,0.9700121197950932,-0.1342707577679791,0.9700121197950932,-0.1342707577679791,-1.2359277480944122,VIP Cosmetics Enthusiasts ✨,Champions,444,4206.0,Silver Tier 🥈
CUST-2032,26,Female,Chicago,80904.56,19,2529.0,133.11,427.0,47,0.0632,Bath & Body,2,1090,0.52,0,0,0,-1.7372944981386043,-0.5100237291833692,-1.7372944981386043,-0.5100237291833692,-0.7247934078844885,Occasional / New Shoppers 🌱,Need Attention,221,2529.0,Bronze Tier 🥉
CUST-2033,26,Female,Houston,61776.9,32,5735.0,179.22,427.0,90,0.0781,Bath & Body,2,1087,0.88,2,1,0,3.1627645975112126,-0.7411993741707527,3.1627645975112126,-0.7411993741707527,0.43817100278040727,VIP Cosmetics Enthusiasts ✨,Need Attention,255,5735.0,Platinum Tier 💎
CUST-2034,53,Female,New York,42065.48,14,2218.0,158.43,427.0,36,0.0607,Skincare,1,1091,0.38,0,0,0,-2.1038192785546435,1.416611528047362,-2.1038192785546435,1.416611528047362,0.6123923777696383,Occasional / New Shoppers 🌱,New / Promising,411,2218.0,Bronze Tier 🥉
CUST-2035,19,Female,Los Angeles,81180.54,30,4795.0,159.83,427.0,70,0.05,Haircare,1,1092,0.82,2,1,0,1.8539308194892394,-1.2203933434006529,1.8539308194892394,-1.2203933434006529,-1.509843593635378,VIP Cosmetics Enthusiasts ✨,Champions,455,4795.0,Gold Tier 🥇
CUST-2036,29,Male,Houston,68690.11,38,6346.0,167.0,427.0,88,0.0855,Fragrance,2,1091,1.04,2,1,-1,4.157547784494095,-0.5734919821579271,4.157547784494095,-0.5734919821579271,0.07179600803131415,VIP Cosmetics Enthusiasts ✨,Need Attention,255,6346.0,Platinum Tier 💎
CUST-2037,27,Female,Seattle,78758.79,26,3477.0,133.73,427.0,60,0.0712,Skincare,2,1092,0.71,0,0,0,-0.12947717605982964,-0.4019859161661539,-0.12947717605982964,-0.4019859161661539,-0.7622162010092977,Occasional / New Shoppers 🌱,Need Attention,243,3477.0,Bronze Tier 🥉
CUST-2038,27,Female,New York,91702.81,23,2529.0,109.96,292.0,60,0.037,Bath & Body,359,733,0.94,3,2,-1,-2.131783441012234,-1.3721307953794408,-2.131783441012234,-1.3721307953794408,-3.1614289129901434,Frequent Budget Buyers 🛍️,Lost Customers,131,2529.0,Bronze Tier 🥉
CUST-2039,22,Female,Houston,110097.56,27,3835.0,142.04,427.0,73,0.0907,Bath & Body,2,1089,0.74,1,3,-1,0.37662929069908757,-1.5746429834957734,0.37662929069908757,-1.5746429834957734,0.14263500715946625,Occasional / New Shoppers 🌱,Need Attention,243,3835.0,Silver Tier 🥈
CUST-2040,31,Female,Chicago,103260.24,31,5001.0,161.32,427.0,86,0.0548,Haircare,2,1092,0.85,2,1,0,2.1539173053446268,-1.1972908964074844,2.1539173053446268,-1.1972908964074844,-1.3150259761850833,VIP Cosmetics Enthusiasts ✨,Need Attention,255,5001.0,Gold Tier 🥇
CUST-2041,50,Female,Miami,41063.23,20,2513.0,125.65,273.0,45,0.07,Fragrance,1,1093,0.55,0,0,0,-1.7147323752720374,1.7738797814301877,-1.7147323752720374,1.7738797814301877,-0.2029668207863626,Occasional / New Shoppers 🌱,New / Promising,421,2513.0,Bronze Tier 🥉
CUST-2042,51,Female,New York,78402.67,28,3728.0,133.14,427.0,60,0.075,Skincare,1,1090,0.77,1,1,0,0.3209402371415753,0.8170473727580213,0.3209402371415753,0.8170473727580213,-0.5032342110892802,Occasional / New Shoppers 🌱,Loyal Customers,453,3728.0,Silver Tier 🥈
CUST-2043,34,Female,Seattle,47623.04,23,3893.0,169.26,333.0,56,0.0674,Haircare,1,1093,0.63,2,1,0,0.4728634493217918,0.1749500569743958,0.4728634493217918,0.1749500569743958,0.411818179988348,VIP Cosmetics Enthusiasts ✨,Loyal Customers,434,3893.0,Silver Tier 🥈
CUST-2044,61,Female,Houston,22000.0,25,4641.0,185.64,427.0,70,0.074,Bath & Body,1,1089,0.69,2,1,0,1.6201037207582933,1.8936147987583918,1.6201037207582933,1.8936147987583918,1.4194089213686325,VIP Cosmetics Enthusiasts ✨,Champions,445,4641.0,Gold Tier 🥇
CUST-2045,50,Female,Miami,87107.91,24,3243.0,135.12,331.0,62,0.0771,Bath & Body,2,1092,0.66,1,3,0,-0.5251221481976971,0.5019517124071278,-0.5251221481976971,0.5019517124071278,-0.13278612304178666,Occasional / New Shoppers 🌱,Need Attention,232,3243.0,Bronze Tier 🥉
CUST-2046,19,Female,Los Angeles,57418.96,25,3531.0,141.24,316.0,65,0.082,Makeup,1,1092,0.69,1,3,0,-0.08062696793863498,-0.40645564126256223,-0.08062696793863498,-0.40645564126256223,0.09145374675500174,Occasional / New Shoppers 🌱,Loyal Customers,443,3531.0,Bronze Tier 🥉
CUST-2047,37,Female,New York,61631.41,19,3235.0,170.26,314.0,51,0.0632,Makeup,357,737,0.77,3,2,1,-1.0170571827425192,-1.0768791289854494,-1.0170571827425192,-1.0768791289854494,0.25318970731767326,Frequent Budget Buyers 🛍️,Lost Customers,122,3235.0,Bronze Tier 🥉
CUST-2048,21,Female,San Francisco,35340.62,20,2389.0,119.45,317.0,48,0.0575,Skincare,357,737,0.81,3,2,-1,-2.4286568761656797,-0.46590204856531897,-2.4286568761656797,-0.46590204856531897,-1.41731760396156,Frequent Budget Buyers 🛍️,Lost Customers,121,2389.0,Bronze Tier 🥉
CUST-2049,18,Female,Seattle,62900.15,26,3312.0,127.38,355.0,60,0.0558,Makeup,2,1092,0.71,0,0,0,-0.3529948680620531,-0.3409133696056866,-0.3529948680620531,-0.3409133696056866,-1.692288170527162,Occasional / New Shoppers 🌱,Need Attention,242,3312.0,Bronze Tier 🥉
CUST-2050,53,Female,Dallas,70984.85,22,3723.0,169.23,427.0,56,0.0682,Bath & Body,1,1093,0.6,1,0,0,0.21699213215783067,0.5457236197750032,0.21699213215783067,0.5457236197750032,0.5597848233363601,Occasional / New Shoppers 🌱,Loyal Customers,433,3723.0,Silver Tier 🥈
CUST-2051,22,Female,Miami,90140.35,20,3044.0,152.2,381.0,51,0.0625,Fragrance,359,735,0.82,3,2,1,-1.3900196289023463,-2.262606898571209,-1.3900196289023463,-2.262606898571209,-0.61666837784826,Frequent Budget Buyers 🛍️,Lost Customers,122,3044.0,Bronze Tier 🥉
CUST-2052,32,Male,Chicago,53236.59,19,3039.0,159.95,427.0,57,0.0684,Bath & Body,1,1093,0.52,0,0,0,-0.8530335913100034,0.06984406071174573,-0.8530335913100034,0.06984406071174573,0.4442563380058442,Occasional / New Shoppers 🌱,New / Promising,422,3039.0,Bronze Tier 🥉
CUST-2053,51,Female,Miami,46876.81,29,4902.0,169.03,427.0,82,0.0914,Fragrance,1,1092,0.8,2,1,0,1.988644089083016,1.0140942307770147,1.988644089083016,1.0140942307770147,1.3587321553725262,VIP Cosmetics Enthusiasts ✨,Champions,455,4902.0,Gold Tier 🥇
CUST-2054,56,Female,New York,93609.16,25,3825.0,153.0,362.0,60,0.076,Skincare,356,737,1.02,3,2,1,-0.13239805196716506,-0.6652464242195799,-0.13239805196716506,-0.6652464242195799,0.030361965559532786,Frequent Budget Buyers 🛍️,At Risk,143,3825.0,Silver Tier 🥈
CUST-2055,28,Male,Houston,79904.25,27,4026.0,149.11,427.0,58,0.0556,Skincare,1,1092,0.74,2,0,0,0.7029276898572302,-0.5880106026408256,0.7029276898572302,-0.5880106026408256,-1.2125475296966246,VIP Cosmetics Enthusiasts ✨,Champions,444,4026.0,Silver Tier 🥈
CUST-2056,22,Female,Miami,72897.46,18,2546.0,141.44,317.0,48,0.0667,Makeup,1,1092,0.49,0,0,0,-1.7020208694016932,-0.6403036259317537,-1.7020208694016932,-0.6403036259317537,-0.254956201752078,Occasional / New Shoppers 🌱,New / Promising,411,2546.0,Bronze Tier 🥉
CUST-2057,50,Female,New York,71608.89,18,2809.0,156.06,314.0,40,0.0778,Haircare,2,1092,0.49,1,0,0,-1.2289626057492165,0.5539345705471082,-1.2289626057492165,0.5539345705471082,0.9423532493556126,Occasional / New Shoppers 🌱,Lost Customers,211,2809.0,Bronze Tier 🥉
CUST-2058,43,Female,New York,73436.56,25,3297.0,131.88,296.0,67,0.054,Makeup,1,1091,0.69,0,0,0,-0.3927553629348819,0.5786633402333752,-0.3927553629348819,0.5786633402333752,-1.4309043311790626,Occasional / New Shoppers 🌱,Lost Customers,442,3297.0,Bronze Tier 🥉
CUST-2059,31,Male,Los Angeles,53695.72,23,3217.0,139.87,294.0,54,0.0717,Bath & Body,2,1091,0.63,0,0,0,-0.5760278000721443,0.30964106489872406,-0.5760278000721443,0.30964106489872406,-0.19626083633331098,Occasional / New Shoppers 🌱,Need Attention,232,3217.0,Bronze Tier 🥉
CUST-2060,22,Male,Miami,70320.53,26,4776.0,183.69,427.0,61,0.0596,Haircare,1,1092,0.71,2,1,0,1.7625728764344226,-1.1891299020703532,1.7625728764344226,-1.1891299020703532,-0.04788874105827647,VIP Cosmetics Enthusiasts ✨,Champions,445,4776.0,Gold Tier 🥇
CUST-2061,18,Female,Los Angeles,72293.57,19,4182.0,220.11,427.0,47,0.0789,Makeup,2,1092,0.52,1,1,-1,1.0501477067837004,-2.001106835320925,1.0501477067837004,-2.001106835320925,2.299820898892232,Occasional / New Shoppers 🌱,Need Attention,224,4182.0,Silver Tier 🥈
CUST-2062,32,Female,New York,81378.49,32,4252.0,132.88,330.0,82,0.0844,Makeup,1,1089,0.88,2,1,0,1.192175714754058,-0.19751688640769183,1.192175714754058,-0.19751688640769183,-0.49856489452104613,VIP Cosmetics Enthusiasts ✨,Champions,454,4252.0,Silver Tier 🥈
CUST-2063,53,Female,Dallas,77161.63,22,2913.0,132.41,295.0,52,0.05,Fragrance,1,1092,0.6,0,0,0,-1.043249598839871,0.9716317833926081,-1.043249598839871,0.9716317833926081,-1.3445079050846862,Occasional / New Shoppers 🌱,Lost Customers,432,2913.0,Bronze Tier 🥉
CUST-2064,57,Male,San Francisco,89935.65,13,1887.0,145.15,289.0,39,0.0538,Skincare,1,1093,0.36,0,0,0,-2.7380086142610263,0.6354227455975378,-2.7380086142610263,0.6354227455975378,-0.2452098539875562,Occasional / New Shoppers 🌱,New / Promising,411,1887.0,Bronze Tier 🥉
CUST-2065,25,Female,Houston,27149.59,28,4100.0,146.43,427.0,67,0.0696,Fragrance,356,738,1.14,3,2,-1,0.3594058085155514,-0.4578985900741846,0.3594058085155514,-0.4578985900741846,-0.5717473014710905,Frequent Budget Buyers 🛍️,At Risk,154,4100.0,Silver Tier 🥈
CUST-2066,34,Female,Chicago,99869.18,24,3476.0,144.83,320.0,54,0.0521,Skincare,1,1092,0.66,0,0,0,-0.1744903017055019,-0.7176029721183852,-0.1744903017055019,-0.7176029721183852,-1.3528822540512233,Occasional / New Shoppers 🌱,Loyal Customers,433,3476.0,Bronze Tier 🥉
CUST-2067,40,Female,New York,45210.41,30,4305.0,143.5,368.0,83,0.0833,Makeup,1,1092,0.82,2,1,0,1.2021151211089305,0.9188713450068292,1.2021151211089305,0.9188713450068292,0.13308873857050849,VIP Cosmetics Enthusiasts ✨,Champions,454,4305.0,Silver Tier 🥈
CUST-2068,59,Female,Miami,59282.6,16,2605.0,162.81,322.0,36,0.05,Fragrance,357,732,0.66,3,2,-1,-1.9761535823874388,0.20237587601063425,-1.9761535823874388,0.20237587601063425,-0.18616739633399335,Frequent Budget Buyers 🛍️,Lost Customers,111,2605.0,Bronze Tier 🥉
CUST-2069,64,Female,Seattle,53752.51,26,4587.0,176.42,427.0,63,0.0846,Bath & Body,1,1093,0.71,2,1,0,1.5142929504905551,1.3871989689424256,1.5142929504905551,1.3871989689424256,1.4926494190912636,VIP Cosmetics Enthusiasts ✨,Champions,445,4587.0,Gold Tier 🥇
CUST-2070,55,Male,Dallas,88669.17,32,4913.0,153.53,427.0,72,0.0578,Skincare,1,1092,0.88,2,1,0,2.101785960442271,0.48120043049080685,2.101785960442271,0.48120043049080685,-1.1342671091519725,VIP Cosmetics Enthusiasts ✨,Champions,455,4913.0,Gold Tier 🥇
CUST-2071,49,Female,Los Angeles,61910.71,21,3427.0,163.19,427.0,50,0.0786,Haircare,356,738,0.85,3,2,1,-0.7455956397900242,-0.39825120420125365,-0.7455956397900242,-0.39825120420125365,0.8138465434881474,Frequent Budget Buyers 🛍️,Lost Customers,123,3427.0,Bronze Tier 🥉
CUST-2072,19,Female,Houston,30540.67,20,2179.0,108.95,260.0,48,0.0975,Skincare,2,1089,0.55,1,0,-1,-2.308624758359607,0.6924202204090316,-2.308624758359607,0.6924202204090316,0.5233310523378919,Occasional / New Shoppers 🌱,Need Attention,221,2179.0,Bronze Tier 🥉
CUST-2073,22,Male,Chicago,69098.94,18,3046.0,169.22,364.0,44,0.0583,Bath & Body,1,1091,0.49,0,0,0,-0.8196821998701256,-0.9416061496109812,-0.8196821998701256,-0.9416061496109812,0.0663400066426347,Occasional / New Shoppers 🌱,New / Promising,412,3046.0,Bronze Tier 🥉
CUST-2074,38,Female,Houston,96848.59,28,4739.0,169.25,427.0,68,0.0893,Fragrance,358,736,1.14,3,2,-1,1.2004861948803838,-1.9124642672784224,1.2004861948803838,-1.9124642672784224,0.7321756220664012,Frequent Budget Buyers 🛍️,At Risk,155,4739.0,Gold Tier 🥇
CUST-2075,25,Female,Houston,72504.96,27,4071.0,150.78,371.0,59,0.0648,Bath & Body,1,1088,0.74,2,1,0,0.7616739939826054,-0.594473345029042,0.7616739939826054,-0.594473345029042,-0.6925916472082135,VIP Cosmetics Enthusiasts ✨,Champions,444,4071.0,Silver Tier 🥈
CUST-2076,29,Non-Binary,Houston,73153.93,28,4359.0,155.68,427.0,63,0.0625,Haircare,1,1093,0.77,2,1,0,1.1991396200149491,-0.48132356439386287,1.1991396200149491,-0.48132356439386287,-0.7170432335728257,VIP Cosmetics Enthusiasts ✨,Champions,454,4359.0,Silver Tier 🥈
CUST-2077,42,Female,Dallas,54697.97,22,2473.0,112.41,280.0,53,0.0455,Makeup,1,1090,0.61,0,0,0,-1.7248311081876049,1.2821812863021513,-1.7248311081876049,1.2821812863021513,-2.0622966109094576,Occasional / New Shoppers 🌱,Lost Customers,431,2473.0,Bronze Tier 🥉
CUST-2078,63,Female,San Francisco,62416.35,20,2920.0,146.0,290.0,44,0.065,Bath & Body,1,1093,0.55,0,0,0,-1.0424122348322205,1.6022126986443206,-1.0424122348322205,1.6022126986443206,0.0714419662530497,Occasional / New Shoppers 🌱,New / Promising,422,2920.0,Bronze Tier 🥉
CUST-2079,32,Female,Chicago,70494.05,19,2794.0,147.05,427.0,48,0.0763,Bath & Body,1,1090,0.52,0,0,0,-1.2859514125834473,-0.17614518699291648,-1.2859514125834473,-0.17614518699291648,0.4087844584870429,Occasional / New Shoppers 🌱,New / Promising,421,2794.0,Bronze Tier 🥉
CUST-2080,31,Female,Seattle,65883.88,25,4698.0,187.92,399.0,62,0.066,Skincare,1,1093,0.69,2,1,0,1.6573629977981124,-0.7045900516630693,1.6573629977981124,-0.7045900516630693,0.5581550440069497,VIP Cosmetics Enthusiasts ✨,Champions,445,4698.0,Gold Tier 🥇
CUST-2081,42,Female,Los Angeles,45458.26,26,4297.0,165.27,427.0,56,0.0808,Fragrance,1,1088,0.72,2,1,0,1.0847269002271596,0.6709934004841995,1.0847269002271596,0.6709934004841995,0.8607984450254055,VIP Cosmetics Enthusiasts ✨,Champions,444,4297.0,Silver Tier 🥈
CUST-2082,38,Female,Miami,66127.71,29,4273.0,147.34,319.0,78,0.0862,Haircare,1,1093,0.8,2,1,0,1.1031034455871496,0.23764882606509863,1.1031034455871496,0.23764882606509863,0.310343928980283,VIP Cosmetics Enthusiasts ✨,Champions,454,4273.0,Silver Tier 🥈
CUST-2083,59,Female,Miami,67667.26,25,4002.0,160.08,276.0,60,0.048,Skincare,357,737,1.02,3,2,-1,0.16933549369260373,0.05217928910364738,0.16933549369260373,0.05217928910364738,-1.0199393308487934,Frequent Budget Buyers 🛍️,At Risk,144,4002.0,Silver Tier 🥈
CUST-2084,40,Female,Miami,86306.55,21,2925.0,139.29,427.0,50,0.0595,Haircare,1,1093,0.58,0,0,0,-1.0620930415011365,-0.02136855544674765,-1.0620930415011365,-0.02136855544674765,-0.7897225125396534,Occasional / New Shoppers 🌱,New / Promising,422,2925.0,Bronze Tier 🥉
CUST-2085,43,Male,Houston,59767.91,24,3361.0,140.04,310.0,68,0.0917,Skincare,2,1092,0.66,1,3,0,-0.34796032484850914,0.7301317070547522,-0.34796032484850914,0.7301317070547522,0.8189286015723922,Occasional / New Shoppers 🌱,Need Attention,232,3361.0,Bronze Tier 🥉
CUST-2086,57,Female,Seattle,67025.1,24,4298.0,179.08,427.0,63,0.0542,Bath & Body,1,1092,0.66,2,1,0,1.0997868634643175,0.715001921271746,1.0997868634643175,0.715001921271746,0.03347834251083221,VIP Cosmetics Enthusiasts ✨,Loyal Customers,434,4298.0,Silver Tier 🥈
CUST-2087,37,Female,Chicago,55122.59,10,1512.0,151.2,306.0,25,0.08,Makeup,1,1092,0.27,0,3,-1,-3.3102106537677853,0.36443106476784687,-3.3102106537677853,0.36443106476784687,1.4485124468283452,Occasional / New Shoppers 🌱,New / Promising,411,1512.0,Bronze Tier 🥉
CUST-2088,19,Male,San Francisco,34086.08,31,4788.0,154.45,380.0,69,0.0484,Skincare,2,1089,0.85,2,1,-1,1.9085007538087233,0.023897448738308333,1.9085007538087233,0.023897448738308333,-1.5328264805467084,VIP Cosmetics Enthusiasts ✨,Need Attention,255,4788.0,Gold Tier 🥇
CUST-2089,22,Female,San Francisco,90189.7,28,4206.0,150.21,325.0,61,0.0893,Makeup,1,1092,0.77,1,3,0,0.946109570048392,-1.203362689842342,0.946109570048392,-1.203362689842342,0.32833819234946204,Occasional / New Shoppers 🌱,Champions,454,4206.0,Silver Tier 🥈
CUST-2090,20,Male,Chicago,90459.63,21,3492.0,166.29,325.0,56,0.0452,Haircare,1,1093,0.58,0,0,0,-0.15845645535846586,-1.5020233272073493,-0.15845645535846586,-1.5020233272073493,-1.0114943902563196,Occasional / New Shoppers 🌱,Potential Loyalists,423,3492.0,Bronze Tier 🥉
CUST-2091,39,Female,Chicago,102170.06,25,3458.0,138.32,302.0,57,0.056,Skincare,360,734,1.02,3,2,1,-0.6822785752301258,-1.4824779004837443,-0.6822785752301258,-1.4824779004837443,-1.5588177407218249,Frequent Budget Buyers 🛍️,At Risk,143,3458.0,Bronze Tier 🥉
CUST-2092,33,Female,Dallas,76418.05,30,4134.0,137.8,343.0,78,0.0483,Makeup,1,1093,0.82,2,0,0,0.9728139601021523,-0.05814957991771977,0.9728139601021523,-0.05814957991771977,-2.011599517988495,VIP Cosmetics Enthusiasts ✨,Champions,454,4134.0,Silver Tier 🥈
CUST-2093,60,Female,Miami,62747.59,25,4474.0,178.96,388.0,68,0.082,Fragrance,2,1090,0.69,2,1,0,1.3389002228752387,0.9284899596860235,1.3389002228752387,0.9284899596860235,1.40897778459096,VIP Cosmetics Enthusiasts ✨,Need Attention,245,4474.0,Gold Tier 🥇
CUST-2094,30,Female,Los Angeles,22000.0,22,3507.0,159.41,417.0,64,0.0455,Makeup,1,1093,0.6,0,0,-1,-0.09109215293747187,0.784430926151358,-0.09109215293747187,0.784430926151358,-0.7671716829390844,Occasional / New Shoppers 🌱,Loyal Customers,433,3507.0,Bronze Tier 🥉
CUST-2095,33,Female,Los Angeles,73579.58,19,2538.0,133.58,341.0,51,0.0789,Bath & Body,356,738,0.77,3,2,1,-2.2208029852180124,-1.0496251792524092,-2.2208029852180124,-1.0496251792524092,-0.013828200289232139,Frequent Budget Buyers 🛍️,Lost Customers,121,2538.0,Bronze Tier 🥉
CUST-2096,31,Female,San Francisco,79738.03,32,5247.0,163.97,427.0,71,0.0734,Fragrance,356,738,1.3,2,2,-1,2.0181714045602424,-1.7250251060307695,2.0181714045602424,-1.7250251060307695,-0.4424764564653399,VIP Cosmetics Enthusiasts ✨,At Risk,155,5247.0,Platinum Tier 💎
CUST-2097,29,Female,Los Angeles,62644.82,23,4266.0,185.48,427.0,50,0.0543,Bath & Body,1,1093,0.63,2,1,0,1.04233061102145,-0.6693153506121479,1.04233061102145,-0.6693153506121479,0.04457214354949198,VIP Cosmetics Enthusiasts ✨,Loyal Customers,334,4266.0,Silver Tier 🥈
CUST-2098,46,Female,New York,72034.85,33,6353.0,192.52,427.0,74,0.0561,Skincare,356,738,1.34,2,2,-1,3.5298421998062377,-1.2157004968873852,3.5298421998062377,-1.2157004968873852,-0.46335957131098465,VIP Cosmetics Enthusiasts ✨,At Risk,155,6353.0,Platinum Tier 💎
CUST-2099,45,Male,Chicago,65089.65,23,4102.0,178.35,427.0,64,0.0413,Fragrance,2,1092,0.63,2,0,0,0.8117275149445169,0.1912620753574283,0.8117275149445169,0.1912620753574283,-0.6630442552026447,VIP Cosmetics Enthusiasts ✨,Need Attention,234,4102.0,Silver Tier 🥈
CUST-2100,51,Female,Dallas,50256.66,34,5479.0,161.15,427.0,88,0.0706,Skincare,356,736,1.39,2,2,-1,2.434310194027761,0.0487164543838072,2.434310194027761,0.0487164543838072,-0.4457865060300711,VIP Cosmetics Enthusiasts ✨,At Risk,155,5479.0,Platinum Tier 💎
CUST-2101,24,Female,New York,81636.15,24,3787.0,157.79,387.0,67,0.0854,Fragrance,2,1091,0.66,1,3,0,0.26760952906612673,-1.014742064159168,0.26760952906612673,-1.014742064159168,0.6676241303949981,Occasional / New Shoppers 🌱,Need Attention,233,3787.0,Silver Tier 🥈
CUST-2102,44,Female,Houston,49902.95,21,2797.0,133.19,427.0,57,0.0738,Makeup,1,1093,0.58,0,0,0,-1.2528883222536369,1.1439163093706262,-1.2528883222536369,1.1439163093706262,0.011568577947086121,Occasional / New Shoppers 🌱,New / Promising,321,2797.0,Bronze Tier 🥉
CUST-2103,22,Female,Dallas,96105.26,19,3856.0,202.95,427.0,49,0.0816,Fragrance,2,1091,0.52,1,1,-1,0.483412592104126,-2.138724284445643,0.483412592104126,-2.138724284445643,1.8917183556416657,Occasional / New Shoppers 🌱,Need Attention,224,3856.0,Silver Tier 🥈
CUST-2104,52,Female,Chicago,45585.87,28,4392.0,156.86,427.0,65,0.0857,Haircare,1,1093,0.77,2,1,0,1.263245504306424,1.2916115836207456,1.263245504306424,1.2916115836207456,0.8421569259386521,VIP Cosmetics Enthusiasts ✨,Loyal Customers,354,4392.0,Silver Tier 🥈
CUST-2105,52,Female,San Francisco,72995.28,28,3903.0,139.39,376.0,73,0.0732,Haircare,2,1092,0.77,2,1,0,0.5701899847720279,0.9028213861075126,0.5701899847720279,0.9028213861075126,-0.3929239453012079,VIP Cosmetics Enthusiasts ✨,Need Attention,254,3903.0,Silver Tier 🥈
CUST-2106,54,Female,Dallas,71677.64,24,3818.0,159.08,427.0,59,0.0646,Bath & Body,356,737,0.98,3,2,1,-0.13356182118304535,-0.3031038891366505,-0.13356182118304535,-0.3031038891366505,-0.21090874400926488,Frequent Budget Buyers 🛍️,At Risk,133,3818.0,Silver Tier 🥈
CUST-2107,46,Female,San Francisco,98235.11,24,4624.0,192.67,358.0,64,0.0562,Bath & Body,1,1091,0.66,2,1,0,1.5590134935762685,-0.8099155107216928,1.5590134935762685,-0.8099155107216928,0.21094675863372686,VIP Cosmetics Enthusiasts ✨,Loyal Customers,335,4624.0,Gold Tier 🥇
CUST-2108,60,Female,Miami,30859.65,15,2260.0,150.67,427.0,42,0.0633,Haircare,1,1087,0.41,0,0,0,-2.0721444087031022,2.1508415501532037,-2.0721444087031022,2.1508415501532037,0.5992206310608622,Occasional / New Shoppers 🌱,New / Promising,311,2260.0,Bronze Tier 🥉
CUST-2109,37,Female,Miami,27060.63,22,3655.0,166.14,360.0,62,0.0636,Makeup,1,1093,0.6,0,0,0,0.12894308497172952,0.8818817171199737,0.12894308497172952,0.8818817171199737,0.35140776977636823,Occasional / New Shoppers 🌱,Loyal Customers,333,3655.0,Silver Tier 🥈
CUST-2110,53,Female,New York,42874.63,20,2695.0,134.75,319.0,48,0.085,Bath & Body,356,738,0.81,3,2,-1,-1.9233976495166207,0.6803081439704658,-1.9233976495166207,0.6803081439704658,0.6087114745617056,Frequent Budget Buyers 🛍️,Lost Customers,121,2695.0,Bronze Tier 🥉
CUST-2111,51,Female,Miami,51345.56,26,4406.0,169.46,427.0,77,0.0692,Haircare,2,1091,0.71,2,1,0,1.2543100178832234,0.9243515883707504,1.2543100178832234,0.9243515883707504,0.4342718031766465,VIP Cosmetics Enthusiasts ✨,Need Attention,245,4406.0,Gold Tier 🥇
CUST-2112,62,Female,Seattle,50203.76,29,4234.0,146.0,377.0,74,0.0586,Haircare,2,1092,0.8,2,1,0,1.1010827176512525,1.8834415870510353,1.1010827176512525,1.8834415870510353,-0.8046069775022717,VIP Cosmetics Enthusiasts ✨,Need Attention,254,4234.0,Silver Tier 🥈
CUST-2113,41,Female,New York,41678.35,26,4198.0,161.46,427.0,55,0.0481,Fragrance,356,738,1.06,3,2,1,0.4721389656599976,-0.2223923392411629,0.4721389656599976,-0.2223923392411629,-1.0632425281354536,Frequent Budget Buyers 🛍️,At Risk,144,4198.0,Silver Tier 🥈
CUST-2114,24,Female,Los Angeles,70902.51,19,3698.0,194.63,427.0,49,0.0868,Haircare,357,737,0.77,3,2,-1,-0.2685869131688916,-2.3459795468748332,-0.2685869131688916,-2.3459795468748332,1.9019131625689403,Frequent Budget Buyers 🛍️,Lost Customers,123,3698.0,Silver Tier 🥈
CUST-2115,62,Female,Miami,62073.74,21,4177.0,198.9,427.0,57,0.0476,Bath & Body,1,1093,0.58,2,0,0,0.9937620038933235,0.8004983763656442,0.9937620038933235,0.8004983763656442,0.4950512552259285,VIP Cosmetics Enthusiasts ✨,Potential Loyalists,324,4177.0,Silver Tier 🥈
CUST-2116,18,Non-Binary,Chicago,51338.08,29,4250.0,146.55,427.0,71,0.0828,Bath & Body,1,1092,0.8,2,3,0,1.0670455067163114,-0.3781164494223997,1.0670455067163114,-0.3781164494223997,0.021648265982610142,VIP Cosmetics Enthusiasts ✨,Loyal Customers,354,4250.0,Silver Tier 🥈
CUST-2117,23,Female,Chicago,118265.74,20,2199.0,109.95,300.0,49,0.0425,Fragrance,2,1089,0.55,0,0,-1,-2.2835168807485946,-1.202054790975782,-2.2835168807485946,-1.202054790975782,-2.671647660423802,Occasional / New Shoppers 🌱,Need Attention,221,2199.0,Bronze Tier 🥉
CUST-2118,50,Female,Los Angeles,110710.71,21,2450.0,116.67,283.0,45,0.0524,Skincare,1,1092,0.58,0,0,-1,-1.8270283767360898,0.2238544825953607,-1.8270283767360898,0.2238544825953607,-1.780564156958816,Occasional / New Shoppers 🌱,New / Promising,321,2450.0,Bronze Tier 🥉
CUST-2119,34,Female,Dallas,41484.4,21,2701.0,128.62,348.0,48,0.081,Fragrance,1,1091,0.58,0,0,0,-1.4160281741910985,0.9103122986577312,-1.4160281741910985,0.9103122986577312,0.211669867672443,Occasional / New Shoppers 🌱,New / Promising,321,2701.0,Bronze Tier 🥉
CUST-2120,55,Female,New York,31049.91,21,3037.0,144.62,340.0,46,0.0857,Haircare,1,1090,0.58,1,0,0,-0.8555829429873856,1.9686011950693396,-0.8555829429873856,1.9686011950693396,1.1116642042430396,Occasional / New Shoppers 🌱,New / Promising,322,3037.0,Bronze Tier 🥉
CUST-2121,64,Female,Miami,33225.36,19,3174.0,167.05,427.0,50,0.0658,Bath & Body,1,1091,0.52,0,0,-1,-0.5825343014394045,2.056340166149929,-0.5825343014394045,2.056340166149929,0.9001073458987146,Occasional / New Shoppers 🌱,New / Promising,322,3174.0,Bronze Tier 🥉
CUST-2122,27,Female,Dallas,47544.69,23,3596.0,156.35,341.0,46,0.0391,Haircare,1,1087,0.63,0,0,0,0.034529457791267315,0.06331126862985689,0.034529457791267315,0.06331126862985689,-1.4074092598675527,Occasional / New Shoppers 🌱,Loyal Customers,333,3596.0,Bronze Tier 🥉
CUST-2123,19,Female,Seattle,88758.15,17,2215.0,130.29,320.0,46,0.0559,Fragrance,2,1091,0.47,0,0,0,-2.2824475380643805,-1.008125272588516,-2.2824475380643805,-1.008125272588516,-1.13619591213091,Occasional / New Shoppers 🌱,Lost Customers,211,2215.0,Bronze Tier 🥉
CUST-2124,47,Non-Binary,Los Angeles,44627.55,21,2719.0,129.48,357.0,57,0.0952,Skincare,356,738,0.85,3,2,-1,-1.8876284227878914,0.40556181619274284,-1.8876284227878914,0.40556181619274284,0.852106040600029,Frequent Budget Buyers 🛍️,Lost Customers,121,2719.0,Bronze Tier 🥉
CUST-2125,37,Female,San Francisco,67167.02,24,3816.0,159.0,341.0,53,0.0542,Haircare,1,1093,0.66,0,0,0,0.35847760011584173,0.01884757086775754,0.35847760011584173,0.01884757086775754,-0.668667730279807,Occasional / New Shoppers 🌱,Loyal Customers,333,3816.0,Silver Tier 🥈
CUST-2126,46,Male,San Francisco,43355.22,30,4327.0,144.23,395.0,66,0.0483,Bath & Body,1,1093,0.82,2,1,0,1.266918459309737,1.3026452572842195,1.266918459309737,1.3026452572842195,-1.5414821464822335,VIP Cosmetics Enthusiasts ✨,Loyal Customers,354,4327.0,Silver Tier 🥈
CUST-2127,42,Female,Dallas,97236.8,28,5280.0,188.57,427.0,77,0.0482,Skincare,2,1092,0.77,2,1,0,2.4934719486970565,-0.9174764850930995,2.4934719486970565,-0.9174764850930995,-0.6028057604767861,VIP Cosmetics Enthusiasts ✨,Need Attention,255,5280.0,Platinum Tier 💎
CUST-2128,33,Male,Seattle,69054.05,23,3459.0,150.39,427.0,52,0.05,Fragrance,1,1093,0.63,0,0,0,-0.19358647682519525,-0.09279373710402897,-0.19358647682519525,-0.09279373710402897,-1.081397800583293,Occasional / New Shoppers 🌱,Loyal Customers,333,3459.0,Bronze Tier 🥉
CUST-2129,46,Female,Seattle,83370.55,28,4184.0,149.43,427.0,57,0.075,Fragrance,2,1091,0.77,2,1,0,0.9502565594213834,0.19044170221237935,0.9502565594213834,0.19044170221237935,-0.1553399971977852,VIP Cosmetics Enthusiasts ✨,Need Attention,254,4184.0,Silver Tier 🥈
CUST-2130,38,Male,San Francisco,49623.16,22,4074.0,185.18,380.0,47,0.0705,Makeup,1,1093,0.6,2,1,0,0.7670663514939094,0.08137735750251629,0.7670663514939094,0.08137735750251629,1.0738898250131463,VIP Cosmetics Enthusiasts ✨,Loyal Customers,334,4074.0,Silver Tier 🥈
CUST-2131,60,Female,Dallas,75331.4,23,3004.0,130.61,358.0,58,0.0696,Skincare,2,1092,0.63,0,0,0,-0.8908597138221425,1.3653029996857153,-0.8908597138221425,1.3653029996857153,-0.40164477001943705,Occasional / New Shoppers 🌱,Need Attention,232,3004.0,Bronze Tier 🥉
CUST-2132,59,Female,Seattle,74477.46,23,3253.0,141.43,341.0,52,0.0522,Fragrance,1,1085,0.64,0,0,0,-0.4933659875998313,1.2014943462261363,-0.4933659875998313,1.2014943462261363,-0.9987707455975054,Occasional / New Shoppers 🌱,Lost Customers,332,3253.0,Bronze Tier 🥉
CUST-2133,64,Female,Chicago,51072.32,22,3135.0,142.5,304.0,51,0.0568,Bath & Body,1,1093,0.6,0,0,0,-0.6744623146449357,2.00083187964136,-0.6744623146449357,2.00083187964136,-0.4947056827234111,Occasional / New Shoppers 🌱,Lost Customers,332,3135.0,Bronze Tier 🥉
CUST-2134,49,Female,Miami,101407.19,26,4562.0,175.46,363.0,73,0.0423,Fragrance,356,738,1.06,3,2,-1,0.9719487728356407,-1.4992839240235225,0.9719487728356407,-1.4992839240235225,-1.256180010039249,Frequent Budget Buyers 🛍️,At Risk,145,4562.0,Gold Tier 🥇
CUST-2135,61,Female,San Francisco,75777.29,35,4736.0,135.31,333.0,81,0.0529,Skincare,1,1093,0.96,2,1,-1,2.034939498141609,1.403516967776695,2.034939498141609,1.403516967776695,-1.9286468903526606,VIP Cosmetics Enthusiasts ✨,Loyal Customers,355,4736.0,Gold Tier 🥇
CUST-2136,63,Male,New York,59103.41,23,3454.0,150.17,324.0,57,0.0674,Haircare,2,1092,0.63,0,0,0,-0.18550790974489795,1.6225935473579765,-0.18550790974489795,1.6225935473579765,0.11366634538280393,Occasional / New Shoppers 🌱,Need Attention,233,3454.0,Bronze Tier 🥉
CUST-2137,53,Female,Houston,99315.11,25,4011.0,160.44,427.0,68,0.08,Haircare,356,738,1.02,3,2,-1,0.13230758663879297,-1.0742696219815575,0.13230758663879297,-1.0742696219815575,0.3648172613086224,Frequent Budget Buyers 🛍️,At Risk,144,4011.0,Silver Tier 🥈
CUST-2138,37,Female,New York,22000.0,27,4212.0,156.0,300.0,62,0.0704,Makeup,2,1090,0.74,2,1,0,0.9987083493441703,1.1548630084676053,0.9987083493441703,1.1548630084676053,0.11638592708808508,VIP Cosmetics Enthusiasts ✨,Need Attention,244,4212.0,Silver Tier 🥈
CUST-2139,25,Female,Dallas,43545.39,19,2592.0,136.42,427.0,51,0.0684,Fragrance,356,738,0.77,3,2,1,-2.108057550700044,-0.7360928607567724,-2.108057550700044,-0.7360928607567724,-0.3705910597280875,Frequent Budget Buyers 🛍️,Lost Customers,121,2592.0,Bronze Tier 🥉
CUST-2140,37,Male,Los Angeles,96255.34,25,4112.0,164.48,366.0,60,0.076,Haircare,1,1093,0.69,1,3,0,0.7708167291151136,-0.81016603468474,0.7708167291151136,-0.81016603468474,0.3361758114029471,Occasional / New Shoppers 🌱,Loyal Customers,344,4112.0,Silver Tier 🥈
CUST-2141,18,Female,Houston,27107.24,27,4757.0,176.19,427.0,74,0.087,Skincare,1,1092,0.74,2,1,-1,1.7425064739378155,-0.24975413425045462,1.7425064739378155,-0.24975413425045462,1.2730436286834494,VIP Cosmetics Enthusiasts ✨,Loyal Customers,345,4757.0,Gold Tier 🥇
CUST-2142,59,Female,Seattle,79146.99,28,3978.0,142.07,341.0,74,0.0714,Haircare,1,1093,0.77,2,1,0,0.6799355463653168,1.0644051229545366,0.6799355463653168,1.0644051229545366,-0.38480914237333336,VIP Cosmetics Enthusiasts ✨,Loyal Customers,354,3978.0,Silver Tier 🥈
CUST-2143,51,Female,San Francisco,66463.69,28,4922.0,175.79,427.0,75,0.0804,Bath & Body,1,1093,0.77,2,1,0,1.9949223141695356,0.44262743096046925,1.9949223141695356,0.44262743096046925,0.9392099796866017,VIP Cosmetics Enthusiasts ✨,Loyal Customers,355,4922.0,Gold Tier 🥇
CUST-2144,38,Female,Chicago,51400.41,27,4283.0,158.63,295.0,66,0.0741,Bath & Body,1,1092,0.74,2,1,0,1.0799779010465729,0.43843013662423236,1.0799779010465729,0.43843013662423236,0.21427237109221461,VIP Cosmetics Enthusiasts ✨,Loyal Customers,344,4283.0,Silver Tier 🥈
CUST-2145,35,Female,Miami,35574.98,15,2882.0,192.13,427.0,37,0.0933,Bath & Body,1,1092,0.41,1,3,-1,-0.9141672518119169,0.14861018244514973,-0.9141672518119169,0.14861018244514973,2.932202323614648,Occasional / New Shoppers 🌱,New / Promising,311,2882.0,Bronze Tier 🥉
CUST-2146,44,Female,New York,44183.39,16,2492.0,155.75,368.0,41,0.1125,Haircare,1,1089,0.44,1,3,-1,-1.7421780492487757,0.883288154431759,-1.7421780492487757,0.883288154431759,2.9148091831688996,Occasional / New Shoppers 🌱,New / Promising,311,2492.0,Bronze Tier 🥉
CUST-2147,58,Female,Dallas,46447.66,27,4620.0,171.11,427.0,73,0.0556,Skincare,1,1093,0.74,2,1,0,1.5944004372206344,1.391647086744625,1.5944004372206344,1.391647086744625,-0.18317670169852202,VIP Cosmetics Enthusiasts ✨,Loyal Customers,345,4620.0,Gold Tier 🥇
CUST-2148,46,Female,Dallas,92326.19,16,2377.0,148.56,316.0,35,0.1125,Fragrance,2,1092,0.44,1,3,-1,-1.9876587264893757,-0.10036866329209222,-1.9876587264893757,-0.10036866329209222,2.474094933397787,Occasional / New Shoppers 🌱,Lost Customers,211,2377.0,Bronze Tier 🥉
CUST-2149,55,Female,Seattle,58398.38,17,2387.0,140.41,427.0,48,0.0912,Skincare,1,1089,0.47,1,3,0,-1.9502536169713849,1.3378274924398332,-1.9502536169713849,1.3378274924398332,1.397142876661419,Occasional / New Shoppers 🌱,New / Promising,311,2387.0,Bronze Tier 🥉
CUST-2150,58,Female,Los Angeles,97533.75,21,3061.0,145.76,424.0,55,0.0548,Makeup,356,737,0.85,3,2,-1,-1.3296763307079482,-0.5321252399233404,-1.3296763307079482,-0.5321252399233404,-0.9534348708492507,Frequent Budget Buyers 🛍️,Lost Customers,122,3061.0,Bronze Tier 🥉
CUST-2151,30,Female,Houston,110650.42,31,4818.0,155.42,427.0,74,0.0758,Bath & Body,1,1092,0.85,2,1,0,1.8875193875533194,-1.363483600925275,1.8875193875533194,-1.363483600925275,-0.46280193055408014,VIP Cosmetics Enthusiasts ✨,Loyal Customers,355,4818.0,Gold Tier 🥇
CUST-2152,56,Male,Chicago,37935.59,28,3875.0,138.39,366.0,65,0.0607,Skincare,2,1090,0.77,2,1,0,0.5671964519517433,1.9983271066493515,0.5671964519517433,1.9983271066493515,-0.8130037024850617,VIP Cosmetics Enthusiasts ✨,Need Attention,254,3875.0,Silver Tier 🥈
CUST-2153,32,Female,New York,70761.17,37,5356.0,144.76,427.0,94,0.0541,Skincare,356,737,1.51,2,2,-1,2.4084263618742954,-1.108562201791114,2.4084263618742954,-1.108562201791114,-2.189708080273584,VIP Cosmetics Enthusiasts ✨,At Risk,155,5356.0,Platinum Tier 💎
CUST-2154,60,Non-Binary,Miami,61295.43,23,3134.0,136.26,427.0,63,0.0935,Bath & Body,1,1093,0.63,1,3,0,-0.7005871974356935,1.593970562459231,-0.7005871974356935,1.593970562459231,1.025079255899778,Occasional / New Shoppers 🌱,Lost Customers,332,3134.0,Bronze Tier 🥉
CUST-2155,40,Male,Seattle,89720.92,27,3823.0,141.59,427.0,70,0.0759,Haircare,1,1091,0.74,1,0,0,0.4012107457219784,-0.14490863152484657,0.4012107457219784,-0.14490863152484657,-0.3343749636464243,Occasional / New Shoppers 🌱,Loyal Customers,343,3823.0,Silver Tier 🥈
CUST-2156,22,Female,Houston,71019.67,27,3854.0,142.74,297.0,69,0.0778,Makeup,1,1093,0.74,2,3,0,0.4407403457034643,-0.6024055934609691,0.4407403457034643,-0.6024055934609691,-0.26650005542417954,VIP Cosmetics Enthusiasts ✨,Loyal Customers,344,3854.0,Silver Tier 🥈
CUST-2157,60,Male,New York,46683.16,22,2633.0,119.68,275.0,55,0.0886,Makeup,2,1090,0.61,1,0,0,-1.4903997017860342,2.202506480202956,-1.4903997017860342,2.202506480202956,0.49867597572673744,Occasional / New Shoppers 🌱,Need Attention,231,2633.0,Bronze Tier 🥉
CUST-2158,45,Female,San Francisco,25882.19,18,2423.0,134.61,399.0,46,0.0778,Bath & Body,1,1092,0.49,0,0,0,-1.8763378937270692,1.7468823628735428,-1.8763378937270692,1.7468823628735428,0.597992878464903,Occasional / New Shoppers 🌱,New / Promising,311,2423.0,Bronze Tier 🥉
CUST-2159,24,Female,Miami,62982.72,20,2828.0,141.4,307.0,49,0.0525,Haircare,2,1089,0.55,0,0,0,-1.2182292200117049,-0.27235820404743016,-1.2182292200117049,-0.27235820404743016,-1.0322045671507691,Occasional / New Shoppers 🌱,Need Attention,221,2828.0,Bronze Tier 🥉
CUST-2160,41,Female,Los Angeles,48543.11,22,3151.0,143.23,427.0,59,0.0795,Skincare,356,738,0.89,3,2,-1,-1.1833517936003601,-0.16909811995894589,-1.1833517936003601,-0.16909811995894589,0.2758466720651364,Frequent Budget Buyers 🛍️,Lost Customers,132,3151.0,Bronze Tier 🥉
CUST-2161,62,Male,Seattle,64321.21,26,4520.0,173.85,427.0,68,0.0692,Fragrance,358,736,1.06,3,2,1,0.9210775614914389,0.041128909267533105,0.9210775614914389,0.041128909267533105,0.378767241248475,Frequent Budget Buyers 🛍️,At Risk,145,4520.0,Gold Tier 🥇
CUST-2162,35,Male,Dallas,59745.23,16,1733.0,108.31,185.0,37,0.0594,Haircare,356,737,0.65,3,2,-1,-3.6311053605330277,-0.22675063163581213,-3.6311053605330277,-0.22675063163581213,-1.3502536656079747,Frequent Budget Buyers 🛍️,Lost Customers,111,1733.0,Bronze Tier 🥉
CUST-2163,48,Female,Dallas,67601.22,15,2786.0,185.73,427.0,39,0.12,Haircare,358,736,0.61,1,2,-1,-1.6326592461785587,-0.9857520087022449,-1.6326592461785587,-0.9857520087022449,3.847884478020431,Occasional / New Shoppers 🌱,Lost Customers,111,2786.0,Bronze Tier 🥉
CUST-2164,43,Female,Los Angeles,42314.41,23,3710.0,161.3,387.0,50,0.0739,Makeup,1,1093,0.63,1,0,0,0.1975277220787983,0.8646867423013175,0.1975277220787983,0.8646867423013175,0.6431704143688787,Occasional / New Shoppers 🌱,Loyal Customers,333,3710.0,Silver Tier 🥈
CUST-2165,40,Male,Seattle,70740.12,23,4266.0,185.48,427.0,70,0.0609,Makeup,1,1093,0.63,2,1,0,1.040900616918558,-0.32974186687890833,1.040900616918558,-0.32974186687890833,0.42993374843358206,VIP Cosmetics Enthusiasts ✨,Loyal Customers,334,4266.0,Silver Tier 🥈
CUST-2166,58,Female,Houston,96818.79,25,4043.0,161.72,427.0,64,0.084,Makeup,2,1092,0.69,1,3,0,0.6783374054859168,0.2502402828456855,0.6783374054859168,0.2502402828456855,0.8526331763178494,Occasional / New Shoppers 🌱,Need Attention,244,4043.0,Silver Tier 🥈
CUST-2167,58,Male,New York,58929.72,22,3309.0,150.41,319.0,65,0.0477,Haircare,356,737,0.9,3,2,-1,-0.9017277800982245,0.36099691464028855,-0.9017277800982245,0.36099691464028855,-1.0401203179622955,Frequent Budget Buyers 🛍️,Lost Customers,132,3309.0,Bronze Tier 🥉
CUST-2168,29,Female,San Francisco,106752.91,27,4847.0,179.52,427.0,70,0.0685,Makeup,2,1089,0.74,2,1,0,1.8422265569536889,-1.6886205942303016,1.8422265569536889,-1.6886205942303016,0.08007310982544377,VIP Cosmetics Enthusiasts ✨,Need Attention,245,4847.0,Gold Tier 🥇
CUST-2169,56,Female,Dallas,46516.88,34,5787.0,170.21,412.0,77,0.0706,Bath & Body,2,1092,0.93,2,1,-1,3.334304233028579,1.2842573099666466,3.334304233028579,1.2842573099666466,0.04888620420527888,VIP Cosmetics Enthusiasts ✨,Need Attention,255,5787.0,Platinum Tier 💎
CUST-2170,48,Female,Chicago,96851.75,22,3726.0,169.36,424.0,52,0.0386,Makeup,2,1092,0.6,0,0,-1,0.22369973903087348,-0.30210697079045495,0.22369973903087348,-0.30210697079045495,-1.115233331213845,Occasional / New Shoppers 🌱,Need Attention,233,3726.0,Silver Tier 🥈
CUST-2171,55,Female,Chicago,43378.18,21,2917.0,138.9,427.0,55,0.0595,Fragrance,2,1092,0.58,0,0,0,-1.0363379179997223,1.7853513636814133,-1.0363379179997223,1.7853513636814133,-0.4229055692609527,Occasional / New Shoppers 🌱,Need Attention,222,2917.0,Bronze Tier 🥉
CUST-2172,61,Female,Seattle,36788.29,25,3244.0,129.76,341.0,63,0.05,Skincare,1,1091,0.69,0,0,0,-0.4289487191506939,2.4156030716952905,-0.4289487191506939,2.4156030716952905,-1.3175477631962433,Occasional / New Shoppers 🌱,Lost Customers,342,3244.0,Bronze Tier 🥉
CUST-2173,52,Female,New York,54217.98,21,3276.0,156.0,378.0,42,0.0714,Haircare,358,733,0.86,3,2,1,-0.9776995370847433,0.05218615941967265,-0.9776995370847433,0.05218615941967265,0.3349300929116826,Frequent Budget Buyers 🛍️,Lost Customers,122,3276.0,Bronze Tier 🥉
CUST-2174,18,Female,San Francisco,43971.16,17,2055.0,120.88,427.0,36,0.0618,Skincare,1,1089,0.47,0,0,-1,-2.5463678768181865,0.17543738529592195,-2.5463678768181865,0.17543738529592195,-0.8405601009826298,Occasional / New Shoppers 🌱,New / Promising,311,2055.0,Bronze Tier 🥉
CUST-2175,55,Female,Houston,67758.42,18,2164.0,120.22,201.0,44,0.1028,Bath & Body,1,1091,0.49,1,3,-1,-2.3676762423710738,1.389677469201648,-2.3676762423710738,1.389677469201648,1.334333847712785,Occasional / New Shoppers 🌱,New / Promising,311,2164.0,Bronze Tier 🥉
CUST-2176,48,Male,Dallas,55444.18,25,4338.0,173.52,427.0,59,0.046,Haircare,359,734,1.02,3,2,-1,0.662121238443364,-0.40307142462497714,0.662121238443364,-0.40307142462497714,-0.8037933161226036,Frequent Budget Buyers 🛍️,At Risk,144,4338.0,Silver Tier 🥈
CUST-2177,56,Male,Seattle,81515.08,26,3673.0,141.27,307.0,68,0.0904,Fragrance,1,1092,0.71,1,3,0,0.1623077870284843,0.8353964475767169,0.1623077870284843,0.8353964475767169,0.6447428987982281,Occasional / New Shoppers 🌱,Loyal Customers,343,3673.0,Silver Tier 🥈
CUST-2178,44,Female,Miami,94279.88,19,2817.0,148.26,427.0,43,0.0684,Fragrance,1,1093,0.52,0,0,0,-1.2457452933636863,-0.16968164354673315,-1.2457452933636863,-0.16968164354673315,0.017829407577997565,Occasional / New Shoppers 🌱,New / Promising,321,2817.0,Bronze Tier 🥉
CUST-2179,18,Female,Chicago,95669.26,31,5324.0,171.74,427.0,69,0.071,Bath & Body,1,1091,0.85,2,1,0,2.568439991020462,-1.8428820429770234,2.568439991020462,-1.8428820429770234,-0.30607013019952123,VIP Cosmetics Enthusiasts ✨,Loyal Customers,355,5324.0,Platinum Tier 💎
CUST-2180,19,Non-Binary,Houston,96217.75,19,2159.0,113.63,297.0,51,0.0711,Makeup,1,1093,0.52,0,0,-1,-2.3852859410466682,-0.9572178680619222,-2.3852859410466682,-0.9572178680619222,-0.9829519110829139,Occasional / New Shoppers 🌱,New / Promising,321,2159.0,Bronze Tier 🥉
CUST-2181,47,Female,San Francisco,95710.43,23,3446.0,149.83,310.0,58,0.0587,Bath & Body,2,1091,0.63,0,0,0,-0.22743879683294999,-0.057888485683150484,-0.22743879683294999,-0.057888485683150484,-0.6830848183225692,Occasional / New Shoppers 🌱,Need Attention,233,3446.0,Bronze Tier 🥉
CUST-2182,33,Female,Miami,78503.63,17,2683.0,157.82,427.0,46,0.0912,Fragrance,358,734,0.69,3,2,-1,-1.9485067858983025,-1.5548881562298793,-1.9485067858983025,-1.5548881562298793,1.3414411242969964,Frequent Budget Buyers 🛍️,Lost Customers,111,2683.0,Bronze Tier 🥉
CUST-2183,60,Female,Los Angeles,33589.06,23,4144.0,180.17,387.0,48,0.0435,Fragrance,1,1093,0.63,2,1,0,0.9084983833856269,1.686283159217525,0.9084983833856269,1.686283159217525,-0.1916872001064714,VIP Cosmetics Enthusiasts ✨,Loyal Customers,334,4144.0,Silver Tier 🥈
CUST-2184,61,Non-Binary,Seattle,41966.81,35,5859.0,167.4,427.0,88,0.0443,Fragrance,2,1091,0.96,2,1,-1,3.4935396413615183,1.7291907143888139,3.4935396413615183,1.7291907143888139,-1.342371610014017,VIP Cosmetics Enthusiasts ✨,Need Attention,255,5859.0,Platinum Tier 💎
CUST-2185,37,Male,Seattle,61808.99,21,3714.0,176.86,427.0,56,0.05,Fragrance,2,1089,0.58,0,0,0,0.22563034186081257,-0.11710166672869589,0.22563034186081257,-0.11710166672869589,-0.18147399212146254,Occasional / New Shoppers 🌱,Need Attention,223,3714.0,Silver Tier 🥈
CUST-2186,42,Female,Los Angeles,91813.09,21,3356.0,159.81,427.0,46,0.0667,Bath & Body,2,1091,0.58,1,0,0,-0.37864441175205016,-0.37620219079532863,-0.37864441175205016,-0.37620219079532863,0.0910310779646147,Occasional / New Shoppers 🌱,Need Attention,222,3356.0,Bronze Tier 🥉
CUST-2187,40,Female,San Francisco,35472.72,26,3962.0,152.38,305.0,65,0.0712,Makeup,357,736,1.06,3,2,1,0.11330860884310959,-0.016751904543581064,0.11330860884310959,-0.016751904543581064,-0.11269325444651529,Frequent Budget Buyers 🛍️,At Risk,144,3962.0,Silver Tier 🥈
CUST-2188,53,Female,Miami,40181.72,22,2900.0,131.82,297.0,65,0.05,Fragrance,2,1091,0.6,0,0,0,-1.041245134539456,1.8873945749067174,-1.041245134539456,1.8873945749067174,-1.1519925006715428,Occasional / New Shoppers 🌱,Need Attention,231,2900.0,Bronze Tier 🥉
CUST-2189,23,Male,New York,48054.44,25,4618.0,184.72,427.0,61,0.056,Haircare,2,1091,0.69,2,1,0,1.5510347431283455,-0.6044187008264434,1.5510347431283455,-0.6044187008264434,0.0004992813046302668,VIP Cosmetics Enthusiasts ✨,Need Attention,245,4618.0,Gold Tier 🥇
CUST-2190,53,Male,Los Angeles,47361.18,20,3785.0,189.25,427.0,51,0.07,Skincare,2,1085,0.55,1,0,0,0.37961711277038523,0.8233367410640386,0.37961711277038523,0.8233367410640386,1.4394358942045544,Occasional / New Shoppers 🌱,Need Attention,223,3785.0,Silver Tier 🥈
CUST-2191,62,Female,Los Angeles,74761.21,26,3944.0,151.69,427.0,68,0.0923,Makeup,1,1093,0.71,1,3,0,0.5622450636562503,1.1382815056478484,0.5622450636562503,1.1382815056478484,1.1023934666221529,Occasional / New Shoppers 🌱,Loyal Customers,344,3944.0,Silver Tier 🥈
CUST-2192,43,Female,Miami,65139.17,23,3292.0,143.13,427.0,55,0.0457,Bath & Body,1,729,0.95,0,0,0,-0.43546774734945237,0.6175407472484401,-0.43546774734945237,0.6175407472484401,-1.3732171366797254,Occasional / New Shoppers 🌱,Lost Customers,332,3292.0,Bronze Tier 🥉
CUST-2193,31,Female,Chicago,37874.03,21,3113.0,148.24,361.0,52,0.0619,Skincare,1,1093,0.58,0,0,0,-0.7383234808870134,0.5848781355744858,-0.7383234808870134,0.5848781355744858,-0.2453332456483404,Occasional / New Shoppers 🌱,New / Promising,322,3113.0,Bronze Tier 🥉
CUST-2194,22,Male,Houston,36728.68,25,4406.0,176.24,427.0,60,0.054,Haircare,2,1090,0.69,2,1,0,1.2466270268133683,-0.2435415185870475,1.2466270268133683,-0.2435415185870475,-0.2649348821804591,VIP Cosmetics Enthusiasts ✨,Need Attention,245,4406.0,Gold Tier 🥇
CUST-2195,44,Female,Los Angeles,41377.53,27,3984.0,147.56,392.0,60,0.0889,Haircare,1,1091,0.74,1,3,0,0.6540841708955397,1.133227312566699,0.6540841708955397,1.133227312566699,0.7817957786698331,Occasional / New Shoppers 🌱,Loyal Customers,344,3984.0,Silver Tier 🥈
CUST-2196,41,Male,Dallas,66226.66,20,3322.0,166.1,427.0,50,0.0525,Fragrance,359,732,0.82,3,2,1,-0.8921394881035136,-0.9186997487551379,-0.8921394881035136,-0.9186997487551379,-0.4515855257195004,Frequent Budget Buyers 🛍️,Lost Customers,122,3322.0,Bronze Tier 🥉
CUST-2197,19,Female,Houston,69193.13,20,2802.0,140.1,303.0,45,0.0525,Fragrance,2,1092,0.55,0,0,0,-1.2692785388529388,-0.65511704981408,-1.2692785388529388,-0.65511704981408,-1.1461521700065203,Occasional / New Shoppers 🌱,Need Attention,221,2802.0,Bronze Tier 🥉
CUST-2198,55,Male,New York,56278.74,28,4095.0,146.25,347.0,79,0.0625,Haircare,2,1092,0.77,2,1,0,0.8609461945687448,1.3728724067972344,0.8609461945687448,1.3728724067972344,-0.6315416958770035,VIP Cosmetics Enthusiasts ✨,Need Attention,254,4095.0,Silver Tier 🥈
CUST-2199,18,Female,San Francisco,37739.86,25,4151.0,166.04,427.0,61,0.05,Makeup,2,1092,0.69,2,1,0,0.8700308209177182,-0.30664670693148993,0.8700308209177182,-0.30664670693148993,-0.7720409317527149,VIP Cosmetics Enthusiasts ✨,Need Attention,244,4151.0,Silver Tier 🥈
CUST-2200,27,Female,New York,64414.31,15,2000.0,133.33,340.0,32,0.0667,Fragrance,356,738,0.61,3,2,3,-3.1264388352172787,-1.1169400318589366,-3.1264388352172787,-1.1169400318589366,-0.36347797866644993,Frequent Budget Buyers 🛍️,Lost Customers,111,2000.0,Bronze Tier 🥉
CUST-2201,63,Female,Seattle,104850.53,26,3815.0,146.73,427.0,71,0.0538,Fragrance,1,1090,0.72,0,0,0,0.3887210144333153,0.5793314888664621,0.3887210144333153,0.5793314888664621,-1.1205493842164473,Occasional / New Shoppers 🌱,Loyal Customers,343,3815.0,Silver Tier 🥈
CUST-2202,48,Female,Dallas,44743.51,16,3270.0,204.38,427.0,40,0.0594,Fragrance,2,1092,0.44,0,0,-1,-0.2441217486522526,0.43844535798866713,-0.2441217486522526,0.43844535798866713,1.5445168615153002,Occasional / New Shoppers 🌱,Lost Customers,212,3270.0,Bronze Tier 🥉
CUST-2203,51,Female,New York,83432.16,28,4401.0,157.18,427.0,73,0.0714,Haircare,1,1093,0.77,2,1,0,1.2623848705936966,0.3262706848590636,1.2623848705936966,0.3262706848590636,-0.0901813749163482,VIP Cosmetics Enthusiasts ✨,Loyal Customers,354,4401.0,Silver Tier 🥈
CUST-2204,31,Male,Houston,78940.99,19,3326.0,175.05,427.0,54,0.0711,Fragrance,2,1091,0.52,1,3,0,-0.38771483740943735,-0.8417022945515101,-0.38771483740943735,-0.8417022945515101,0.8176685833513221,Occasional / New Shoppers 🌱,Need Attention,222,3326.0,Bronze Tier 🥉
CUST-2205,51,Female,Houston,74981.24,34,6564.0,193.06,427.0,85,0.0721,Bath & Body,1,1092,0.93,2,1,-1,4.313508181295214,-0.02982418842644949,4.313508181295214,-0.02982418842644949,0.5092334249860464,VIP Cosmetics Enthusiasts ✨,Loyal Customers,355,6564.0,Platinum Tier 💎
CUST-2206,41,Female,San Francisco,75951.24,25,3404.0,136.16,297.0,64,0.096,Skincare,1,1093,0.69,1,3,0,-0.27285802609561827,0.2913047308744087,-0.27285802609561827,0.2913047308744087,0.7575279632522031,Occasional / New Shoppers 🌱,Loyal Customers,343,3404.0,Bronze Tier 🥉
CUST-2207,52,Female,Chicago,53069.6,26,3548.0,136.46,350.0,69,0.0981,Makeup,1,1090,0.72,1,3,0,-0.010007918449770418,1.398456024955415,-0.010007918449770418,1.398456024955415,1.0310608436475683,Occasional / New Shoppers 🌱,Loyal Customers,343,3548.0,Bronze Tier 🥉
CUST-2208,59,Female,Dallas,68291.65,18,2410.0,133.89,427.0,47,0.1056,Skincare,359,733,0.74,3,2,-1,-2.439392154981735,0.3207883865815237,-2.439392154981735,0.3207883865815237,1.6667015852361409,Frequent Budget Buyers 🛍️,Lost Customers,111,2410.0,Bronze Tier 🥉
CUST-2209,41,Female,Miami,90855.63,21,3028.0,144.19,351.0,51,0.0714,Haircare,2,1091,0.58,0,0,0,-0.909911146076558,-0.17656622373210137,-0.909911146076558,-0.17656622373210137,-0.0819221160209439,Occasional / New Shoppers 🌱,Need Attention,222,3028.0,Bronze Tier 🥉
CUST-2210,56,Male,Los Angeles,22000.0,19,2820.0,148.42,412.0,41,0.0737,Bath & Body,2,1090,0.52,0,0,0,-1.1898373268804416,2.193880814961614,-1.1898373268804416,2.193880814961614,0.8034270964716123,Occasional / New Shoppers 🌱,Need Attention,221,2820.0,Bronze Tier 🥉
CUST-2211,40,Female,Chicago,88888.29,22,3543.0,161.05,321.0,58,0.0523,Skincare,357,737,0.9,3,2,1,-0.5739518619632481,-1.442254286302224,-0.5739518619632481,-1.442254286302224,-0.8650849794001563,Frequent Budget Buyers 🛍️,At Risk,133,3543.0,Bronze Tier 🥉
CUST-2212,42,Male,Chicago,87261.31,28,5189.0,185.32,427.0,72,0.0661,Makeup,1,1088,0.77,2,1,0,2.3592482495483647,-0.644609134615999,2.3592482495483647,-0.644609134615999,0.2689974858034669,VIP Cosmetics Enthusiasts ✨,Loyal Customers,355,5189.0,Platinum Tier 💎
CUST-2213,61,Female,Seattle,40131.42,20,2556.0,127.8,427.0,50,0.0625,Bath & Body,2,1091,0.55,0,0,0,-1.629263140376313,2.321117035514339,-1.629263140376313,2.321117035514339,-0.41974709157225865,Occasional / New Shoppers 🌱,Need Attention,221,2556.0,Bronze Tier 🥉
CUST-2214,64,Female,Houston,53365.81,30,4786.0,159.53,427.0,74,0.0783,Fragrance,2,1090,0.83,2,1,0,1.8725949074070711,1.6678287675369785,1.8725949074070711,1.6678287675369785,0.46696394555648885,VIP Cosmetics Enthusiasts ✨,Need Attention,255,4786.0,Gold Tier 🥇
CUST-2215,25,Female,Seattle,85067.92,21,2819.0,134.24,340.0,49,0.069,Haircare,2,1092,0.58,0,0,0,-1.2534688630222584,-0.6799537165176001,-1.2534688630222584,-0.6799537165176001,-0.5727512411307191,Occasional / New Shoppers 🌱,Need Attention,221,2819.0,Bronze Tier 🥉
CUST-2216,38,Female,Dallas,61739.55,26,4355.0,167.5,367.0,66,0.0481,Fragrance,2,1092,0.71,2,1,0,1.1803140788940103,0.0811262114837009,1.1803140788940103,0.0811262114837009,-0.8524957685482805,VIP Cosmetics Enthusiasts ✨,Need Attention,244,4355.0,Silver Tier 🥈
CUST-2217,21,Female,Chicago,60184.3,15,1963.0,130.87,184.0,37,0.1033,Makeup,2,1089,0.41,1,3,-1,-2.7341418100859007,-0.2901700306536907,-2.7341418100859007,-0.2901700306536907,1.575086612971521,Occasional / New Shoppers 🌱,Lost Customers,211,1963.0,Bronze Tier 🥉
CUST-2218,35,Female,Seattle,96212.12,29,4991.0,172.1,427.0,70,0.0621,Fragrance,1,1093,0.8,2,1,0,2.090234516314013,-1.0027585890915331,2.090234516314013,-1.0027585890915331,-0.4562865440682539,VIP Cosmetics Enthusiasts ✨,Loyal Customers,355,4991.0,Gold Tier 🥇
CUST-2219,52,Male,Los Angeles,50374.54,24,3549.0,147.88,412.0,69,0.0667,Haircare,1,1092,0.66,0,0,0,-0.029708715414858432,1.3300894808580375,-0.029708715414858432,1.3300894808580375,-0.09880671344574113,Occasional / New Shoppers 🌱,Loyal Customers,333,3549.0,Bronze Tier 🥉
CUST-2220,43,Female,Seattle,76996.58,23,3155.0,137.17,307.0,53,0.0717,Fragrance,1,1093,0.63,0,3,0,-0.6748114985004426,0.378065670063333,-0.6748114985004426,0.378065670063333,-0.2885466678753422,Occasional / New Shoppers 🌱,Lost Customers,332,3155.0,Bronze Tier 🥉
CUST-2221,57,Female,Dallas,78412.48,16,2833.0,177.06,427.0,40,0.0812,Skincare,1,1093,0.44,1,0,-1,-1.0908953585613301,0.4256813313280999,-1.0908953585613301,0.4256813313280999,1.8213351064336032,Occasional / New Shoppers 🌱,New / Promising,311,2833.0,Bronze Tier 🥉
CUST-2222,63,Female,Los Angeles,85953.91,27,3865.0,143.15,307.0,51,0.0685,Haircare,2,1091,0.74,2,1,0,0.48737921037930254,1.0778957252251016,0.48737921037930254,1.0778957252251016,-0.43710393250747726,VIP Cosmetics Enthusiasts ✨,Need Attention,244,3865.0,Silver Tier 🥈
CUST-2223,24,Female,Miami,49709.68,26,3891.0,149.65,412.0,64,0.0596,Bath & Body,356,738,1.06,3,2,1,-0.001037240786114647,-1.103040181026437,-0.001037240786114647,-1.103040181026437,-0.9904211504996075,Frequent Budget Buyers 🛍️,At Risk,144,3891.0,Silver Tier 🥈
CUST-2224,33,Female,Miami,96460.57,27,4033.0,149.37,427.0,63,0.0481,Makeup,2,1091,0.74,2,0,0,0.7111938131087528,-0.7422638321415386,0.7111938131087528,-0.7422638321415386,-1.6311993216040068,VIP Cosmetics Enthusiasts ✨,Need Attention,244,4033.0,Silver Tier 🥈
CUST-2225,47,Female,Dallas,78612.2,26,4411.0,169.65,427.0,58,0.0654,Bath & Body,2,1090,0.72,2,1,0,1.2437395785348684,0.05667596887860708,1.2437395785348684,0.05667596887860708,0.05850858063232193,VIP Cosmetics Enthusiasts ✨,Need Attention,245,4411.0,Gold Tier 🥇
CUST-2226,19,Female,Miami,63643.71,24,3561.0,148.38,427.0,52,0.0792,Makeup,1,1090,0.66,1,3,0,-0.058103209770928185,-0.6668218905615666,-0.058103209770928185,-0.6668218905615666,0.16897338418492894,Occasional / New Shoppers 🌱,Loyal Customers,333,3561.0,Bronze Tier 🥉
CUST-2227,52,Female,Dallas,78710.31,24,4290.0,178.75,427.0,65,0.0604,Bath & Body,1,1092,0.66,2,1,0,1.071018783330666,0.17434164981537756,1.071018783330666,0.17434164981537756,0.2253237565515147,VIP Cosmetics Enthusiasts ✨,Loyal Customers,334,4290.0,Silver Tier 🥈
CUST-2228,23,Female,Los Angeles,81145.38,23,3448.0,149.91,338.0,61,0.0696,Bath & Body,2,1090,0.63,0,0,0,-0.24416751310873447,-0.912710963407592,-0.24416751310873447,-0.912710963407592,-0.26836716308637537,Occasional / New Shoppers 🌱,Need Attention,233,3448.0,Bronze Tier 🥉
CUST-2229,53,Female,Miami,102583.24,17,2190.0,128.82,315.0,40,0.0794,Haircare,1,1093,0.47,1,0,0,-2.325875369120699,0.3368220483027021,-2.325875369120699,0.3368220483027021,0.2360710037691851,Occasional / New Shoppers 🌱,New / Promising,311,2190.0,Bronze Tier 🥉
CUST-2230,38,Female,Chicago,75620.96,27,4872.0,180.44,427.0,68,0.0722,Fragrance,1,1091,0.74,2,1,0,1.9036019666536912,-0.4906438533621634,1.9036019666536912,-0.4906438533621634,0.5470837584856921,VIP Cosmetics Enthusiasts ✨,Loyal Customers,345,4872.0,Gold Tier 🥇
CUST-2231,44,Female,Miami,73129.94,21,3504.0,166.86,427.0,53,0.0833,Haircare,1,1088,0.58,1,3,0,-0.13928939314116964,0.05712240000883595,-0.13928939314116964,0.05712240000883595,1.2317733849108894,Occasional / New Shoppers 🌱,Potential Loyalists,323,3504.0,Bronze Tier 🥉
CUST-2232,25,Female,Los Angeles,78182.25,25,4018.0,160.72,427.0,61,0.074,Fragrance,2,1091,0.69,2,1,0,0.6340824634019719,-0.9063858027711177,0.6340824634019719,-0.9063858027711177,0.1310825396925715,VIP Cosmetics Enthusiasts ✨,Need Attention,244,4018.0,Silver Tier 🥈
CUST-2233,40,Female,Miami,49571.27,21,3543.0,168.71,427.0,51,0.0714,Haircare,356,738,0.85,3,2,1,-0.5528982152730748,-0.6150925070749721,-0.5528982152730748,-0.6150925070749721,0.583605274684809,Frequent Budget Buyers 🛍️,Lost Customers,123,3543.0,Bronze Tier 🥉
CUST-2234,48,Female,New York,57710.54,20,3798.0,189.9,427.0,53,0.06,Makeup,1,1088,0.55,0,0,0,0.39983366331552517,0.3272201742598656,0.39983366331552517,0.3272201742598656,0.8510190954343398,Occasional / New Shoppers 🌱,Potential Loyalists,323,3798.0,Silver Tier 🥈
CUST-2235,26,Non-Binary,Seattle,92627.73,28,3998.0,142.79,427.0,68,0.0911,Bath & Body,1,1091,0.77,1,3,-1,0.6555294984357996,-0.9516616073750169,0.6555294984357996,-0.9516616073750169,0.24912969723376838,Occasional / New Shoppers 🌱,Loyal Customers,354,3998.0,Silver Tier 🥈
CUST-2236,35,Female,San Francisco,70101.77,18,2381.0,132.28,287.0,48,0.0583,Haircare,357,737,0.73,3,2,3,-2.4695546893606477,-0.8222775875329456,-2.4695546893606477,-0.8222775875329456,-0.9772010011062388,Frequent Budget Buyers 🛍️,Lost Customers,111,2381.0,Bronze Tier 🥉
CUST-2237,37,Female,Seattle,104043.2,27,4796.0,177.63,427.0,74,0.05,Haircare,1,1093,0.74,2,1,0,1.7947232496306753,-1.164471207739889,1.7947232496306753,-1.164471207739889,-0.8100315560562505,VIP Cosmetics Enthusiasts ✨,Loyal Customers,355,4796.0,Gold Tier 🥇
CUST-2238,22,Male,Chicago,91518.86,24,3478.0,144.92,329.0,72,0.0792,Makeup,357,737,0.98,3,2,1,-0.6974840449740687,-2.1957381215939873,-0.6974840449740687,-2.1957381215939873,-0.24621930472314113,Frequent Budget Buyers 🛍️,At Risk,133,3478.0,Bronze Tier 🥉
CUST-2239,61,Female,Dallas,77887.15,27,4413.0,163.44,427.0,69,0.037,Makeup,2,1092,0.74,2,1,0,1.2961030631285282,0.9096523915957504,1.2961030631285282,0.9096523915957504,-1.466687982265475,VIP Cosmetics Enthusiasts ✨,Need Attention,255,4413.0,Gold Tier 🥇
CUST-2240,57,Male,Seattle,84056.32,17,2539.0,149.35,424.0,41,0.0706,Makeup,2,1086,0.47,0,0,0,-1.6755149262000115,0.7028180272406799,-1.6755149262000115,0.7028180272406799,0.46769630788658834,Occasional / New Shoppers 🌱,Lost Customers,211,2539.0,Bronze Tier 🥉
CUST-2241,43,Male,Los Angeles,53145.89,28,4689.0,167.46,427.0,73,0.0536,Fragrance,1,1092,0.77,2,1,0,1.6926755577730068,0.53918775419614,1.6926755577730068,0.53918775419614,-0.61991252834612,VIP Cosmetics Enthusiasts ✨,Loyal Customers,355,4689.0,Gold Tier 🥇
CUST-2242,54,Female,Chicago,57405.17,25,3622.0,144.88,303.0,69,0.078,Fragrance,2,1091,0.69,1,3,0,0.08469967690467851,1.2857827212781772,0.08469967690467851,1.2857827212781772,0.30077870458744205,Occasional / New Shoppers 🌱,Need Attention,243,3622.0,Silver Tier 🥈
CUST-2243,36,Female,New York,92643.24,30,5247.0,174.9,427.0,77,0.0483,Makeup,1,1093,0.82,2,1,0,2.4758601520078196,-0.8884952799835532,2.4758601520078196,-0.8884952799835532,-1.1163936831105588,VIP Cosmetics Enthusiasts ✨,Loyal Customers,355,5247.0,Platinum Tier 💎
CUST-2244,40,Male,Seattle,44924.86,24,3517.0,146.54,318.0,52,0.0896,Haircare,358,735,0.98,3,2,-1,-0.6038587747101043,-0.19465189442899022,-0.6038587747101043,-0.19465189442899022,0.7429114310102176,Frequent Budget Buyers 🛍️,At Risk,133,3517.0,Bronze Tier 🥉
CUST-2245,24,Female,Miami,82107.08,24,3600.0,150.0,427.0,70,0.0521,Skincare,2,1091,0.66,0,0,0,0.0136209846383815,-0.860263474594002,0.0136209846383815,-0.860263474594002,-1.209721912355459,Occasional / New Shoppers 🌱,Need Attention,233,3600.0,Bronze Tier 🥉
CUST-2246,42,Male,Houston,89624.58,23,4308.0,187.3,427.0,58,0.087,Haircare,1,1093,0.63,1,1,0,1.0733196907821252,-0.75978271189943,1.0733196907821252,-0.75978271189943,1.6998760193540154,Occasional / New Shoppers 🌱,Loyal Customers,334,4308.0,Silver Tier 🥈
CUST-2247,44,Female,Chicago,126740.34,18,3542.0,196.78,427.0,44,0.0861,Bath & Body,1,1089,0.5,1,3,-1,0.004825800586774011,-1.7070429955069317,0.004825800586774011,-1.7070429955069317,2.053027578109235,Occasional / New Shoppers 🌱,Potential Loyalists,313,3542.0,Bronze Tier 🥉
CUST-2248,20,Male,Chicago,94998.27,28,3661.0,130.75,427.0,72,0.0518,Skincare,356,737,1.14,3,2,-1,-0.2880585601748449,-2.107999517340319,-0.2880585601748449,-2.107999517340319,-2.2992443503557425,Frequent Budget Buyers 🛍️,At Risk,153,3661.0,Silver Tier 🥈
CUST-2249,26,Female,Chicago,94279.21,22,3763.0,171.05,427.0,49,0.0614,Makeup,1,1093,0.6,0,0,0,0.2478077854585883,-1.3906291492344163,0.2478077854585883,-1.3906291492344163,-0.10991797401726783,Occasional / New Shoppers 🌱,Loyal Customers,333,3763.0,Silver Tier 🥈
CUST-2250,20,Female,Dallas,72098.95,25,3462.0,138.48,427.0,54,0.072,Haircare,358,734,1.02,3,2,1,-0.6832876540997708,-1.7092788664489087,-0.6832876540997708,-1.7092788664489087,-0.7521691912216703,Frequent Budget Buyers 🛍️,At Risk,143,3462.0,Bronze Tier 🥉
CUST-2251,27,Female,Houston,50883.69,23,3586.0,155.91,427.0,64,0.0804,Fragrance,1,1092,0.63,1,3,0,-0.01701913996841997,-0.07181746505305567,-0.01701913996841997,-0.07181746505305567,0.6369737696417276,Occasional / New Shoppers 🌱,Loyal Customers,333,3586.0,Bronze Tier 🥉
CUST-2252,32,Female,Chicago,102877.45,26,3615.0,139.04,427.0,65,0.0615,Haircare,356,737,1.06,3,2,1,-0.42944109416303966,-1.8526615074448693,-0.42944109416303966,-1.8526615074448693,-1.3970769534880947,Frequent Budget Buyers 🛍️,At Risk,143,3615.0,Silver Tier 🥈
CUST-2253,34,Female,Dallas,86489.2,22,2949.0,134.05,296.0,67,0.0568,Makeup,1,1092,0.6,0,0,0,-1.0141817091373397,-0.23925977460612263,-1.0141817091373397,-0.23925977460612263,-1.1846964009859775,Occasional / New Shoppers 🌱,Lost Customers,332,2949.0,Bronze Tier 🥉
CUST-2254,52,Female,Houston,27289.1,25,3835.0,153.4,427.0,55,0.092,Makeup,1,1091,0.69,1,3,0,0.4062689875514129,1.780025587303628,0.4062689875514129,1.780025587303628,1.3769836308041614,Occasional / New Shoppers 🌱,Loyal Customers,343,3835.0,Silver Tier 🥈
CUST-2255,32,Female,Chicago,46289.8,23,4207.0,182.91,427.0,57,0.0522,Fragrance,1,1093,0.63,2,1,0,0.9664510980311779,-0.07564638464467785,0.9664510980311779,-0.07564638464467785,-0.0082911653380831,VIP Cosmetics Enthusiasts ✨,Loyal Customers,334,4207.0,Silver Tier 🥈
CUST-2256,24,Female,San Francisco,57148.2,25,3715.0,148.6,427.0,62,0.08,Haircare,359,732,1.02,3,2,1,-0.30536222976118654,-1.3106917702533254,-0.30536222976118654,-1.3106917702533254,0.03179073266104602,Frequent Budget Buyers 🛍️,At Risk,143,3715.0,Silver Tier 🥈
CUST-2257,54,Female,Chicago,58869.48,24,3513.0,146.38,307.0,64,0.0604,Bath & Body,1,1093,0.66,0,0,0,-0.08243506753557685,1.252579718730352,-0.08243506753557685,1.252579718730352,-0.4839444278443602,Occasional / New Shoppers 🌱,Loyal Customers,333,3513.0,Bronze Tier 🥉
CUST-2258,41,Female,Chicago,66848.85,17,2767.0,162.76,427.0,48,0.0647,Bath & Body,2,1092,0.47,0,0,0,-1.261928027481004,0.14192322025106857,-1.261928027481004,0.14192322025106857,0.47222817324350663,Occasional / New Shoppers 🌱,Lost Customers,211,2767.0,Bronze Tier 🥉
CUST-2259,52,Female,Houston,32573.94,21,2959.0,140.9,427.0,47,0.0524,Bath & Body,1,1093,0.58,0,0,0,-0.9571539574985731,1.8850351846167381,-0.9571539574985731,1.8850351846167381,-0.6933415945960882,Occasional / New Shoppers 🌱,New / Promising,322,2959.0,Bronze Tier 🥉
CUST-2260,34,Male,Los Angeles,123912.9,31,4467.0,144.1,340.0,75,0.0661,Makeup,1,1090,0.85,2,1,-1,1.4204436148605375,-1.298296703023819,1.4204436148605375,-1.298296703023819,-1.2812803707494416,VIP Cosmetics Enthusiasts ✨,Loyal Customers,355,4467.0,Gold Tier 🥇
CUST-2261,56,Non-Binary,Seattle,106114.94,19,3097.0,163.0,427.0,42,0.0395,Fragrance,1,1093,0.52,0,0,-1,-0.744953612653317,-0.03817506637828974,-0.744953612653317,-0.03817506637828974,-1.0092400045531942,Occasional / New Shoppers 🌱,New / Promising,322,3097.0,Bronze Tier 🥉
CUST-2262,28,Non-Binary,Seattle,76082.69,29,5130.0,176.9,427.0,71,0.0862,Haircare,1,1093,0.8,2,1,0,2.26912498277168,-0.9658778492649832,2.26912498277168,-0.9658778492649832,0.928656235905264,VIP Cosmetics Enthusiasts ✨,Loyal Customers,355,5130.0,Gold Tier 🥇
CUST-2263,50,Female,Los Angeles,73010.09,25,3664.0,146.56,427.0,61,0.09,Skincare,1,1089,0.69,1,3,0,0.12475753511647296,0.6624938858743984,0.12475753511647296,0.6624938858743984,0.8235651256161267,Occasional / New Shoppers 🌱,Loyal Customers,343,3664.0,Silver Tier 🥈
CUST-2264,32,Female,San Francisco,46315.09,28,4374.0,156.21,427.0,71,0.0786,Haircare,2,1092,0.77,2,1,0,1.2251649913255496,0.2941643166499721,1.2251649913255496,0.2941643166499721,0.2832194158271755,VIP Cosmetics Enthusiasts ✨,Need Attention,254,4374.0,Silver Tier 🥈
CUST-2265,30,Female,Houston,42104.11,19,2783.0,146.47,293.0,45,0.0711,Bath & Body,356,735,0.78,3,2,1,-1.781504953199925,-0.6033569347071057,-1.781504953199925,-0.6033569347071057,0.07939957061626077,Frequent Budget Buyers 🛍️,Lost Customers,121,2783.0,Bronze Tier 🥉
CUST-2266,48,Female,Seattle,44593.03,21,4074.0,194.0,427.0,51,0.0643,Makeup,1,1092,0.58,2,0,0,0.8141012335731119,0.5817020941863664,0.8141012335731119,0.5817020941863664,1.178701297702392,VIP Cosmetics Enthusiasts ✨,Potential Loyalists,324,4074.0,Silver Tier 🥈
CUST-2267,35,Male,Seattle,118258.11,21,3102.0,147.71,290.0,46,0.0738,Makeup,1,1091,0.58,1,3,0,-0.8142675090867209,-1.202813443873544,-0.8142675090867209,-1.202813443873544,-0.07810276668475939,Occasional / New Shoppers 🌱,New / Promising,322,3102.0,Bronze Tier 🥉
CUST-2268,31,Male,Miami,99144.11,19,3582.0,188.53,286.0,65,0.0921,Makeup,2,1089,0.52,1,1,-1,0.01599799461876573,-1.5676404948854845,0.01599799461876573,-1.5676404948854845,2.108850186885641,Occasional / New Shoppers 🌱,Need Attention,223,3582.0,Bronze Tier 🥉
CUST-2269,41,Female,New York,75522.64,31,5342.0,172.32,427.0,82,0.0694,Haircare,1,1093,0.85,2,1,0,2.626052759184997,-0.20761958185229384,2.626052759184997,-0.20761958185229384,-0.05000607812948294,VIP Cosmetics Enthusiasts ✨,Loyal Customers,355,5342.0,Platinum Tier 💎
CUST-2270,36,Non-Binary,Seattle,82166.2,17,2615.0,153.82,307.0,40,0.1118,Makeup,2,1092,0.47,1,3,-1,-1.5887335325519965,-0.4219308149039748,-1.5887335325519965,-0.4219308149039748,2.4742868882794977,Occasional / New Shoppers 🌱,Lost Customers,211,2615.0,Bronze Tier 🥉
CUST-2271,43,Female,Miami,79852.12,23,3847.0,167.26,427.0,56,0.0543,Fragrance,356,738,0.93,3,2,1,-0.0979322724533174,-1.1624753544974937,-0.0979322724533174,-1.1624753544974937,-0.5933374295802073,Frequent Budget Buyers 🛍️,At Risk,133,3847.0,Silver Tier 🥈
CUST-2272,46,Female,New York,25850.19,21,3338.0,158.95,325.0,56,0.0833,Haircare,358,736,0.86,3,2,-1,-0.874648990923648,0.3899669552027898,-0.874648990923648,0.3899669552027898,1.11486683339472,Frequent Budget Buyers 🛍️,Lost Customers,122,3338.0,Bronze Tier 🥉
CUST-2273,29,Female,San Francisco,63754.73,16,3205.0,200.31,427.0,41,0.0438,Skincare,1,1093,0.44,0,0,0,-0.3795264953584679,-0.8919621463242654,-0.3795264953584679,-0.8919621463242654,0.3767121638893799,Occasional / New Shoppers 🌱,New / Promising,312,3205.0,Bronze Tier 🥉
CUST-2274,22,Female,San Francisco,77695.37,29,4564.0,157.38,427.0,78,0.0586,Fragrance,1,1091,0.8,2,1,0,1.5059602456704424,-0.9609141751905951,1.5059602456704424,-0.9609141751905951,-1.026133467841774,VIP Cosmetics Enthusiasts ✨,Loyal Customers,355,4564.0,Gold Tier 🥇
CUST-2275,45,Female,Chicago,80240.9,20,3185.0,159.25,393.0,49,0.0725,Skincare,358,734,0.82,3,2,1,-1.1387400795089142,-0.988581626812081,-1.1387400795089142,-0.988581626812081,0.33295686839101785,Frequent Budget Buyers 🛍️,Lost Customers,122,3185.0,Bronze Tier 🥉
CUST-2276,51,Female,Houston,27378.86,33,4054.0,122.85,334.0,87,0.0712,Bath & Body,356,738,1.34,3,2,-1,0.5509718237331431,1.2183744495767592,0.5509718237331431,1.2183744495767592,-1.2077666898171553,Frequent Budget Buyers 🛍️,At Risk,154,4054.0,Silver Tier 🥈
CUST-2277,41,Female,Chicago,44258.27,22,3402.0,154.64,340.0,54,0.0909,Haircare,1,1089,0.61,1,0,0,-0.29827717299413836,0.7910177454368512,-0.29827717299413836,0.7910177454368512,1.363661658872635,Occasional / New Shoppers 🌱,Lost Customers,332,3402.0,Bronze Tier 🥉
CUST-2278,35,Male,Dallas,63490.43,22,3794.0,172.45,393.0,50,0.0682,Haircare,357,736,0.9,3,2,1,-0.18111310536518413,-1.260328998086354,-0.18111310536518413,-1.260328998086354,0.3272820780806017,Frequent Budget Buyers 🛍️,At Risk,133,3794.0,Silver Tier 🥈
CUST-2279,41,Male,Chicago,39436.36,23,3393.0,147.52,387.0,55,0.0761,Bath & Body,1,1091,0.63,0,0,0,-0.2906050589241123,1.0402434472273197,-0.2906050589241123,1.0402434472273197,0.3944529005618266,Occasional / New Shoppers 🌱,Lost Customers,332,3393.0,Bronze Tier 🥉
CUST-2280,20,Female,Houston,34137.6,24,3480.0,145.0,316.0,59,0.075,Haircare,360,732,0.98,3,2,-1,-0.6600435955486789,-0.8875746657140537,-0.6600435955486789,-0.8875746657140537,-0.15152422211918565,Frequent Budget Buyers 🛍️,At Risk,133,3480.0,Bronze Tier 🥉
CUST-2281,48,Female,New York,95249.59,19,2949.0,155.21,427.0,55,0.0868,Haircare,1,1091,0.52,1,3,0,-1.0343920806618145,-0.1230908493055117,-1.0343920806618145,-0.1230908493055117,1.1533284801907036,Occasional / New Shoppers 🌱,New / Promising,322,2949.0,Bronze Tier 🥉
CUST-2282,42,Female,San Francisco,91000.69,29,4037.0,139.21,307.0,79,0.0621,Skincare,1,1089,0.8,2,1,0,0.7852769155258527,-0.013595596469794805,0.7852769155258527,-0.013595596469794805,-1.2146001315537713,VIP Cosmetics Enthusiasts ✨,Loyal Customers,354,4037.0,Silver Tier 🥈
CUST-2283,26,Female,Los Angeles,55004.86,34,4754.0,139.82,287.0,91,0.0368,Fragrance,1,1093,0.93,2,1,-1,2.0012194926944704,0.11763526181726691,2.0012194926944704,0.11763526181726691,-2.752199597822891,VIP Cosmetics Enthusiasts ✨,Loyal Customers,355,4754.0,Gold Tier 🥇
CUST-2284,18,Female,Chicago,47147.21,29,4556.0,157.1,324.0,77,0.0638,Haircare,357,734,1.19,3,2,-1,1.007735234457346,-1.4568464718841536,1.007735234457346,-1.4568464718841536,-0.8317473691483458,Frequent Budget Buyers 🛍️,At Risk,155,4556.0,Gold Tier 🥇
CUST-2285,35,Female,Los Angeles,79139.73,20,3233.0,161.65,427.0,49,0.065,Bath & Body,356,736,0.82,3,2,1,-1.0582857241318406,-1.4787807223736742,-1.0582857241318406,-1.4787807223736742,-0.06457152238067822,Frequent Budget Buyers 🛍️,Lost Customers,122,3233.0,Bronze Tier 🥉
CUST-2286,18,Female,Dallas,107731.94,22,3778.0,171.73,427.0,56,0.05,Fragrance,1,1093,0.6,0,0,0,0.2653404831187849,-2.114107710732567,0.2653404831187849,-2.114107710732567,-0.8130518761379214,Occasional / New Shoppers 🌱,Loyal Customers,333,3778.0,Silver Tier 🥈
CUST-2287,54,Female,Los Angeles,64135.74,22,3625.0,164.77,427.0,58,0.0909,Bath & Body,1,1092,0.6,1,3,0,0.04967467206655902,0.7981357320201522,0.04967467206655902,0.7981357320201522,1.6319885087281947,Occasional / New Shoppers 🌱,Loyal Customers,333,3625.0,Silver Tier 🥈
CUST-2288,45,Male,Dallas,33367.52,25,4059.0,162.36,412.0,58,0.056,Makeup,1,1088,0.69,2,1,0,0.7562937140726504,1.1970301421834977,0.7562937140726504,1.1970301421834977,-0.2967385545488871,VIP Cosmetics Enthusiasts ✨,Loyal Customers,344,4059.0,Silver Tier 🥈
CUST-2289,25,Female,Seattle,62316.79,23,3352.0,145.74,412.0,50,0.0674,Haircare,1,1093,0.63,0,3,0,-0.3744455225062953,-0.28082412674026774,-0.3744455225062953,-0.28082412674026774,-0.3622985901420589,Occasional / New Shoppers 🌱,Lost Customers,332,3352.0,Bronze Tier 🥉
CUST-2290,62,Female,Dallas,47478.8,18,2864.0,159.11,349.0,43,0.0611,Bath & Body,356,738,0.73,3,2,2,-1.5900937126269763,0.6860237381233617,-1.5900937126269763,0.6860237381233617,0.23271642867367237,Frequent Budget Buyers 🛍️,Lost Customers,111,2864.0,Bronze Tier 🥉
CUST-2291,63,Female,Dallas,22000.0,25,3490.0,139.6,412.0,57,0.06,Fragrance,2,1087,0.69,0,0,0,-0.06476462550633733,2.7118859572038825,-0.06476462550633733,2.7118859572038825,-0.4593738066322301,Occasional / New Shoppers 🌱,Need Attention,243,3490.0,Bronze Tier 🥉
CUST-2292,57,Female,Miami,53579.17,29,4962.0,171.1,427.0,70,0.0638,Fragrance,356,736,1.18,2,2,-1,1.5969652338463671,0.11377089972686791,1.5969652338463671,0.11377089972686791,-0.15265677681667356,VIP Cosmetics Enthusiasts ✨,At Risk,155,4962.0,Gold Tier 🥇
CUST-2293,57,Female,Dallas,89743.94,22,3033.0,137.86,363.0,59,0.0795,Fragrance,358,736,0.9,3,2,-1,-1.3845731299149906,-0.3107483398089982,-1.3845731299149906,-0.3107483398089982,0.04791403161459893,Frequent Budget Buyers 🛍️,Lost Customers,132,3033.0,Bronze Tier 🥉
CUST-2294,20,Female,Chicago,59477.85,30,3986.0,132.87,341.0,84,0.0667,Skincare,357,737,1.22,3,2,-1,0.2576790590225064,-1.2837077743289997,0.2576790590225064,-1.2837077743289997,-1.4324366915240025,Frequent Budget Buyers 🛍️,At Risk,154,3986.0,Silver Tier 🥈
CUST-2295,54,Male,Miami,54550.6,29,3541.0,122.1,333.0,64,0.0828,Fragrance,2,1088,0.8,1,3,0,0.11691611318153204,1.7148869276315715,0.11691611318153204,1.7148869276315715,-0.30415421057156716,Occasional / New Shoppers 🌱,Need Attention,253,3541.0,Bronze Tier 🥉
CUST-2296,30,Female,Houston,83650.89,29,4007.0,138.17,427.0,80,0.0897,Bath & Body,1,1093,0.8,1,3,0,0.715841948184805,-0.45452686491773736,0.715841948184805,-0.45452686491773736,0.07784547430621858,Occasional / New Shoppers 🌱,Loyal Customers,354,4007.0,Silver Tier 🥈
CUST-2297,19,Female,Miami,93179.5,20,2298.0,114.9,427.0,51,0.0675,Haircare,357,737,0.81,3,2,-1,-2.6258090256442643,-1.935687027268346,-2.6258090256442643,-1.935687027268346,-1.3771136083642375,Frequent Budget Buyers 🛍️,Lost Customers,121,2298.0,Bronze Tier 🥉
CUST-2298,38,Male,Seattle,40210.43,22,2856.0,129.82,308.0,48,0.0432,Fragrance,356,735,0.9,3,2,-1,-1.6136363789998323,0.1396720897283835,-1.6136363789998323,0.1396720897283835,-1.8756747430415681,Frequent Budget Buyers 🛍️,Lost Customers,131,2856.0,Bronze Tier 🥉
CUST-2299,40,Female,New York,60571.84,26,3733.0,143.58,326.0,60,0.0654,Fragrance,356,736,1.06,3,2,1,-0.22793924267232704,-0.4881862085221905,-0.22793924267232704,-0.4881862085221905,-0.7728672725388357,Frequent Budget Buyers 🛍️,At Risk,143,3733.0,Silver Tier 🥈
CUST-2300,18,Female,Dallas,43400.12,33,5304.0,160.73,427.0,72,0.0591,Makeup,2,1092,0.91,2,1,0,2.6501457696384243,-0.3664224194581503,2.6501457696384243,-0.3664224194581503,-1.0311979241776312,VIP Cosmetics Enthusiasts ✨,Need Attention,255,5304.0,Platinum Tier 💎
CUST-2301,54,Female,San Francisco,52865.8,25,3254.0,130.16,427.0,56,0.062,Makeup,1,1089,0.69,0,0,0,-0.4402778560765255,1.6477197151053298,-0.4402778560765255,1.6477197151053298,-0.8582629769334158,Occasional / New Shoppers 🌱,Lost Customers,342,3254.0,Bronze Tier 🥉
CUST-2302,28,Female,San Francisco,70562.99,24,5172.0,215.5,427.0,60,0.0625,Haircare,356,737,0.98,2,1,-1,1.882504167415672,-2.423275335982509,1.882504167415672,-2.423275335982509,0.917452204891717,VIP Cosmetics Enthusiasts ✨,At Risk,145,5172.0,Gold Tier 🥇
CUST-2303,44,Female,San Francisco,87902.15,21,3092.0,147.24,427.0,56,0.0786,Fragrance,1,1092,0.58,1,0,0,-0.807115655959381,-0.0072573876131975835,-0.807115655959381,-0.0072573876131975835,0.40322485577614947,Occasional / New Shoppers 🌱,New / Promising,322,3092.0,Bronze Tier 🥉
CUST-2304,64,Female,Los Angeles,50646.4,27,4032.0,149.33,427.0,71,0.0815,Haircare,2,1090,0.74,1,3,0,0.7376749475533557,1.8825044543874543,0.7376749475533557,1.8825044543874543,0.583927336785195,Occasional / New Shoppers 🌱,Need Attention,254,4032.0,Silver Tier 🥈
CUST-2305,55,Non-Binary,Seattle,91720.99,18,3461.0,192.28,427.0,41,0.0556,Makeup,356,737,0.73,3,2,-1,-0.5775355450031776,-1.229307967624277,-0.5775355450031776,-1.229307967624277,0.5057672039023813,Frequent Budget Buyers 🛍️,Lost Customers,113,3461.0,Bronze Tier 🥉
CUST-2306,31,Female,Dallas,80098.86,26,3489.0,134.19,427.0,69,0.0519,Fragrance,357,735,1.06,3,2,1,-0.5915428022935009,-1.256864088571086,-0.5915428022935009,-1.256864088571086,-1.8861812302104124,Frequent Budget Buyers 🛍️,At Risk,143,3489.0,Bronze Tier 🥉
CUST-2307,52,Male,Houston,49349.42,19,2769.0,145.74,307.0,43,0.0763,Makeup,2,1089,0.52,0,0,0,-1.2992805813586954,1.3573329763364084,-1.2992805813586954,1.3573329763364084,0.6741552879419301,Occasional / New Shoppers 🌱,Need Attention,221,2769.0,Bronze Tier 🥉
CUST-2308,28,Female,Miami,55520.87,28,4399.0,157.11,427.0,65,0.0911,Makeup,356,738,1.14,3,2,-1,0.744361789897977,-1.2028084048695544,0.744361789897977,-1.2028084048695544,0.6519427893302,Frequent Budget Buyers 🛍️,At Risk,154,4399.0,Silver Tier 🥈
CUST-2309,41,Male,Chicago,85435.58,18,2299.0,127.72,185.0,53,0.075,Skincare,1,1086,0.5,0,0,0,-2.1322100551817535,0.1872067706177057,-2.1322100551817535,0.1872067706177057,-0.09341816688802809,Occasional / New Shoppers 🌱,New / Promising,311,2299.0,Bronze Tier 🥉
CUST-2310,51,Female,Seattle,73276.72,28,4676.0,167.0,427.0,68,0.0804,Bath & Body,1,1089,0.77,2,1,0,1.6462666519413658,0.41109326291933707,1.6462666519413658,0.41109326291933707,0.6733070728266131,VIP Cosmetics Enthusiasts ✨,Loyal Customers,355,4676.0,Gold Tier 🥇
CUST-2311,42,Female,San Francisco,56873.86,24,3335.0,138.96,412.0,69,0.0708,Bath & Body,2,1092,0.66,0,0,0,-0.36877404321157126,0.7980196874514531,-0.36877404321157126,0.7980196874514531,-0.2516638604048661,Occasional / New Shoppers 🌱,Need Attention,242,3335.0,Bronze Tier 🥉
CUST-2312,59,Female,San Francisco,72096.96,29,4302.0,148.34,427.0,77,0.069,Skincare,2,1092,0.8,2,1,0,1.1695304769834973,1.1438026626501352,1.1695304769834973,1.1438026626501352,-0.37212812498403836,VIP Cosmetics Enthusiasts ✨,Need Attention,254,4302.0,Silver Tier 🥈
CUST-2313,36,Male,San Francisco,62782.3,24,3998.0,166.58,427.0,63,0.0771,Fragrance,1,1093,0.66,1,3,0,0.615154130157733,-0.070994114945892,0.615154130157733,-0.070994114945892,0.6938271877266058,Occasional / New Shoppers 🌱,Loyal Customers,344,3998.0,Silver Tier 🥈
CUST-2314,55,Female,Chicago,56042.4,16,2428.0,151.75,427.0,47,0.0594,Fragrance,357,737,0.65,3,2,2,-2.3156053984444362,0.22930567932022375,-2.3156053984444362,0.22930567932022375,-0.019494122941071463,Frequent Budget Buyers 🛍️,Lost Customers,111,2428.0,Bronze Tier 🥉
CUST-2315,32,Female,Seattle,48109.33,26,4098.0,157.62,427.0,63,0.0538,Fragrance,1,1093,0.71,2,1,0,0.8089320233504701,0.2634746703741761,0.8089320233504701,0.2634746703741761,-0.7989819127671135,VIP Cosmetics Enthusiasts ✨,Loyal Customers,344,4098.0,Silver Tier 🥈
CUST-2316,21,Female,Seattle,48552.96,28,4015.0,143.39,318.0,68,0.0911,Haircare,1,1092,0.77,1,3,0,0.7033638260118722,-0.12576444944424414,0.7033638260118722,-0.12576444944424414,0.4678061113162445,Occasional / New Shoppers 🌱,Loyal Customers,354,4015.0,Silver Tier 🥈
CUST-2317,24,Female,Seattle,42364.73,29,4086.0,140.9,427.0,79,0.0672,Haircare,2,1092,0.8,2,1,0,0.8634206740336086,0.24926861730232597,0.8634206740336086,0.24926861730232597,-0.8039086271297498,VIP Cosmetics Enthusiasts ✨,Need Attention,254,4086.0,Silver Tier 🥈
CUST-2318,35,Male,Houston,48436.96,16,2862.0,178.88,427.0,39,0.0562,Bath & Body,356,736,0.65,3,2,-1,-1.5129423364076156,-0.9656951088407485,-1.5129423364076156,-0.9656951088407485,0.38787130568381306,Frequent Budget Buyers 🛍️,Lost Customers,111,2862.0,Bronze Tier 🥉
CUST-2319,63,Female,Seattle,79411.64,28,4503.0,160.82,427.0,77,0.0661,Fragrance,356,735,1.14,3,2,1,0.9242778424911279,-0.06749080104319852,0.9242778424911279,-0.06749080104319852,-0.3260646202048749,Frequent Budget Buyers 🛍️,At Risk,155,4503.0,Gold Tier 🥇
CUST-2320,60,Male,San Francisco,67627.33,30,5281.0,176.03,427.0,70,0.0767,Fragrance,2,1092,0.82,2,1,0,2.5333841504275703,0.8616240729112321,2.5333841504275703,0.8616240729112321,0.6968080295033368,VIP Cosmetics Enthusiasts ✨,Need Attention,255,5281.0,Platinum Tier 💎
CUST-2321,32,Female,Chicago,126072.47,21,2554.0,121.62,307.0,61,0.0762,Bath & Body,1,1093,0.58,1,3,-1,-1.7044382244450855,-1.1593757414860064,-1.7044382244450855,-1.1593757414860064,-0.705835054392714,Occasional / New Shoppers 🌱,New / Promising,321,2554.0,Bronze Tier 🥉
CUST-2322,59,Male,Los Angeles,45226.15,19,2852.0,150.11,330.0,53,0.05,Skincare,2,1091,0.52,0,0,0,-1.1284471922552617,1.7812647090073344,-1.1284471922552617,1.7812647090073344,-0.4469422601518587,Occasional / New Shoppers 🌱,Need Attention,221,2852.0,Bronze Tier 🥉
CUST-2323,64,Male,Los Angeles,56403.57,23,4732.0,205.74,427.0,49,0.0826,Bath & Body,2,1091,0.63,2,0,-1,1.7661884898869407,0.8797579443459299,1.7661884898869407,0.8797579443459299,2.3425946910796096,VIP Cosmetics Enthusiasts ✨,Need Attention,235,4732.0,Gold Tier 🥇
CUST-2324,31,Male,Houston,72965.23,21,4470.0,212.86,427.0,54,0.0976,Fragrance,1,1093,0.58,1,1,-1,1.3907421226579058,-1.2927239344121955,1.3907421226579058,-1.2927239344121955,3.0273919785023526,Occasional / New Shoppers 🌱,Potential Loyalists,325,4470.0,Gold Tier 🥇
CUST-2325,33,Female,Houston,59562.39,27,4102.0,151.93,351.0,71,0.0741,Haircare,358,735,1.1,3,2,1,0.31260749353881784,-0.9563642053872464,0.31260749353881784,-0.9563642053872464,-0.2464993335455439,Frequent Budget Buyers 🛍️,At Risk,154,4102.0,Silver Tier 🥈
CUST-2326,25,Female,Seattle,63938.85,21,3366.0,160.29,427.0,48,0.0714,Makeup,2,1090,0.58,0,0,0,-0.3626632058004556,-0.5516413131692144,-0.3626632058004556,-0.5516413131692144,0.34296579133067995,Occasional / New Shoppers 🌱,Need Attention,222,3366.0,Bronze Tier 🥉
CUST-2327,57,Female,Seattle,71642.93,28,5031.0,179.68,427.0,81,0.0482,Makeup,357,736,1.14,2,2,-1,1.6763866823879825,-0.4445354829921336,1.6763866823879825,-0.4445354829921336,-0.7480891424314685,VIP Cosmetics Enthusiasts ✨,At Risk,155,5031.0,Gold Tier 🥇
CUST-2328,27,Female,Miami,69718.71,18,2476.0,137.56,295.0,45,0.0667,Skincare,2,1092,0.49,0,0,0,-1.8192509265786718,-0.25897037491219327,-1.8192509265786718,-0.25897037491219327,-0.2932116733692454,Occasional / New Shoppers 🌱,Lost Customers,211,2476.0,Bronze Tier 🥉
CUST-2329,61,Female,Dallas,38323.53,27,4211.0,155.96,427.0,70,0.0611,Bath & Body,1,1091,0.74,2,1,0,1.0158662107541574,1.9664370522144123,1.0158662107541574,1.9664370522144123,-0.22628215867764237,VIP Cosmetics Enthusiasts ✨,Loyal Customers,354,4211.0,Silver Tier 🥈
CUST-2330,47,Female,Dallas,71393.74,11,1671.0,151.91,427.0,27,0.05,Bath & Body,2,1092,0.3,0,0,-1,-3.0296039394972327,0.49516057026202864,-3.0296039394972327,0.49516057026202864,-0.11005140031107119,Occasional / New Shoppers 🌱,Lost Customers,211,1671.0,Bronze Tier 🥉
CUST-2331,21,Female,Houston,79124.34,22,3114.0,141.55,427.0,64,0.0614,Skincare,1,1092,0.6,0,0,0,-0.7651566241188977,-0.8250147926766421,-0.7651566241188977,-0.8250147926766421,-0.8350689969767783,Occasional / New Shoppers 🌱,Lost Customers,332,3114.0,Bronze Tier 🥉
CUST-2332,22,Female,Los Angeles,51105.12,30,5156.0,171.87,427.0,66,0.0667,Skincare,1,1091,0.82,2,1,0,2.352258643513333,-0.5434095131197435,2.352258643513333,-0.5434095131197435,-0.16298105230823653,VIP Cosmetics Enthusiasts ✨,Loyal Customers,355,5156.0,Gold Tier 🥇
CUST-2333,39,Female,Seattle,73419.5,27,4423.0,163.81,427.0,65,0.0759,Haircare,1,1093,0.74,2,1,0,1.2641977544031378,-0.13586905958291423,1.2641977544031378,-0.13586905958291423,0.32378525018804954,VIP Cosmetics Enthusiasts ✨,Loyal Customers,355,4423.0,Gold Tier 🥇
CUST-2334,33,Female,Houston,53886.5,24,4234.0,176.42,427.0,57,0.0562,Bath & Body,2,1089,0.66,2,1,0,0.9890206760760011,-0.12348154780138361,0.9890206760760011,-0.12348154780138361,-0.07848997176534295,VIP Cosmetics Enthusiasts ✨,Need Attention,244,4234.0,Silver Tier 🥈
CUST-2335,41,Female,New York,87474.33,18,2063.0,114.61,181.0,40,0.0306,Haircare,1,1092,0.49,0,0,-1,-2.5090243850425793,0.3931328961915104,-2.5090243850425793,0.3931328961915104,-2.675891949517145,Occasional / New Shoppers 🌱,New / Promising,311,2063.0,Bronze Tier 🥉
CUST-2336,61,Male,Seattle,66271.83,22,4020.0,182.73,357.0,55,0.0545,Haircare,2,1092,0.6,2,0,0,0.7026899416605209,0.8750095155084446,0.7026899416605209,0.8750095155084446,0.32016717965139146,VIP Cosmetics Enthusiasts ✨,Need Attention,234,4020.0,Silver Tier 🥈
CUST-2337,33,Female,Miami,65225.62,17,3582.0,210.71,427.0,43,0.0794,Fragrance,2,1091,0.47,1,0,-1,0.18993638137053312,-0.93637837753575,0.18993638137053312,-0.93637837753575,2.393913859926365,Occasional / New Shoppers 🌱,Lost Customers,213,3582.0,Bronze Tier 🥉
CUST-2338,21,Male,New York,94292.96,21,3394.0,161.62,427.0,54,0.0738,Skincare,1,1090,0.58,1,0,0,-0.3411681696878506,-1.5181971916702643,-0.3411681696878506,-1.5181971916702643,0.2913945004392,Occasional / New Shoppers 🌱,New / Promising,322,3394.0,Bronze Tier 🥉
CUST-2339,28,Male,Dallas,88908.98,27,4172.0,154.52,360.0,69,0.0741,Fragrance,2,1092,0.74,2,1,0,0.8882193068813804,-0.9225037258850578,0.8882193068813804,-0.9225037258850578,-0.19444854212976015,VIP Cosmetics Enthusiasts ✨,Need Attention,254,4172.0,Silver Tier 🥈
CUST-2340,52,Female,Dallas,62516.11,18,2614.0,145.22,427.0,47,0.0667,Skincare,1,1091,0.49,0,0,0,-1.551475492850148,1.05505326206409,-1.551475492850148,1.05505326206409,0.17296312059558033,Occasional / New Shoppers 🌱,New / Promising,311,2614.0,Bronze Tier 🥉
CUST-2341,53,Female,Miami,36767.54,32,4911.0,153.47,373.0,84,0.0797,Haircare,1,1092,0.88,2,1,0,2.112898685917609,1.627861965453278,2.112898685917609,1.627861965453278,0.23864963784534196,VIP Cosmetics Enthusiasts ✨,Loyal Customers,355,4911.0,Gold Tier 🥇
CUST-2342,59,Female,Miami,58315.2,21,4096.0,195.05,427.0,49,0.0714,Bath & Body,2,1092,0.58,1,0,0,0.8426378462432167,0.7635359771106157,0.8426378462432167,0.7635359771106157,1.5841763277947374,Occasional / New Shoppers 🌱,Need Attention,224,4096.0,Silver Tier 🥈
CUST-2343,59,Male,Miami,54200.04,22,3184.0,144.73,336.0,57,0.0386,Bath & Body,359,734,0.9,3,2,-1,-1.090712731294709,0.6166332513664017,-1.090712731294709,0.6166332513664017,-1.6105558162403217,Frequent Budget Buyers 🛍️,Lost Customers,132,3184.0,Bronze Tier 🥉
CUST-2344,59,Female,Dallas,93894.28,18,3282.0,182.33,427.0,45,0.0444,Bath & Body,1,1091,0.49,0,0,-1,-0.38122890117425523,0.12056021941771959,-0.38122890117425523,0.12056021941771959,-0.0964712730178941,Occasional / New Shoppers 🌱,New / Promising,312,3282.0,Bronze Tier 🥉
CUST-2345,35,Female,Los Angeles,87386.15,23,3064.0,133.22,427.0,60,0.0609,Bath & Body,356,738,0.93,3,2,1,-1.3166281570753546,-1.243280544315161,-1.3166281570753546,-1.243280544315161,-1.2593579804293817,Frequent Budget Buyers 🛍️,Lost Customers,132,3064.0,Bronze Tier 🥉
CUST-2346,62,Female,Chicago,63149.47,22,4571.0,207.77,412.0,52,0.0659,Fragrance,1,1091,0.6,2,0,0,1.5621993614091956,0.613011058329216,1.5621993614091956,0.613011058329216,1.5696358918469653,VIP Cosmetics Enthusiasts ✨,Loyal Customers,335,4571.0,Gold Tier 🥇
CUST-2347,57,Female,Houston,84033.22,21,3583.0,170.62,427.0,55,0.0452,Bath & Body,357,737,0.85,3,2,-1,-0.47632226240334186,-0.6092398813369094,-0.47632226240334186,-0.6092398813369094,-0.7239691109939165,Frequent Budget Buyers 🛍️,Lost Customers,123,3583.0,Bronze Tier 🥉
CUST-2348,62,Female,Seattle,115639.22,20,3730.0,186.5,427.0,44,0.0725,Haircare,360,733,0.82,3,2,-1,-0.25148829454942895,-1.4217491319379334,-0.25148829454942895,-1.4217491319379334,0.9936024764450063,Frequent Budget Buyers 🛍️,Lost Customers,123,3730.0,Silver Tier 🥈
CUST-2349,60,Male,San Francisco,40219.05,22,3969.0,180.41,427.0,48,0.0659,Bath & Body,1,1093,0.6,2,0,0,0.6305729514623093,1.4874112643493174,0.6305729514623093,1.4874112643493174,0.9709387826962356,VIP Cosmetics Enthusiasts ✨,Loyal Customers,334,3969.0,Silver Tier 🥈
CUST-2350,25,Female,Miami,32572.37,26,3448.0,132.62,368.0,63,0.1096,Fragrance,1,1093,0.71,1,3,-1,-0.173482845208699,0.5992418273803182,-0.173482845208699,0.5992418273803182,1.3806838090093,Occasional / New Shoppers 🌱,Loyal Customers,343,3448.0,Bronze Tier 🥉
CUST-2351,55,Female,Los Angeles,64321.57,22,3689.0,167.68,427.0,49,0.0727,Bath & Body,2,1091,0.6,1,0,0,0.16441204528930434,0.8231383061632905,0.16441204528930434,0.8231383061632905,0.8006943836614331,Occasional / New Shoppers 🌱,Need Attention,233,3689.0,Silver Tier 🥈
CUST-2352,45,Male,New York,89618.44,23,3756.0,163.3,427.0,50,0.0804,Haircare,1,1092,0.63,1,3,0,0.2340244385398489,-0.2390100099474648,0.2340244385398489,-0.2390100099474648,0.7730855043684157,Occasional / New Shoppers 🌱,Loyal Customers,333,3756.0,Silver Tier 🥈
CUST-2353,32,Female,Chicago,104485.02,20,2215.0,110.75,356.0,51,0.0525,Bath & Body,356,737,0.81,3,2,-1,-2.745318751470295,-1.4798295617053903,-2.745318751470295,-1.4798295617053903,-2.183988177186139,Frequent Budget Buyers 🛍️,Lost Customers,121,2215.0,Bronze Tier 🥉
CUST-2354,23,Male,San Francisco,81416.7,24,4703.0,195.96,427.0,55,0.0792,Makeup,356,735,0.98,3,1,-1,1.1526362001988253,-2.667617778712232,1.1526362001988253,-2.667617778712232,1.143433147659081,Frequent Budget Buyers 🛍️,At Risk,145,4703.0,Gold Tier 🥇
CUST-2355,19,Female,Los Angeles,83403.55,18,3151.0,175.06,427.0,44,0.1028,Makeup,356,736,0.73,3,2,-1,-1.1823130649167868,-2.6349060392696084,-1.1823130649167868,-2.6349060392696084,2.150722560627543,Frequent Budget Buyers 🛍️,Lost Customers,112,3151.0,Bronze Tier 🥉
CUST-2356,40,Female,Seattle,62735.08,24,3099.0,129.12,325.0,57,0.05,Haircare,2,1092,0.66,0,0,0,-0.7119851161935506,0.7331906047766168,-0.7119851161935506,0.7331906047766168,-1.6026997892250416,Occasional / New Shoppers 🌱,Need Attention,242,3099.0,Bronze Tier 🥉
CUST-2357,25,Male,Seattle,78506.72,28,4515.0,161.25,340.0,82,0.0911,Fragrance,2,1091,0.77,2,1,-1,1.3856749803217383,-0.9428501148013372,1.3856749803217383,-0.9428501148013372,0.7969085126299594,VIP Cosmetics Enthusiasts ✨,Need Attention,255,4515.0,Gold Tier 🥇
CUST-2358,21,Female,Houston,65666.34,26,4473.0,172.04,427.0,56,0.0712,Bath & Body,356,738,1.06,3,2,1,0.8190020360500131,-2.0048329182682103,0.8190020360500131,-2.0048329182682103,0.05522350599542662,Frequent Budget Buyers 🛍️,At Risk,145,4473.0,Gold Tier 🥇
CUST-2359,26,Female,Miami,51066.01,26,4561.0,175.42,396.0,62,0.0731,Skincare,1,1092,0.71,2,1,0,1.4560498096141017,-0.40883104765162387,1.4560498096141017,-0.40883104765162387,0.5606856064154647,VIP Cosmetics Enthusiasts ✨,Loyal Customers,345,4561.0,Gold Tier 🥇
CUST-2360,42,Female,Houston,45679.72,33,5344.0,161.94,427.0,79,0.0788,Bath & Body,1,1093,0.91,2,1,0,2.706114615399745,0.7289865966117652,2.706114615399745,0.7289865966117652,0.1943081489828992,VIP Cosmetics Enthusiasts ✨,Loyal Customers,355,5344.0,Platinum Tier 💎
CUST-2361,18,Female,New York,68763.51,16,2569.0,160.56,410.0,50,0.0688,Haircare,357,735,0.65,3,2,1,-2.0992454495885586,-2.069011707968293,-2.0992454495885586,-2.069011707968293,0.27563151294983124,Frequent Budget Buyers 🛍️,Lost Customers,111,2569.0,Bronze Tier 🥉
CUST-2362,39,Female,Los Angeles,90157.05,29,4493.0,154.93,427.0,77,0.0931,Bath & Body,2,1092,0.8,2,1,0,1.3845544536354315,-0.43477001446095925,1.3845544536354315,-0.43477001446095925,0.7264182895403769,VIP Cosmetics Enthusiasts ✨,Need Attention,255,4493.0,Gold Tier 🥇
CUST-2363,38,Male,Dallas,55803.42,27,3655.0,135.37,330.0,65,0.0685,Bath & Body,1,1093,0.74,0,0,0,0.1885383195132682,0.696387258053687,0.1885383195132682,0.696387258053687,-0.6941164302568344,Occasional / New Shoppers 🌱,Loyal Customers,353,3655.0,Silver Tier 🥈
CUST-2364,33,Female,Chicago,63832.1,23,3465.0,150.65,427.0,65,0.0261,Makeup,356,738,0.93,3,2,-1,-0.659140498178884,-0.9758239803524673,-0.659140498178884,-0.9758239803524673,-2.440790806896879,Frequent Budget Buyers 🛍️,At Risk,133,3465.0,Bronze Tier 🥉
CUST-2365,30,Female,Dallas,80657.87,28,4042.0,144.36,329.0,64,0.0607,Bath & Body,2,1092,0.77,2,0,0,0.751712645025761,-0.4411639952270458,0.751712645025761,-0.4411639952270458,-1.1342498112895982,VIP Cosmetics Enthusiasts ✨,Need Attention,254,4042.0,Silver Tier 🥈
CUST-2366,37,Female,Seattle,46942.73,31,4928.0,158.97,427.0,83,0.0565,Bath & Body,1,1090,0.85,2,1,0,2.0975309065244714,0.5248822415111923,2.0975309065244714,0.5248822415111923,-0.9182597090328484,VIP Cosmetics Enthusiasts ✨,Loyal Customers,355,4928.0,Gold Tier 🥇
CUST-2367,23,Male,San Francisco,81949.99,17,2988.0,175.76,356.0,47,0.0529,Skincare,2,1090,0.47,0,0,0,-0.8785407752847542,-1.2990953189987244,-0.8785407752847542,-1.2990953189987244,-0.030400233638582373,Occasional / New Shoppers 🌱,Lost Customers,212,2988.0,Bronze Tier 🥉
CUST-2368,47,Female,Chicago,64630.55,26,3753.0,144.35,427.0,52,0.0538,Skincare,356,738,1.06,3,2,1,-0.18619679133095796,-0.23419878988550194,-0.18619679133095796,-0.23419878988550194,-1.2952097581144808,Frequent Budget Buyers 🛍️,At Risk,143,3753.0,Silver Tier 🥈
CUST-2369,39,Female,Los Angeles,79718.17,26,3228.0,124.15,296.0,59,0.0769,Haircare,2,1092,0.71,0,3,0,-0.485141487540387,0.3110280522682153,-0.485141487540387,0.3110280522682153,-0.620969812303195,Occasional / New Shoppers 🌱,Need Attention,242,3228.0,Bronze Tier 🥉
CUST-2370,21,Female,Chicago,75950.57,14,1879.0,134.21,260.0,34,0.0929,Bath & Body,2,1087,0.39,1,3,-1,-2.866270528857857,-0.7148547472010217,-2.866270528857857,-0.7148547472010217,1.118795499988735,Occasional / New Shoppers 🌱,Lost Customers,211,1879.0,Bronze Tier 🥉
CUST-2371,37,Female,New York,59003.82,22,3227.0,146.68,427.0,50,0.0568,Fragrance,1,1089,0.61,0,0,0,-0.5578093860202726,0.39729295221981575,-0.5578093860202726,0.39729295221981575,-0.67503419179315,Occasional / New Shoppers 🌱,Lost Customers,332,3227.0,Bronze Tier 🥉
CUST-2372,44,Female,Los Angeles,45593.82,21,2747.0,130.81,302.0,54,0.0405,Bath & Body,357,734,0.86,3,2,-1,-1.8022399494605246,0.28843272035875805,-1.8022399494605246,0.28843272035875805,-1.8942172257593266,Frequent Budget Buyers 🛍️,Lost Customers,121,2747.0,Bronze Tier 🥉
CUST-2373,39,Non-Binary,San Francisco,109767.23,17,2584.0,152.0,427.0,52,0.0735,Bath & Body,356,737,0.69,3,2,-1,-2.1246773245213917,-1.9088690522771445,-2.1246773245213917,-1.9088690522771445,0.18021260579631088,Frequent Budget Buyers 🛍️,Lost Customers,111,2584.0,Bronze Tier 🥉
CUST-2374,52,Female,Miami,95176.17,21,3401.0,161.95,367.0,47,0.0786,Bath & Body,356,738,0.85,3,2,-1,-0.806308590485948,-1.0487184058500423,-0.806308590485948,-1.0487184058500423,0.6213418678861149,Frequent Budget Buyers 🛍️,Lost Customers,122,3401.0,Bronze Tier 🥉
CUST-2375,53,Female,Chicago,129558.91,25,3772.0,150.88,427.0,68,0.064,Skincare,356,738,1.02,3,2,-1,-0.22629669024405485,-1.6496779721119863,-0.22629669024405485,-1.6496779721119863,-0.8570535763962193,Frequent Budget Buyers 🛍️,At Risk,143,3772.0,Silver Tier 🥈
CUST-2376,32,Female,Dallas,107090.86,19,2634.0,138.63,299.0,55,0.0605,Fragrance,2,1089,0.52,0,0,0,-1.56905743440627,-0.9326813158537818,-1.56905743440627,-0.9326813158537818,-0.8103569270561841,Occasional / New Shoppers 🌱,Need Attention,221,2634.0,Bronze Tier 🥉
CUST-2377,37,Female,Dallas,61743.53,22,3308.0,150.36,325.0,54,0.1,Bath & Body,358,736,0.9,3,2,-1,-0.9685714568869875,-0.8355375184632107,-0.9685714568869875,-0.8355375184632107,1.3789553572254019,Frequent Budget Buyers 🛍️,Lost Customers,132,3308.0,Bronze Tier 🥉
CUST-2378,50,Female,San Francisco,44271.13,28,4550.0,162.5,427.0,75,0.0911,Skincare,2,1092,0.77,2,1,0,1.4775950195481533,1.1262094010932453,1.4775950195481533,1.1262094010932453,1.248171837550313,VIP Cosmetics Enthusiasts ✨,Need Attention,255,4550.0,Gold Tier 🥇
CUST-2379,44,Female,Seattle,82532.22,24,4472.0,186.33,427.0,55,0.0771,Skincare,1,1093,0.66,2,1,0,1.3216552918025362,-0.45737243106464903,1.3216552918025362,-0.45737243106464903,1.166853608019971,VIP Cosmetics Enthusiasts ✨,Loyal Customers,345,4472.0,Gold Tier 🥇
CUST-2380,26,Non-Binary,Dallas,75962.08,23,3289.0,143.0,355.0,57,0.0674,Makeup,356,738,0.93,3,2,1,-0.9768591545245832,-1.5675134030854077,-0.9768591545245832,-1.5675134030854077,-0.6962034279887965,Frequent Budget Buyers 🛍️,Lost Customers,132,3289.0,Bronze Tier 🥉
CUST-2381,20,Female,Miami,66814.41,25,5149.0,205.96,427.0,60,0.074,Fragrance,356,738,1.02,2,1,-1,1.8080244656301017,-2.604182961605378,1.8080244656301017,-2.604182961605378,1.1278125538367842,VIP Cosmetics Enthusiasts ✨,At Risk,145,5149.0,Gold Tier 🥇
CUST-2382,20,Female,Houston,47655.0,25,3445.0,137.8,427.0,62,0.066,Fragrance,1,1093,0.69,0,0,0,-0.18712117220938773,-0.040890763552740544,-0.18712117220938773,-0.040890763552740544,-0.7373541357511976,Occasional / New Shoppers 🌱,Loyal Customers,343,3445.0,Bronze Tier 🥉
CUST-2383,18,Female,Miami,62177.22,23,2987.0,129.87,427.0,62,0.0652,Bath & Body,1,1090,0.63,0,0,0,-0.9386324789890582,-0.3840312088345828,-0.9386324789890582,-0.3840312088345828,-0.9468729636907353,Occasional / New Shoppers 🌱,Lost Customers,332,2987.0,Bronze Tier 🥉
CUST-2384,45,Female,Chicago,87129.2,23,3140.0,136.52,305.0,66,0.0674,Bath & Body,357,736,0.94,3,2,1,-1.1982685470688272,-0.8005658160688832,-1.1982685470688272,-0.8005658160688832,-0.7559661080108455,Frequent Budget Buyers 🛍️,Lost Customers,132,3140.0,Bronze Tier 🥉
CUST-2385,49,Female,Houston,82280.53,20,3087.0,154.35,427.0,41,0.0925,Fragrance,2,1089,0.55,1,3,0,-0.8155719928658203,0.2493531072367033,-0.8155719928658203,0.2493531072367033,1.4306017772762594,Occasional / New Shoppers 🌱,Need Attention,222,3087.0,Bronze Tier 🥉
CUST-2386,48,Female,Chicago,33385.04,15,2010.0,134.0,427.0,38,0.07,Fragrance,1,1088,0.41,0,0,0,-2.5743946176033186,1.7208904408480694,-2.5743946176033186,1.7208904408480694,0.379401688023139,Occasional / New Shoppers 🌱,New / Promising,311,2010.0,Bronze Tier 🥉
CUST-2387,57,Female,Dallas,78810.43,30,5189.0,172.97,427.0,80,0.0767,Makeup,1,1092,0.82,2,1,0,2.4003006209059055,0.4877901597122137,2.4003006209059055,0.4877901597122137,0.5280853608622424,VIP Cosmetics Enthusiasts ✨,Loyal Customers,355,5189.0,Platinum Tier 💎
CUST-2388,50,Female,San Francisco,66998.66,23,3177.0,138.13,380.0,49,0.0826,Makeup,2,1092,0.63,1,3,0,-0.6390584080482664,0.9398377350432886,-0.6390584080482664,0.9398377350432886,0.40295328278192677,Occasional / New Shoppers 🌱,Need Attention,232,3177.0,Bronze Tier 🥉
CUST-2389,27,Female,New York,63981.21,20,3574.0,178.7,427.0,53,0.0775,Skincare,1,1093,0.55,1,0,0,-0.005499936821612565,-0.7331031428880543,-0.005499936821612565,-0.7331031428880543,1.214117780891107,Occasional / New Shoppers 🌱,Potential Loyalists,323,3574.0,Bronze Tier 🥉
CUST-2390,23,Female,Dallas,53985.3,25,4461.0,178.44,412.0,67,0.06,Makeup,1,1092,0.69,2,1,0,1.3139031858599088,-0.6575165042794715,1.3139031858599088,-0.6575165042794715,0.005823954055540753,VIP Cosmetics Enthusiasts ✨,Loyal Customers,345,4461.0,Gold Tier 🥇
CUST-2391,39,Male,Houston,56134.15,27,4117.0,152.48,396.0,64,0.0833,Haircare,1,1093,0.74,2,1,0,0.8340714011326765,0.4532360957364813,0.8340714011326765,0.4532360957364813,0.49953603226103094,VIP Cosmetics Enthusiasts ✨,Loyal Customers,354,4117.0,Silver Tier 🥈
CUST-2392,59,Female,Chicago,90886.84,26,4163.0,160.12,427.0,58,0.0865,Haircare,2,1092,0.71,1,3,0,0.8697806049660222,0.468325819806664,0.8697806049660222,0.468325819806664,0.9108780442876593,Occasional / New Shoppers 🌱,Need Attention,244,4163.0,Silver Tier 🥈
CUST-2393,62,Male,San Francisco,71290.85,20,3947.0,197.35,427.0,47,0.1075,Bath & Body,2,1090,0.55,1,3,-1,0.608024883399112,0.5090511379799157,0.608024883399112,0.5090511379799157,3.47999426172407,Occasional / New Shoppers 🌱,Need Attention,224,3947.0,Silver Tier 🥈
CUST-2394,63,Female,Seattle,56202.41,25,3839.0,153.56,401.0,70,0.06,Bath & Body,2,1092,0.69,0,0,0,0.42767934580228373,1.6577163496222944,0.42767934580228373,1.6577163496222944,-0.2903427199828799,Occasional / New Shoppers 🌱,Need Attention,243,3839.0,Silver Tier 🥈
CUST-2395,39,Female,Dallas,52963.23,17,2867.0,168.65,427.0,46,0.0559,Makeup,2,1090,0.47,0,0,0,-1.0669975997709407,0.31081302858324555,-1.0669975997709407,0.31081302858324555,0.24345120350127367,Occasional / New Shoppers 🌱,Lost Customers,211,2867.0,Bronze Tier 🥉
CUST-2396,34,Male,Dallas,70746.58,23,3499.0,152.13,427.0,55,0.0543,Skincare,1,1092,0.63,0,0,0,-0.13596524543228924,-0.11701055919961903,-0.13596524543228924,-0.11701055919961903,-0.8207692685344108,Occasional / New Shoppers 🌱,Loyal Customers,333,3499.0,Bronze Tier 🥉
CUST-2397,38,Female,San Francisco,59089.04,23,3675.0,159.78,361.0,44,0.0565,Fragrance,356,736,0.94,3,2,1,-0.3545913144043593,-0.7913231685406159,-0.3545913144043593,-0.7913231685406159,-0.6050165048746579,Frequent Budget Buyers 🛍️,At Risk,133,3675.0,Silver Tier 🥈
CUST-2398,18,Female,Dallas,86141.48,24,3958.0,164.92,427.0,69,0.05,Bath & Body,1,1091,0.66,2,0,0,0.5473341014252593,-1.47863716362889,0.5473341014252593,-1.47863716362889,-1.0048533598198515,VIP Cosmetics Enthusiasts ✨,Loyal Customers,344,3958.0,Silver Tier 🥈
CUST-2399,26,Female,Los Angeles,69109.81,27,4782.0,177.11,427.0,65,0.0722,Makeup,1,1093,0.74,2,1,0,1.769800810660828,-0.8772701829654529,1.769800810660828,-0.8772701829654529,0.38906804150008345,VIP Cosmetics Enthusiasts ✨,Loyal Customers,355,4782.0,Gold Tier 🥇
CUST-2400,24,Female,Seattle,96522.5,24,4475.0,186.46,427.0,63,0.0458,Makeup,1,1093,0.66,2,1,0,1.3262511982295389,-1.7552481957860182,1.3262511982295389,-1.7552481957860182,-0.6616903385532432,VIP Cosmetics Enthusiasts ✨,Loyal Customers,345,4475.0,Gold Tier 🥇
CUST-2401,19,Female,Los Angeles,46594.37,25,4250.0,170.0,427.0,60,0.092,Fragrance,359,735,1.02,3,2,-1,0.4760024656269059,-1.6435378181930247,0.4760024656269059,-1.6435378181930247,1.2033986036562394,Frequent Budget Buyers 🛍️,At Risk,144,4250.0,Silver Tier 🥈
CUST-2402,51,Non-Binary,San Francisco,77482.68,18,2451.0,136.17,307.0,42,0.0583,Haircare,356,738,0.73,3,2,2,-2.3372791888402324,-0.26042653451011605,-2.3372791888402324,-0.26042653451011605,-0.7725205218658422,Frequent Budget Buyers 🛍️,Lost Customers,111,2451.0,Bronze Tier 🥉
CUST-2403,20,Male,Dallas,82958.87,32,5187.0,162.09,427.0,94,0.0891,Haircare,2,1092,0.88,2,1,0,2.410984672918781,-1.3063296148925,2.410984672918781,-1.3063296148925,0.3744513073699848,VIP Cosmetics Enthusiasts ✨,Need Attention,255,5187.0,Platinum Tier 💎
CUST-2404,47,Male,Seattle,50661.04,26,3910.0,150.38,307.0,69,0.0808,Haircare,2,1091,0.71,1,3,0,0.5240075476449466,1.0173155832114893,0.5240075476449466,1.0173155832114893,0.4904311721795436,Occasional / New Shoppers 🌱,Need Attention,244,3910.0,Silver Tier 🥈
CUST-2405,42,Female,San Francisco,35262.57,31,5366.0,173.1,427.0,86,0.0758,Makeup,2,1092,0.85,2,1,-1,2.67836015972619,0.8083575697556031,2.67836015972619,0.8083575697556031,0.5269948643641318,VIP Cosmetics Enthusiasts ✨,Need Attention,255,5366.0,Platinum Tier 💎
CUST-2406,24,Female,Los Angeles,94376.26,21,2731.0,130.05,336.0,53,0.0786,Bath & Body,358,736,0.86,3,2,-1,-1.9087773390082714,-1.955264766145499,-1.9087773390082714,-1.955264766145499,-0.456302869629496,Frequent Budget Buyers 🛍️,Lost Customers,121,2731.0,Bronze Tier 🥉
CUST-2407,33,Female,Seattle,45546.27,13,1635.0,125.77,380.0,26,0.0577,Makeup,1,1093,0.36,0,0,-1,-3.2667208585598946,0.8014656887924483,-3.2667208585598946,0.8014656887924483,-0.520701282023633,Occasional / New Shoppers 🌱,New / Promising,311,1635.0,Bronze Tier 🥉
CUST-2408,38,Female,Chicago,50177.51,22,4072.0,185.09,427.0,57,0.0432,Skincare,357,737,0.9,3,2,1,0.2868727460901757,-0.9365342198160659,0.2868727460901757,-0.9365342198160659,-0.4984687014107035,Frequent Budget Buyers 🛍️,At Risk,134,4072.0,Silver Tier 🥈
CUST-2409,26,Female,Houston,59414.44,22,2832.0,128.73,427.0,53,0.0295,Haircare,1,1089,0.61,0,0,-1,-1.1646581314621154,0.14723696525984892,-1.1646581314621154,0.14723696525984892,-2.6138320329749374,Occasional / New Shoppers 🌱,Lost Customers,331,2832.0,Bronze Tier 🥉
CUST-2410,23,Male,Los Angeles,65233.1,18,2566.0,142.56,349.0,45,0.1,Haircare,1,1093,0.49,1,3,-1,-1.6885618022040847,-0.4663273898754176,-1.6885618022040847,-0.4663273898754176,1.499122548220999,Occasional / New Shoppers 🌱,New / Promising,311,2566.0,Bronze Tier 🥉
CUST-2411,60,Female,Los Angeles,103736.39,25,4081.0,163.24,427.0,60,0.042,Skincare,358,736,1.02,3,2,-1,0.26694860038040574,-0.8278393902005546,0.26694860038040574,-0.8278393902005546,-1.4341974258373063,Frequent Budget Buyers 🛍️,At Risk,144,4081.0,Silver Tier 🥈
CUST-2412,40,Female,Seattle,75892.33,26,3995.0,153.65,364.0,66,0.0808,Bath & Body,356,738,1.06,3,2,1,0.12858144487025816,-1.0416073563692296,0.12858144487025816,-1.0416073563692296,0.17523402548193567,Frequent Budget Buyers 🛍️,At Risk,144,3995.0,Silver Tier 🥈
CUST-2413,27,Female,Houston,69593.6,21,2676.0,127.43,290.0,57,0.0881,Makeup,1,1093,0.58,1,0,0,-1.4859817987859372,-0.12270697052459198,-1.4859817987859372,-0.12270697052459198,0.31576882092359376,Occasional / New Shoppers 🌱,New / Promising,321,2676.0,Bronze Tier 🥉
CUST-2414,32,Male,Seattle,26168.85,17,2830.0,166.47,341.0,51,0.0853,Fragrance,1,1092,0.47,1,3,-1,-1.1451623803860282,0.6134172400940594,-1.1451623803860282,0.6134172400940594,1.751870744395254,Occasional / New Shoppers 🌱,New / Promising,311,2830.0,Bronze Tier 🥉
CUST-2415,34,Female,San Francisco,44058.55,25,4080.0,163.2,427.0,67,0.08,Haircare,356,738,1.02,3,2,1,0.25366950480780004,-0.7037940573261979,0.25366950480780004,-0.7037940573261979,0.5759323877237083,Frequent Budget Buyers 🛍️,At Risk,144,4080.0,Silver Tier 🥈
CUST-2416,52,Female,Miami,58575.49,24,3530.0,147.08,341.0,60,0.0708,Fragrance,357,736,0.98,3,2,1,-0.566225453601741,0.08948367234433623,-0.566225453601741,0.08948367234433623,-0.1553518937571045,Frequent Budget Buyers 🛍️,At Risk,143,3530.0,Bronze Tier 🥉
CUST-2417,21,Female,San Francisco,64155.93,28,4465.0,159.46,427.0,62,0.0518,Haircare,2,1091,0.77,2,1,0,1.3538430808507558,-0.7047196902947401,1.3538430808507558,-0.7047196902947401,-1.1788650588679888,VIP Cosmetics Enthusiasts ✨,Need Attention,255,4465.0,Gold Tier 🥇
CUST-2418,33,Female,New York,99319.92,22,3161.0,143.68,302.0,48,0.0614,Bath & Body,1,1093,0.6,0,0,0,-0.6944580173605371,-0.7557137032146539,-0.6944580173605371,-0.7557137032146539,-0.7851256213073847,Occasional / New Shoppers 🌱,Lost Customers,332,3161.0,Bronze Tier 🥉
CUST-2419,38,Female,San Francisco,77182.86,25,4276.0,171.04,427.0,72,0.048,Haircare,358,736,1.02,3,2,1,0.5481312812366308,-1.3985366387584632,0.5481312812366308,-1.3985366387584632,-0.9799360518446469,Frequent Budget Buyers 🛍️,At Risk,144,4276.0,Silver Tier 🥈
CUST-2420,27,Female,Los Angeles,59511.48,28,4212.0,150.43,427.0,65,0.0786,Skincare,356,737,1.14,3,2,1,0.4895651402780561,-1.2293701221383568,0.4895651402780561,-1.2293701221383568,-0.1803909687465182,Frequent Budget Buyers 🛍️,At Risk,154,4212.0,Silver Tier 🥈
CUST-2421,42,Female,Dallas,22000.0,19,3033.0,159.63,378.0,41,0.0553,Haircare,356,738,0.77,3,2,-1,-1.3217981990719831,0.3183537880269563,-1.3217981990719831,0.3183537880269563,-0.1506931387937993,Frequent Budget Buyers 🛍️,Lost Customers,122,3033.0,Bronze Tier 🥉
CUST-2422,34,Female,New York,83359.31,25,3884.0,155.36,427.0,65,0.058,Fragrance,1,1093,0.69,2,1,0,0.45531714678763885,-0.47750366087349244,0.45531714678763885,-0.47750366087349244,-0.7587978451019052,VIP Cosmetics Enthusiasts ✨,Loyal Customers,344,3884.0,Silver Tier 🥈
CUST-2423,64,Non-Binary,Dallas,72814.47,21,3974.0,189.24,427.0,56,0.0548,Fragrance,1,1093,0.58,2,0,0,0.6564578321010646,0.7694548270678212,0.6564578321010646,0.7694548270678212,0.5635714018649745,VIP Cosmetics Enthusiasts ✨,Potential Loyalists,324,3974.0,Silver Tier 🥈
CUST-2424,49,Female,Los Angeles,71314.06,24,3478.0,144.92,427.0,56,0.0458,Bath & Body,1,1093,0.66,0,0,0,-0.13526163200924754,0.740357876482464,-0.13526163200924754,0.740357876482464,-1.3705123446406593,Occasional / New Shoppers 🌱,Loyal Customers,343,3478.0,Bronze Tier 🥉
CUST-2425,59,Non-Binary,Dallas,71267.95,21,3761.0,179.1,408.0,48,0.0667,Fragrance,356,738,0.85,3,2,-1,-0.1965627837477094,-0.34989140827201515,-0.1965627837477094,-0.34989140827201515,0.6666822357356944,Frequent Budget Buyers 🛍️,Lost Customers,123,3761.0,Silver Tier 🥈
CUST-2426,36,Female,Dallas,97822.29,22,3593.0,163.32,427.0,58,0.0841,Skincare,2,1091,0.6,1,3,0,-0.033014279740644394,-0.8992596765891313,-0.033014279740644394,-0.8992596765891313,0.8997040810180892,Occasional / New Shoppers 🌱,Need Attention,233,3593.0,Bronze Tier 🥉
CUST-2427,43,Female,Miami,84722.22,14,2139.0,152.79,427.0,34,0.0679,Skincare,356,738,0.57,3,2,2,-2.803102890497965,-1.103097740909046,-2.803102890497965,-1.103097740909046,0.30152916075993097,Frequent Budget Buyers 🛍️,Lost Customers,111,2139.0,Bronze Tier 🥉
CUST-2428,63,Female,Los Angeles,32012.02,23,3612.0,157.04,400.0,57,0.087,Makeup,356,738,0.93,3,2,-1,-0.4380388306483909,1.1182282284052563,-0.4380388306483909,1.1182282284052563,1.2345943587181765,Frequent Budget Buyers 🛍️,At Risk,133,3612.0,Silver Tier 🥈
CUST-2429,25,Male,Los Angeles,53142.85,17,2595.0,152.65,285.0,42,0.0618,Haircare,1,1093,0.47,0,0,0,-1.5726959473930882,-0.16398054509614807,-1.5726959473930882,-0.16398054509614807,-0.0031122755102988074,Occasional / New Shoppers 🌱,New / Promising,311,2595.0,Bronze Tier 🥉
CUST-2430,41,Female,San Francisco,98077.18,25,4025.0,161.0,427.0,67,0.074,Bath & Body,2,1091,0.69,1,3,0,0.6449906021630407,-0.60265749675375,0.6449906021630407,-0.60265749675375,0.17087699577417792,Occasional / New Shoppers 🌱,Need Attention,244,4025.0,Silver Tier 🥈
CUST-2431,49,Male,Houston,41269.36,19,3096.0,162.95,427.0,52,0.0632,Makeup,2,1090,0.52,0,0,0,-0.7316296134193719,1.1719970819261614,-0.7316296134193719,1.1719970819261614,0.4815329931726162,Occasional / New Shoppers 🌱,Need Attention,222,3096.0,Bronze Tier 🥉
CUST-2432,18,Male,Houston,41804.03,24,3554.0,148.08,392.0,57,0.0562,Bath & Body,1,1093,0.66,0,1,0,-0.03664379364845345,-0.14160325290272502,-0.03664379364845345,-0.14160325290272502,-0.880136830519779,Occasional / New Shoppers 🌱,Loyal Customers,343,3554.0,Bronze Tier 🥉
CUST-2433,42,Male,New York,35895.61,18,1862.0,103.44,174.0,49,0.075,Skincare,1,1092,0.49,0,0,-1,-2.8624953128082753,1.8115553227946175,-2.8624953128082753,1.8115553227946175,-0.43613599657834945,Occasional / New Shoppers 🌱,New / Promising,311,1862.0,Bronze Tier 🥉
CUST-2434,59,Female,San Francisco,38471.75,15,1977.0,131.8,329.0,34,0.0433,Bath & Body,358,734,0.61,3,2,-1,-3.1110933668434995,1.1662577806670456,-3.1110933668434995,1.1662577806670456,-1.1443622196825933,Frequent Budget Buyers 🛍️,Lost Customers,111,1977.0,Bronze Tier 🥉
CUST-2435,55,Non-Binary,Houston,45281.89,21,4077.0,194.14,427.0,47,0.0929,Haircare,2,1091,0.58,1,3,-1,0.7993681648171357,0.8673604381606895,0.7993681648171357,0.8673604381606895,2.67783832864084,Occasional / New Shoppers 🌱,Need Attention,224,4077.0,Silver Tier 🥈
CUST-2436,33,Female,Houston,78029.6,17,2438.0,143.41,427.0,35,0.0588,Makeup,2,1091,0.47,0,0,0,-1.8641021681701935,-0.24160263812658014,-1.8641021681701935,-0.24160263812658014,-0.46245921872650325,Occasional / New Shoppers 🌱,Lost Customers,211,2438.0,Bronze Tier 🥉
CUST-2437,25,Female,Miami,77790.09,21,3261.0,155.29,427.0,54,0.0452,Bath & Body,1,1093,0.58,0,0,0,-0.5173857818756195,-0.7772080222989891,-0.5173857818756195,-0.7772080222989891,-1.1803988064336728,Occasional / New Shoppers 🌱,New / Promising,322,3261.0,Bronze Tier 🥉
CUST-2438,64,Female,Dallas,62056.64,28,4063.0,145.11,379.0,79,0.0768,Fragrance,356,736,1.14,3,2,-1,0.3119197872660303,0.6371804600038365,0.3119197872660303,0.6371804600038365,-0.0883662288631087,Frequent Budget Buyers 🛍️,At Risk,154,4063.0,Silver Tier 🥈
CUST-2439,24,Female,New York,89397.75,26,3954.0,152.08,338.0,65,0.0712,Fragrance,2,1090,0.72,2,1,0,0.5515409081455775,-1.0943275809412374,0.5515409081455775,-1.0943275809412374,-0.37395669894359757,VIP Cosmetics Enthusiasts ✨,Need Attention,244,3954.0,Silver Tier 🥈
CUST-2440,21,Female,Seattle,91919.09,26,4810.0,185.0,427.0,71,0.0692,Bath & Body,1,1093,0.71,2,1,0,1.7891901497442695,-1.8042982590723071,1.7891901497442695,-1.8042982590723071,0.3375370373438658,VIP Cosmetics Enthusiasts ✨,Loyal Customers,345,4810.0,Gold Tier 🥇
CUST-2441,29,Female,New York,59309.92,20,3422.0,171.1,427.0,45,0.0675,Makeup,358,736,0.82,3,2,1,-0.7437824666591349,-1.4394172272982095,-0.7437824666591349,-1.4394172272982095,0.3627676673434829,Frequent Budget Buyers 🛍️,Lost Customers,123,3422.0,Bronze Tier 🥉
CUST-2442,46,Female,Los Angeles,61321.84,28,4538.0,162.07,427.0,72,0.0482,Bath & Body,2,1092,0.77,2,1,0,1.4817383899060517,0.5758773166617529,1.4817383899060517,0.5758773166617529,-1.0501761803667182,VIP Cosmetics Enthusiasts ✨,Need Attention,255,4538.0,Gold Tier 🥇
CUST-2443,35,Female,Dallas,68720.44,34,5819.0,171.15,404.0,86,0.0662,Skincare,1,1093,0.93,2,1,0,3.3486931841390266,-0.314493416577231,3.3486931841390266,-0.314493416577231,-0.4622678710314513,VIP Cosmetics Enthusiasts ✨,Loyal Customers,355,5819.0,Platinum Tier 💎
CUST-2444,40,Female,Chicago,66304.61,15,2568.0,171.2,427.0,41,0.0767,Fragrance,359,734,0.61,3,2,-1,-2.0271920215793915,-1.0838790500343611,-2.0271920215793915,-1.0838790500343611,1.229251402818891,Frequent Budget Buyers 🛍️,Lost Customers,111,2568.0,Bronze Tier 🥉
CUST-2445,53,Female,Los Angeles,84681.1,22,2669.0,121.32,294.0,48,0.0659,Bath & Body,1,1090,0.61,0,0,0,-1.4440759886508654,0.9298268661904815,-1.4440759886508654,0.9298268661904815,-0.8758957954046087,Occasional / New Shoppers 🌱,Lost Customers,331,2669.0,Bronze Tier 🥉
CUST-2446,49,Female,Seattle,60358.49,23,3564.0,154.96,319.0,56,0.0652,Bath & Body,356,737,0.94,3,2,1,-0.5236183276872337,-0.21420925542089023,-0.5236183276872337,-0.21420925542089023,-0.20070373104089195,Frequent Budget Buyers 🛍️,At Risk,133,3564.0,Bronze Tier 🥉
CUST-2447,45,Female,San Francisco,82812.8,32,4947.0,154.59,427.0,80,0.0875,Bath & Body,2,1090,0.88,2,1,0,2.1162368726118252,0.06429351457290595,2.1162368726118252,0.06429351457290595,0.3270846421763329,VIP Cosmetics Enthusiasts ✨,Need Attention,255,4947.0,Gold Tier 🥇
CUST-2448,50,Female,Los Angeles,81180.5,21,3961.0,188.62,427.0,55,0.0667,Bath & Body,2,1091,0.58,1,1,0,0.6072611658178139,-0.1450595156725251,0.6072611658178139,-0.1450595156725251,0.970998131672001,Occasional / New Shoppers 🌱,Need Attention,224,3961.0,Silver Tier 🥈
CUST-2449,40,Female,New York,95994.08,19,3562.0,187.47,412.0,36,0.1132,Bath & Body,1,1089,0.52,1,3,-1,-0.024416421624583583,-1.0534570510041414,-0.024416421624583583,-1.0534570510041414,3.240884847314674,Occasional / New Shoppers 🌱,Potential Loyalists,323,3562.0,Bronze Tier 🥉
CUST-2450,30,Male,Houston,60713.65,21,3181.0,151.48,277.0,53,0.0619,Haircare,2,1092,0.58,0,0,0,-0.6459339321716905,-0.07811459410341799,-0.6459339321716905,-0.07811459410341799,-0.29952605548872857,Occasional / New Shoppers 🌱,Need Attention,222,3181.0,Bronze Tier 🥉
CUST-2451,54,Female,Miami,50853.21,31,4579.0,147.71,427.0,73,0.0677,Bath & Body,2,1092,0.85,2,1,0,1.6313621401722869,1.4340783881480628,1.6313621401722869,1.4340783881480628,-0.5156581172790028,VIP Cosmetics Enthusiasts ✨,Need Attention,255,4579.0,Gold Tier 🥇
CUST-2452,39,Female,Los Angeles,69287.28,25,4073.0,162.92,427.0,69,0.06,Bath & Body,1,1093,0.69,2,1,0,0.745509631294971,-0.00010431386575127392,0.745509631294971,-0.00010431386575127392,-0.33793442755159464,VIP Cosmetics Enthusiasts ✨,Loyal Customers,344,4073.0,Silver Tier 🥈
CUST-2453,58,Female,Los Angeles,76491.83,16,2415.0,150.94,307.0,39,0.0594,Fragrance,2,1091,0.44,0,0,0,-1.8527219487536568,0.9295066182732965,-1.8527219487536568,0.9295066182732965,0.06633480981070006,Occasional / New Shoppers 🌱,Lost Customers,211,2415.0,Bronze Tier 🥉
CUST-2454,42,Female,Chicago,66456.39,20,2675.0,133.75,427.0,54,0.0575,Makeup,356,738,0.81,3,2,1,-1.9581389622192602,-0.3936787842135384,-1.9581389622192602,-0.3936787842135384,-1.0309684515421214,Frequent Budget Buyers 🛍️,Lost Customers,121,2675.0,Bronze Tier 🥉
CUST-2455,58,Male,New York,22000.0,21,3051.0,145.29,427.0,58,0.05,Bath & Body,1,1092,0.58,0,0,0,-0.7953346757845058,2.3823335502712997,-0.7953346757845058,2.3823335502712997,-0.5861384639898959,Occasional / New Shoppers 🌱,New / Promising,322,3051.0,Bronze Tier 🥉
CUST-2456,52,Female,Dallas,70477.06,20,3655.0,182.75,336.0,47,0.0925,Makeup,1,1093,0.55,1,3,0,0.1324621743645941,0.27150910779544524,0.1324621743645941,0.27150910779544524,2.2621619253121037,Occasional / New Shoppers 🌱,Potential Loyalists,323,3655.0,Silver Tier 🥈
CUST-2457,63,Non-Binary,Chicago,87881.52,18,3200.0,177.78,427.0,39,0.0528,Skincare,1,1092,0.49,0,0,-1,-0.5239865631186896,0.5224014186266123,-0.5239865631186896,0.5224014186266123,0.27729563305871247,Occasional / New Shoppers 🌱,New / Promising,312,3200.0,Bronze Tier 🥉
CUST-2458,37,Male,Seattle,41670.82,30,4023.0,134.1,427.0,77,0.0717,Haircare,2,1092,0.82,2,1,0,0.8271837114024809,1.0173569311685529,0.8271837114024809,1.0173569311685529,-0.7004455188541384,VIP Cosmetics Enthusiasts ✨,Need Attention,254,4023.0,Silver Tier 🥈
CUST-2459,46,Female,Houston,68151.83,28,4879.0,174.25,427.0,65,0.075,Fragrance,1,1092,0.77,2,1,0,1.9338527167100157,0.1835038455390775,1.9338527167100157,0.1835038455390775,0.573379889635664,VIP Cosmetics Enthusiasts ✨,Loyal Customers,355,4879.0,Gold Tier 🥇
CUST-2460,56,Female,Los Angeles,38790.98,25,4226.0,169.04,427.0,67,0.058,Bath & Body,1,1092,0.69,2,1,0,1.006534632185832,1.5072242639167222,1.006534632185832,1.5072242639167222,0.04570979419747589,VIP Cosmetics Enthusiasts ✨,Loyal Customers,344,4226.0,Silver Tier 🥈
CUST-2461,58,Female,Seattle,58739.2,27,4180.0,154.81,427.0,64,0.0667,Bath & Body,1,1093,0.74,2,1,0,0.9514920271582398,1.3242239704774665,0.9514920271582398,1.3242239704774665,-0.11691361745386308,VIP Cosmetics Enthusiasts ✨,Loyal Customers,354,4180.0,Silver Tier 🥈
CUST-2462,51,Female,Chicago,94800.34,27,4288.0,158.81,427.0,70,0.0833,Bath & Body,356,738,1.1,3,2,-1,0.5646292223037201,-1.0395639548160716,0.5646292223037201,-1.0395639548160716,0.3590478684796848,Frequent Budget Buyers 🛍️,At Risk,154,4288.0,Silver Tier 🥈
CUST-2463,55,Female,Los Angeles,60021.2,26,4472.0,172.0,427.0,71,0.075,Haircare,2,1092,0.71,2,1,0,1.3428473515472805,0.8629980071598814,1.3428473515472805,0.8629980071598814,0.7786916538748887,VIP Cosmetics Enthusiasts ✨,Need Attention,245,4472.0,Gold Tier 🥇
CUST-2464,59,Female,San Francisco,73533.09,30,4028.0,134.27,427.0,70,0.06,Bath & Body,2,1092,0.82,2,1,0,0.8415617857872287,1.344193963420475,0.8415617857872287,1.344193963420475,-1.2644236345233688,VIP Cosmetics Enthusiasts ✨,Need Attention,254,4028.0,Silver Tier 🥈
CUST-2465,42,Female,Houston,55471.37,18,3141.0,174.5,427.0,44,0.0889,Makeup,1,1093,0.49,1,3,0,-0.6534398436236943,0.2690648614646196,-0.6534398436236943,0.2690648614646196,1.9982466419279163,Occasional / New Shoppers 🌱,New / Promising,312,3141.0,Bronze Tier 🥉
CUST-2466,26,Female,Los Angeles,77501.28,29,4345.0,149.83,427.0,73,0.0397,Bath & Body,1,1091,0.8,2,0,0,1.223297526730648,-0.6119536680056775,1.223297526730648,-0.6119536680056775,-2.1336172679298397,VIP Cosmetics Enthusiasts ✨,Loyal Customers,354,4345.0,Silver Tier 🥈
CUST-2467,55,Female,San Francisco,41187.24,25,4385.0,175.4,427.0,57,0.084,Fragrance,2,1092,0.69,2,1,0,1.215751077684313,1.2610901276147073,1.215751077684313,1.2610901276147073,1.4934773636870216,VIP Cosmetics Enthusiasts ✨,Need Attention,244,4385.0,Silver Tier 🥈
CUST-2468,51,Female,Chicago,44401.33,26,3784.0,145.54,363.0,61,0.0962,Bath & Body,2,1089,0.72,1,3,0,0.3364816363478993,1.4226265365262096,0.3364816363478993,1.4226265365262096,1.2100757725410718,Occasional / New Shoppers 🌱,Need Attention,243,3784.0,Silver Tier 🥈
CUST-2469,49,Female,New York,81710.27,25,3439.0,137.56,427.0,64,0.074,Bath & Body,1,1091,0.69,1,3,0,-0.2001855907891641,0.5587733859659814,-0.2001855907891641,0.5587733859659814,-0.27144200172819716,Occasional / New Shoppers 🌱,Loyal Customers,343,3439.0,Bronze Tier 🥉
CUST-2470,30,Female,San Francisco,71125.87,21,2464.0,117.33,296.0,68,0.0476,Makeup,357,736,0.86,3,2,-1,-2.291128315421059,-0.8469924020446189,-2.291128315421059,-0.8469924020446189,-2.1578527968826604,Frequent Budget Buyers 🛍️,Lost Customers,121,2464.0,Bronze Tier 🥉
CUST-2471,41,Female,Houston,91492.91,20,2885.0,144.25,314.0,57,0.055,Makeup,1,1091,0.55,0,0,0,-1.1290168175810358,-0.16938465400779107,-1.1290168175810358,-0.16938465400779107,-0.839041621464251,Occasional / New Shoppers 🌱,New / Promising,321,2885.0,Bronze Tier 🥉
CUST-2472,62,Female,Houston,68069.33,23,3485.0,151.52,280.0,60,0.0543,Haircare,360,731,0.94,3,2,1,-0.6356899714755272,0.2998347056111831,-0.6356899714755272,0.2998347056111831,-0.7655778988609762,Frequent Budget Buyers 🛍️,At Risk,133,3485.0,Bronze Tier 🥉
CUST-2473,43,Female,Chicago,50975.32,24,3747.0,156.12,319.0,57,0.0688,Bath & Body,2,1090,0.66,0,1,0,0.2567012716667767,0.7359052814317185,0.2567012716667767,0.7359052814317185,0.13499486636025096,Occasional / New Shoppers 🌱,Need Attention,243,3747.0,Silver Tier 🥈
CUST-2474,53,Female,San Francisco,53923.76,19,3322.0,174.84,427.0,44,0.0447,Bath & Body,357,736,0.77,3,2,-1,-0.8360296183726093,-0.13051798078039287,-0.8360296183726093,-0.13051798078039287,-0.3690809521079832,Frequent Budget Buyers 🛍️,Lost Customers,122,3322.0,Bronze Tier 🥉
CUST-2475,59,Female,Houston,57931.7,25,4751.0,190.04,427.0,72,0.068,Skincare,358,735,1.02,3,2,-1,1.2618281212609446,-0.19645586365335987,1.2618281212609446,-0.19645586365335987,0.8153895287378317,Frequent Budget Buyers 🛍️,At Risk,145,4751.0,Gold Tier 🥇
CUST-2476,47,Female,Chicago,70813.68,16,2390.0,149.38,427.0,40,0.0625,Makeup,356,737,0.65,3,2,2,-2.403819244984421,-0.5000887218450077,-2.403819244984421,-0.5000887218450077,-0.08040630224662101,Frequent Budget Buyers 🛍️,Lost Customers,111,2390.0,Bronze Tier 🥉
CUST-2477,63,Female,Seattle,90298.86,19,3228.0,169.89,427.0,46,0.0632,Skincare,1,1092,0.52,1,0,0,-0.5264715780261456,0.564168818173981,-0.5264715780261456,0.564168818173981,0.5126357510483991,Occasional / New Shoppers 🌱,New / Promising,322,3228.0,Bronze Tier 🥉
CUST-2478,58,Female,Dallas,75275.73,19,2382.0,125.37,267.0,52,0.0711,Haircare,1,1092,0.52,0,0,0,-1.9611779375933664,1.3289939177159584,-1.9611779375933664,1.3289939177159584,-0.20744854428022216,Occasional / New Shoppers 🌱,New / Promising,321,2382.0,Bronze Tier 🥉
CUST-2479,22,Male,Chicago,51636.33,34,5014.0,147.47,427.0,81,0.0765,Haircare,1,1091,0.93,2,1,-1,2.3025963880936935,-0.178430609006482,2.3025963880936935,-0.178430609006482,-0.5776006081779756,VIP Cosmetics Enthusiasts ✨,Loyal Customers,355,5014.0,Gold Tier 🥇
CUST-2480,32,Female,San Francisco,52193.28,16,2261.0,141.31,427.0,37,0.0688,Makeup,358,736,0.65,3,2,1,-2.653383057258022,-0.6877216399364505,-2.653383057258022,-0.6877216399364505,-0.005578167465364096,Frequent Budget Buyers 🛍️,Lost Customers,111,2261.0,Bronze Tier 🥉
CUST-2481,34,Female,San Francisco,65549.24,24,3578.0,149.08,318.0,62,0.0583,Bath & Body,356,738,0.98,3,2,1,-0.5019420445526682,-0.9886015002395323,-0.5019420445526682,-0.9886015002395323,-0.9328800691387689,Frequent Budget Buyers 🛍️,At Risk,143,3578.0,Bronze Tier 🥉
CUST-2482,24,Female,Miami,78885.57,26,4114.0,158.23,427.0,70,0.075,Makeup,358,736,1.06,3,2,1,0.2874992443894106,-1.9803884241126293,0.2874992443894106,-1.9803884241126293,-0.16008305077953672,Frequent Budget Buyers 🛍️,At Risk,144,4114.0,Silver Tier 🥈
CUST-2483,63,Female,Dallas,56559.6,15,2197.0,146.47,304.0,36,0.0733,Haircare,2,1091,0.41,0,0,0,-2.2180179388969132,1.7111430565798076,-2.2180179388969132,1.7111430565798076,0.8740441198988884,Occasional / New Shoppers 🌱,Lost Customers,211,2197.0,Bronze Tier 🥉
CUST-2484,22,Female,Los Angeles,82076.87,19,2814.0,148.11,427.0,44,0.0658,Fragrance,1,1087,0.52,0,0,0,-1.2591136378086265,-0.9600129498568831,-1.2591136378086265,-0.9600129498568831,-0.2467910303218995,Occasional / New Shoppers 🌱,New / Promising,321,2814.0,Bronze Tier 🥉
CUST-2485,45,Female,New York,72160.54,30,4086.0,136.2,427.0,76,0.0717,Haircare,2,1092,0.82,2,1,0,0.8997886169327355,0.6330619362052095,0.8997886169327355,0.6330619362052095,-0.7456141095257846,VIP Cosmetics Enthusiasts ✨,Need Attention,254,4086.0,Silver Tier 🥈
CUST-2486,19,Female,Miami,92914.25,40,7407.0,185.18,427.0,101,0.0713,Bath & Body,1,1093,1.1,2,1,-1,5.534311934220646,-1.9423776580604823,5.534311934220646,-1.9423776580604823,-0.5363321582049887,VIP Cosmetics Enthusiasts ✨,Loyal Customers,355,7407.0,Platinum Tier 💎
CUST-2487,34,Female,Dallas,69298.58,22,3621.0,164.59,427.0,56,0.0636,Haircare,2,1091,0.6,0,0,0,0.04441609219688181,-0.2865967288920373,0.04441609219688181,-0.2865967288920373,0.04552532598487241,Occasional / New Shoppers 🌱,Need Attention,233,3621.0,Silver Tier 🥈
CUST-2488,24,Female,Dallas,54742.16,23,3495.0,151.96,295.0,53,0.0587,Fragrance,360,730,0.95,3,2,1,-0.6470949407263308,-1.2792695661759454,-0.6470949407263308,-1.2792695661759454,-0.8015696291996303,Frequent Budget Buyers 🛍️,At Risk,133,3495.0,Bronze Tier 🥉
CUST-2489,52,Female,Chicago,85167.04,23,4074.0,177.13,420.0,59,0.087,Haircare,2,1092,0.63,1,3,0,0.7240678354661534,-0.0013906832814340048,0.7240678354661534,-0.0013906832814340048,1.5510991611109228,Occasional / New Shoppers 🌱,Need Attention,234,4074.0,Silver Tier 🥈
CUST-2490,58,Female,Seattle,63558.39,28,4453.0,159.04,427.0,81,0.0732,Haircare,1,1090,0.77,2,1,0,1.3523566430187977,1.1327580510818707,1.3523566430187977,1.1327580510818707,0.22364429708810624,VIP Cosmetics Enthusiasts ✨,Loyal Customers,355,4453.0,Gold Tier 🥇
CUST-2491,33,Female,San Francisco,55962.85,25,4578.0,183.12,385.0,73,0.068,Bath & Body,1,1092,0.69,2,1,0,1.4868871769295553,-0.2905741601820588,1.4868871769295553,-0.2905741601820588,0.6082180736888655,VIP Cosmetics Enthusiasts ✨,Loyal Customers,345,4578.0,Gold Tier 🥇
CUST-2492,48,Female,San Francisco,43668.28,31,4828.0,155.74,358.0,74,0.0613,Makeup,1,1093,0.85,2,1,0,1.9709450667560011,1.1976092722901381,1.9709450667560011,1.1976092722901381,-0.642757021099082,VIP Cosmetics Enthusiasts ✨,Loyal Customers,355,4828.0,Gold Tier 🥇
CUST-2493,62,Female,Los Angeles,53343.34,18,2239.0,124.39,300.0,43,0.1083,Fragrance,2,1089,0.5,1,3,-1,-2.227467723269164,2.021306019486816,-2.227467723269164,2.021306019486816,1.8629251788945433,Occasional / New Shoppers 🌱,Lost Customers,211,2239.0,Bronze Tier 🥉
CUST-2494,47,Male,Chicago,80453.58,21,3474.0,165.43,427.0,56,0.0881,Bath & Body,1,1090,0.58,1,3,0,-0.19367899666105443,0.04083554071765794,-0.19367899666105443,0.04083554071765794,1.4216292317420505,Occasional / New Shoppers 🌱,Potential Loyalists,323,3474.0,Bronze Tier 🥉
CUST-2495,53,Female,Chicago,86527.19,22,3275.0,148.86,307.0,60,0.0523,Fragrance,1,1092,0.6,0,0,0,-0.4831288278219946,0.4914255729519165,-0.4831288278219946,0.4914255729519165,-0.8549694197264281,Occasional / New Shoppers 🌱,Lost Customers,332,3275.0,Bronze Tier 🥉
CUST-2496,23,Non-Binary,Houston,78725.61,14,1671.0,119.36,335.0,31,0.0536,Skincare,357,737,0.57,3,2,-1,-3.7525428830053564,-1.4562783840799767,-3.7525428830053564,-1.4562783840799767,-1.4343731607625518,Frequent Budget Buyers 🛍️,Lost Customers,111,1671.0,Bronze Tier 🥉
CUST-2497,58,Female,San Francisco,58564.02,33,5096.0,154.42,427.0,79,0.0636,Haircare,358,736,1.35,2,2,-1,1.8995195602129944,0.30302716568089094,1.8995195602129944,0.30302716568089094,-0.8875456620163547,VIP Cosmetics Enthusiasts ✨,At Risk,155,5096.0,Gold Tier 🥇
CUST-2498,58,Female,Houston,83878.24,21,2970.0,141.43,349.0,54,0.1024,Bath & Body,2,1092,0.58,1,3,0,-1.0098709227270297,0.8388293797423426,-1.0098709227270297,0.8388293797423426,1.5966548231612034,Occasional / New Shoppers 🌱,Need Attention,222,2970.0,Bronze Tier 🥉
CUST-2499,18,Female,Dallas,49889.83,25,3205.0,128.2,427.0,59,0.074,Makeup,1,1091,0.69,0,0,0,-0.5505874007873786,-0.06087170736278216,-0.5505874007873786,-0.06087170736278216,-0.6149348188347667,Occasional / New Shoppers 🌱,Lost Customers,342,3205.0,Bronze Tier 🥉
